{"type": "FeatureCollection", "features": [{"id": "0", "type": "Feature", "properties": {"geotechnicalSoilCode": "NBE", "geotechnicalSoilName": "niet gedefinieerd", "remarks": "1) NBE 2) Graszode ", "soilDistribution": [0.0, 0.0, 0.0, 0.0, 0.0, 0.0], "location_uid": "B61F3297 Maastricht A2 tunnel"}, "geometry": {"type": "LineString", "coordinates": [[5.7167629749141975, 50.842347614280136, 100.05102873182739], [5.7167629749141975, 50.842347614280136, 99.95102873182739]]}}, {"id": "1", "type": "Feature", "properties": {"geotechnicalSoilCode": "Lz2h1", "geotechnicalSoilName": "zwakZandigSilt", "remarks": "", "soilDistribution": [0.0, 0.0, 0.2, 0.8, 0.0, 0.0], "location_uid": "B61F3297 Maastricht A2 tunnel"}, "geometry": {"type": "LineString", "coordinates": [[5.7167629749141975, 50.842347614280136, 99.95102873182739], [5.7167629749141975, 50.842347614280136, 99.75102873182739]]}}, {"id": "2", "type": "Feature", "properties": {"geotechnicalSoilCode": "NBE", "geotechnicalSoilName": "niet gedefinieerd", "remarks": "1) NBE ", "soilDistribution": [0.0, 0.0, 0.0, 0.0, 0.0, 0.0], "location_uid": "B61F3297 Maastricht A2 tunnel"}, "geometry": {"type": "LineString", "coordinates": [[5.7167629749141975, 50.842347614280136, 99.75102873182739], [5.7167629749141975, 50.842347614280136, 99.25102873182739]]}}, {"id": "3", "type": "Feature", "properties": {"geotechnicalSoilCode": "Lz2h2", "geotechnicalSoilName": "zwakZandigSilt", "remarks": "", "soilDistribution": [0.0, 0.0, 0.2, 0.8, 0.0, 0.0], "location_uid": "B61F3297 Maastricht A2 tunnel"}, "geometry": {"type": "LineString", "coordinates": [[5.7167629749141975, 50.842347614280136, 99.25102873182739], [5.7167629749141975, 50.842347614280136, 98.40102873182738]]}}, {"id": "4", "type": "Feature", "properties": {"geotechnicalSoilCode": "Gz3s2", "geotechnicalSoilName": "siltigGrind", "remarks": "", "soilDistribution": [0.0, 0.7, 0.0, 0.3, 0.0, 0.0], "location_uid": "B61F3297 Maastricht A2 tunnel"}, "geometry": {"type": "LineString", "coordinates": [[5.7167629749141975, 50.842347614280136, 98.40102873182738], [5.7167629749141975, 50.842347614280136, 97.60102873182738]]}}, {"id": "5", "type": "Feature", "properties": {"geotechnicalSoilCode": "Lz3g1", "geotechnicalSoilName": "sterkZandigSilt", "remarks": "", "soilDistribution": [0.0, 0.0, 0.4, 0.6, 0.0, 0.0], "location_uid": "B61F3297 Maastricht A2 tunnel"}, "geometry": {"type": "LineString", "coordinates": [[5.7167629749141975, 50.842347614280136, 97.60102873182738], [5.7167629749141975, 50.842347614280136, 97.35102873182738]]}}, {"id": "6", "type": "Feature", "properties": {"geotechnicalSoilCode": "Lz3g3", "geotechnicalSoilName": "sterkZandigSilt", "remarks": "", "soilDistribution": [0.0, 0.0, 0.4, 0.6, 0.0, 0.0], "location_uid": "B61F3297 Maastricht A2 tunnel"}, "geometry": {"type": "LineString", "coordinates": [[5.7167629749141975, 50.842347614280136, 97.35102873182738], [5.7167629749141975, 50.842347614280136, 96.85102873182738]]}}, {"id": "7", "type": "Feature", "properties": {"geotechnicalSoilCode": "Lz3", "geotechnicalSoilName": "sterkZandigSilt", "remarks": "1) plaatselijk grind ", "soilDistribution": [0.0, 0.0, 0.4, 0.6, 0.0, 0.0], "location_uid": "B61F3297 Maastricht A2 tunnel"}, "geometry": {"type": "LineString", "coordinates": [[5.7167629749141975, 50.842347614280136, 96.85102873182738], [5.7167629749141975, 50.842347614280136, 92.30102873182739]]}}, {"id": "8", "type": "Feature", "properties": {"geotechnicalSoilCode": "Gz3s3", "geotechnicalSoilName": "siltigGrind", "remarks": "", "soilDistribution": [0.0, 0.7, 0.0, 0.3, 0.0, 0.0], "location_uid": "B61F3297 Maastricht A2 tunnel"}, "geometry": {"type": "LineString", "coordinates": [[5.7167629749141975, 50.842347614280136, 92.30102873182739], [5.7167629749141975, 50.842347614280136, 91.95102873182739]]}}, {"id": "9", "type": "Feature", "properties": {"geotechnicalSoilCode": "Gz2s1", "geotechnicalSoilName": "siltigGrind", "remarks": "", "soilDistribution": [0.0, 0.7, 0.0, 0.3, 0.0, 0.0], "location_uid": "B61F3297 Maastricht A2 tunnel"}, "geometry": {"type": "LineString", "coordinates": [[5.7167629749141975, 50.842347614280136, 91.95102873182739], [5.7167629749141975, 50.842347614280136, 91.75102873182738]]}}, {"id": "10", "type": "Feature", "properties": {"geotechnicalSoilCode": "Lz2h3", "geotechnicalSoilName": "zwakZandigSilt", "remarks": "1) As plaatselijke keramiekreten ", "soilDistribution": [0.0, 0.0, 0.2, 0.8, 0.0, 0.0], "location_uid": "B61F3297 Maastricht A2 tunnel"}, "geometry": {"type": "LineString", "coordinates": [[5.7167629749141975, 50.842347614280136, 91.75102873182738], [5.7167629749141975, 50.842347614280136, 91.6010287318274]]}}, {"id": "11", "type": "Feature", "properties": {"geotechnicalSoilCode": "Lkz2", "geotechnicalSoilName": "niet gedefinieerd", "remarks": "1) As ", "soilDistribution": [0.0, 0.0, 0.0, 0.0, 0.0, 0.0], "location_uid": "B61F3297 Maastricht A2 tunnel"}, "geometry": {"type": "LineString", "coordinates": [[5.7167629749141975, 50.842347614280136, 91.6010287318274], [5.7167629749141975, 50.842347614280136, 91.30102873182739]]}}, {"id": "12", "type": "Feature", "properties": {"geotechnicalSoilCode": "Lz2", "geotechnicalSoilName": "zwakZandigSilt", "remarks": "1) As ", "soilDistribution": [0.0, 0.0, 0.2, 0.8, 0.0, 0.0], "location_uid": "B61F3297 Maastricht A2 tunnel"}, "geometry": {"type": "LineString", "coordinates": [[5.7167629749141975, 50.842347614280136, 91.30102873182739], [5.7167629749141975, 50.842347614280136, 90.05102873182739]]}}, {"id": "13", "type": "Feature", "properties": {"geotechnicalSoilCode": "Lz2g1", "geotechnicalSoilName": "zwakZandigSilt", "remarks": "1) gray-brown 2) leem matig stevig ", "soilDistribution": [0.0, 0.0, 0.2, 0.8, 0.0, 0.0], "location_uid": "B61F3297 Maastricht A2 tunnel"}, "geometry": {"type": "LineString", "coordinates": [[5.7167629749141975, 50.842347614280136, 90.05102873182739], [5.7167629749141975, 50.842347614280136, 89.50102873182738]]}}, {"id": "14", "type": "Feature", "properties": {"geotechnicalSoilCode": "Lz3g3", "geotechnicalSoilName": "sterkZandigSilt", "remarks": "", "soilDistribution": [0.0, 0.0, 0.4, 0.6, 0.0, 0.0], "location_uid": "B61F3297 Maastricht A2 tunnel"}, "geometry": {"type": "LineString", "coordinates": [[5.7167629749141975, 50.842347614280136, 89.50102873182738], [5.7167629749141975, 50.842347614280136, 89.40102873182738]]}}, {"id": "15", "type": "Feature", "properties": {"geotechnicalSoilCode": "Gz2s1", "geotechnicalSoilName": "siltigGrind", "remarks": "1) Gedeeltelijk stenen ", "soilDistribution": [0.0, 0.7, 0.0, 0.3, 0.0, 0.0], "location_uid": "B61F3297 Maastricht A2 tunnel"}, "geometry": {"type": "LineString", "coordinates": [[5.7167629749141975, 50.842347614280136, 89.40102873182738], [5.7167629749141975, 50.842347614280136, 89.05102873182739]]}}, {"id": "16", "type": "Feature", "properties": {"geotechnicalSoilCode": "G", "geotechnicalSoilName": "siltigGrind", "remarks": "", "soilDistribution": [0.0, 0.7, 0.0, 0.3, 0.0, 0.0], "location_uid": "B61F3297 Maastricht A2 tunnel"}, "geometry": {"type": "LineString", "coordinates": [[5.7167629749141975, 50.842347614280136, 89.05102873182739], [5.7167629749141975, 50.842347614280136, 88.8510287318274]]}}, {"id": "17", "type": "Feature", "properties": {"geotechnicalSoilCode": "Gz2s1", "geotechnicalSoilName": "siltigGrind", "remarks": "", "soilDistribution": [0.0, 0.7, 0.0, 0.3, 0.0, 0.0], "location_uid": "B61F3297 Maastricht A2 tunnel"}, "geometry": {"type": "LineString", "coordinates": [[5.7167629749141975, 50.842347614280136, 88.8510287318274], [5.7167629749141975, 50.842347614280136, 88.45102873182739]]}}, {"id": "18", "type": "Feature", "properties": {"geotechnicalSoilCode": "Gz2s1", "geotechnicalSoilName": "siltigGrind", "remarks": "1) kalkarm 2) Leemlagen op 1195 ", "soilDistribution": [0.0, 0.7, 0.0, 0.3, 0.0, 0.0], "location_uid": "B61F3297 Maastricht A2 tunnel"}, "geometry": {"type": "LineString", "coordinates": [[5.7167629749141975, 50.842347614280136, 88.45102873182739], [5.7167629749141975, 50.842347614280136, 87.70102873182739]]}}, {"id": "19", "type": "Feature", "properties": {"geotechnicalSoilCode": "Zs1", "geotechnicalSoilName": "zwakZandigSilt", "remarks": "1) matig grof 2) kalkarm ", "soilDistribution": [0.0, 0.0, 0.2, 0.8, 0.0, 0.0], "location_uid": "B61F3297 Maastricht A2 tunnel"}, "geometry": {"type": "LineString", "coordinates": [[5.7167629749141975, 50.842347614280136, 87.70102873182739], [5.7167629749141975, 50.842347614280136, 87.50102873182738]]}}, {"id": "20", "type": "Feature", "properties": {"geotechnicalSoilCode": "Lz2", "geotechnicalSoilName": "zwakZandigSilt", "remarks": "1) gray-brown 2) leem matig stevig 3) kalkarm ", "soilDistribution": [0.0, 0.0, 0.2, 0.8, 0.0, 0.0], "location_uid": "B61F3297 Maastricht A2 tunnel"}, "geometry": {"type": "LineString", "coordinates": [[5.7167629749141975, 50.842347614280136, 87.50102873182738], [5.7167629749141975, 50.842347614280136, 87.45102873182739]]}}, {"id": "21", "type": "Feature", "properties": {"geotechnicalSoilCode": "Gz2s1", "geotechnicalSoilName": "siltigGrind", "remarks": "1) kalkarm 2) Gedeeltelijk zwak zandig plaatselijke leemlagen ", "soilDistribution": [0.0, 0.7, 0.0, 0.3, 0.0, 0.0], "location_uid": "B61F3297 Maastricht A2 tunnel"}, "geometry": {"type": "LineString", "coordinates": [[5.7167629749141975, 50.842347614280136, 87.45102873182739], [5.7167629749141975, 50.842347614280136, 85.05102873182739]]}}, {"id": "22", "type": "Feature", "properties": {"geotechnicalSoilCode": "G", "geotechnicalSoilName": "siltigGrind", "remarks": "", "soilDistribution": [0.0, 0.7, 0.0, 0.3, 0.0, 0.0], "location_uid": "B61F3297 Maastricht A2 tunnel"}, "geometry": {"type": "LineString", "coordinates": [[5.7167629749141975, 50.842347614280136, 85.05102873182739], [5.7167629749141975, 50.842347614280136, 84.7610287318274]]}}, {"id": "23", "type": "Feature", "properties": {"geotechnicalSoilCode": "Gz2s1", "geotechnicalSoilName": "siltigGrind", "remarks": "1) kalkarm 2) Gedeeltelijk stenen Plaatselijke leemlagen ", "soilDistribution": [0.0, 0.7, 0.0, 0.3, 0.0, 0.0], "location_uid": "B61F3297 Maastricht A2 tunnel"}, "geometry": {"type": "Point", "coordinates": [5.7167629749141975, 50.842347614280136, 84.7610287318274]}}, {"id": "24", "type": "Feature", "properties": {"geotechnicalSoilCode": "Gz1s1", "geotechnicalSoilName": "zwakZandigGrind", "remarks": "1) kalkarm ", "soilDistribution": [0.0, 0.8, 0.2, 0.0, 0.0, 0.0], "location_uid": "B61F3297 Maastricht A2 tunnel"}, "geometry": {"type": "Point", "coordinates": [5.7167629749141975, 50.842347614280136, 84.7610287318274]}}, {"id": "25", "type": "Feature", "properties": {"geotechnicalSoilCode": "Gz2s1", "geotechnicalSoilName": "siltigGrind", "remarks": "1) kalkarm ", "soilDistribution": [0.0, 0.7, 0.0, 0.3, 0.0, 0.0], "location_uid": "B61F3297 Maastricht A2 tunnel"}, "geometry": {"type": "Point", "coordinates": [5.7167629749141975, 50.842347614280136, 84.7610287318274]}}, {"id": "26", "type": "Feature", "properties": {"geotechnicalSoilCode": "NBE", "geotechnicalSoilName": "niet gedefinieerd", "remarks": "1) kalkarm 2) STN ", "soilDistribution": [0.0, 0.0, 0.0, 0.0, 0.0, 0.0], "location_uid": "B61F3297 Maastricht A2 tunnel"}, "geometry": {"type": "Point", "coordinates": [5.7167629749141975, 50.842347614280136, 84.7610287318274]}}, {"id": "27", "type": "Feature", "properties": {"geotechnicalSoilCode": "NBE", "geotechnicalSoilName": "niet gedefinieerd", "remarks": "1) light gray-brown 2) KAS 3) sterk gespleten ", "soilDistribution": [0.0, 0.0, 0.0, 0.0, 0.0, 0.0], "location_uid": "B61F3297 Maastricht A2 tunnel"}, "geometry": {"type": "Point", "coordinates": [5.7167629749141975, 50.842347614280136, 84.7610287318274]}}, {"id": "28", "type": "Feature", "properties": {"geotechnicalSoilCode": "NBE", "geotechnicalSoilName": "niet gedefinieerd", "remarks": "1) light gray-brown 2) KAS 3) Verweerd sterk gespleten ", "soilDistribution": [0.0, 0.0, 0.0, 0.0, 0.0, 0.0], "location_uid": "B61F3297 Maastricht A2 tunnel"}, "geometry": {"type": "Point", "coordinates": [5.7167629749141975, 50.842347614280136, 84.7610287318274]}}, {"id": "29", "type": "Feature", "properties": {"geotechnicalSoilCode": "NBE", "geotechnicalSoilName": "niet gedefinieerd", "remarks": "1) light gray-brown 2) KAS 3) Verweerd sterk gespleten lagen van grijze vuursteen ", "soilDistribution": [0.0, 0.0, 0.0, 0.0, 0.0, 0.0], "location_uid": "B61F3297 Maastricht A2 tunnel"}, "geometry": {"type": "Point", "coordinates": [5.7167629749141975, 50.842347614280136, 84.7610287318274]}}, {"id": "30", "type": "Feature", "properties": {"geotechnicalSoilCode": "NBE", "geotechnicalSoilName": "niet gedefinieerd", "remarks": "1) light gray-brown 2) KAS 3) Verweerd sterk gespleten ", "soilDistribution": [0.0, 0.0, 0.0, 0.0, 0.0, 0.0], "location_uid": "B61F3297 Maastricht A2 tunnel"}, "geometry": {"type": "Point", "coordinates": [5.7167629749141975, 50.842347614280136, 84.7610287318274]}}, {"id": "31", "type": "Feature", "properties": {"geotechnicalSoilCode": "NBE", "geotechnicalSoilName": "niet gedefinieerd", "remarks": "1) light gray-brown 2) KAS 3) Verweerd sterk gespleten lagen van grijze vuursteen ", "soilDistribution": [0.0, 0.0, 0.0, 0.0, 0.0, 0.0], "location_uid": "B61F3297 Maastricht A2 tunnel"}, "geometry": {"type": "Point", "coordinates": [5.7167629749141975, 50.842347614280136, 84.7610287318274]}}, {"id": "32", "type": "Feature", "properties": {"geotechnicalSoilCode": "NBE", "geotechnicalSoilName": "niet gedefinieerd", "remarks": "1) light gray-brown 2) KAS 3) Verweerd sterk gespleten ", "soilDistribution": [0.0, 0.0, 0.0, 0.0, 0.0, 0.0], "location_uid": "B61F3297 Maastricht A2 tunnel"}, "geometry": {"type": "Point", "coordinates": [5.7167629749141975, 50.842347614280136, 84.7610287318274]}}, {"id": "33", "type": "Feature", "properties": {"geotechnicalSoilCode": "NBE", "geotechnicalSoilName": "niet gedefinieerd", "remarks": "1) light gray-brown 2) KAS 3) Verweerd sterk gespleten lagen van grijze vuursteen ", "soilDistribution": [0.0, 0.0, 0.0, 0.0, 0.0, 0.0], "location_uid": "B61F3297 Maastricht A2 tunnel"}, "geometry": {"type": "Point", "coordinates": [5.7167629749141975, 50.842347614280136, 84.7610287318274]}}, {"id": "34", "type": "Feature", "properties": {"geotechnicalSoilCode": "NBE", "geotechnicalSoilName": "niet gedefinieerd", "remarks": "1) light gray-brown 2) KAS 3) Verweerd sterk gespleten ", "soilDistribution": [0.0, 0.0, 0.0, 0.0, 0.0, 0.0], "location_uid": "B61F3297 Maastricht A2 tunnel"}, "geometry": {"type": "Point", "coordinates": [5.7167629749141975, 50.842347614280136, 84.7610287318274]}}, {"id": "35", "type": "Feature", "properties": {"geotechnicalSoilCode": "NBE", "geotechnicalSoilName": "niet gedefinieerd", "remarks": "1) light gray-brown 2) KAS 3) Verweerd sterk gespleten lagen van grijze vuursteen ", "soilDistribution": [0.0, 0.0, 0.0, 0.0, 0.0, 0.0], "location_uid": "B61F3297 Maastricht A2 tunnel"}, "geometry": {"type": "Point", "coordinates": [5.7167629749141975, 50.842347614280136, 84.7610287318274]}}, {"id": "36", "type": "Feature", "properties": {"geotechnicalSoilCode": "NBE", "geotechnicalSoilName": "niet gedefinieerd", "remarks": "1) light gray-brown 2) KAS 3) Verweerd sterk gespleten ", "soilDistribution": [0.0, 0.0, 0.0, 0.0, 0.0, 0.0], "location_uid": "B61F3297 Maastricht A2 tunnel"}, "geometry": {"type": "Point", "coordinates": [5.7167629749141975, 50.842347614280136, 84.7610287318274]}}, {"id": "37", "type": "Feature", "properties": {"geotechnicalSoilCode": "NBE", "geotechnicalSoilName": "niet gedefinieerd", "remarks": "1) light gray 2) KAS 3) Verweerd sterk gespleten met harde zones ", "soilDistribution": [0.0, 0.0, 0.0, 0.0, 0.0, 0.0], "location_uid": "B61F3297 Maastricht A2 tunnel"}, "geometry": {"type": "Point", "coordinates": [5.7167629749141975, 50.842347614280136, 84.7610287318274]}}, {"id": "38", "type": "Feature", "properties": {"geotechnicalSoilCode": "NBE", "geotechnicalSoilName": "niet gedefinieerd", "remarks": "1) light gray 2) KAS 3) Verweerd sterk gespleten met harde zones lagen van grijze vuursteen ", "soilDistribution": [0.0, 0.0, 0.0, 0.0, 0.0, 0.0], "location_uid": "B61F3297 Maastricht A2 tunnel"}, "geometry": {"type": "Point", "coordinates": [5.7167629749141975, 50.842347614280136, 84.7610287318274]}}, {"id": "39", "type": "Feature", "properties": {"geotechnicalSoilCode": "NBE", "geotechnicalSoilName": "niet gedefinieerd", "remarks": "1) light gray 2) KAS 3) Verweerd sterk gespleten met harde zones lagen van grijze vuursteen op 2250m ", "soilDistribution": [0.0, 0.0, 0.0, 0.0, 0.0, 0.0], "location_uid": "B61F3297 Maastricht A2 tunnel"}, "geometry": {"type": "Point", "coordinates": [5.7167629749141975, 50.842347614280136, 84.7610287318274]}}, {"id": "40", "type": "Feature", "properties": {"geotechnicalSoilCode": "NBE", "geotechnicalSoilName": "niet gedefinieerd", "remarks": "1) light gray 2) KAS 3) Verweerd sterk gespleten met harde zones lagen van grijze vuursteen ", "soilDistribution": [0.0, 0.0, 0.0, 0.0, 0.0, 0.0], "location_uid": "B61F3297 Maastricht A2 tunnel"}, "geometry": {"type": "Point", "coordinates": [5.7167629749141975, 50.842347614280136, 84.7610287318274]}}, {"id": "41", "type": "Feature", "properties": {"geotechnicalSoilCode": "NBE", "geotechnicalSoilName": "niet gedefinieerd", "remarks": "1) light gray 2) KAS 3) Verweerd sterk gespleten met harde zones lagen van grijze vuursteen op 2420m ", "soilDistribution": [0.0, 0.0, 0.0, 0.0, 0.0, 0.0], "location_uid": "B61F3297 Maastricht A2 tunnel"}, "geometry": {"type": "Point", "coordinates": [5.7167629749141975, 50.842347614280136, 84.7610287318274]}}, {"id": "42", "type": "Feature", "properties": {"geotechnicalSoilCode": "NBE", "geotechnicalSoilName": "niet gedefinieerd", "remarks": "1) light gray 2) KAS 3) Verweerd sterk gespleten met harde zones lagen van grijze vuursteen ", "soilDistribution": [0.0, 0.0, 0.0, 0.0, 0.0, 0.0], "location_uid": "B61F3297 Maastricht A2 tunnel"}, "geometry": {"type": "Point", "coordinates": [5.7167629749141975, 50.842347614280136, 84.7610287318274]}}, {"id": "43", "type": "Feature", "properties": {"geotechnicalSoilCode": "NBE", "geotechnicalSoilName": "niet gedefinieerd", "remarks": "1) light gray 2) KAS 3) Verweerd sterk gespleten met harde zones ", "soilDistribution": [0.0, 0.0, 0.0, 0.0, 0.0, 0.0], "location_uid": "B61F3297 Maastricht A2 tunnel"}, "geometry": {"type": "Point", "coordinates": [5.7167629749141975, 50.842347614280136, 84.7610287318274]}}, {"id": "44", "type": "Feature", "properties": {"geotechnicalSoilCode": "NBE", "geotechnicalSoilName": "niet gedefinieerd", "remarks": "1) light gray 2) KAS 3) Verweerd sterk gespleten met harde zones lagen van grijze vuursteen ", "soilDistribution": [0.0, 0.0, 0.0, 0.0, 0.0, 0.0], "location_uid": "B61F3297 Maastricht A2 tunnel"}, "geometry": {"type": "Point", "coordinates": [5.7167629749141975, 50.842347614280136, 84.7610287318274]}}, {"id": "45", "type": "Feature", "properties": {"geotechnicalSoilCode": "NBE", "geotechnicalSoilName": "niet gedefinieerd", "remarks": "1) light gray 2) KAS 3) Verweerd sterk gespleten met harde zones lagen van grijze vuursteen op 2575 ", "soilDistribution": [0.0, 0.0, 0.0, 0.0, 0.0, 0.0], "location_uid": "B61F3297 Maastricht A2 tunnel"}, "geometry": {"type": "Point", "coordinates": [5.7167629749141975, 50.842347614280136, 84.7610287318274]}}, {"id": "46", "type": "Feature", "properties": {"geotechnicalSoilCode": "NBE", "geotechnicalSoilName": "niet gedefinieerd", "remarks": "1) light gray 2) KAS 3) Verweerd sterk gespleten met harde zones lagen van grijze vuursteen ", "soilDistribution": [0.0, 0.0, 0.0, 0.0, 0.0, 0.0], "location_uid": "B61F3297 Maastricht A2 tunnel"}, "geometry": {"type": "Point", "coordinates": [5.7167629749141975, 50.842347614280136, 84.7610287318274]}}, {"id": "47", "type": "Feature", "properties": {"geotechnicalSoilCode": "NBE", "geotechnicalSoilName": "niet gedefinieerd", "remarks": "1) light gray 2) KAS 3) Verweerd sterk gespleten met harde zones ", "soilDistribution": [0.0, 0.0, 0.0, 0.0, 0.0, 0.0], "location_uid": "B61F3297 Maastricht A2 tunnel"}, "geometry": {"type": "Point", "coordinates": [5.7167629749141975, 50.842347614280136, 84.7610287318274]}}, {"id": "48", "type": "Feature", "properties": {"geotechnicalSoilCode": "NBE", "geotechnicalSoilName": "niet gedefinieerd", "remarks": "1) light gray 2) KAS 3) Verweerd sterk gespleten met harde zones lagen van grijze vuursteen ", "soilDistribution": [0.0, 0.0, 0.0, 0.0, 0.0, 0.0], "location_uid": "B61F3297 Maastricht A2 tunnel"}, "geometry": {"type": "Point", "coordinates": [5.7167629749141975, 50.842347614280136, 84.7610287318274]}}, {"id": "49", "type": "Feature", "properties": {"geotechnicalSoilCode": "NBE", "geotechnicalSoilName": "niet gedefinieerd", "remarks": "1) light gray 2) KAS 3) Verweerd sterk gespleten met harde zones ", "soilDistribution": [0.0, 0.0, 0.0, 0.0, 0.0, 0.0], "location_uid": "B61F3297 Maastricht A2 tunnel"}, "geometry": {"type": "Point", "coordinates": [5.7167629749141975, 50.842347614280136, 84.7610287318274]}}, {"id": "50", "type": "Feature", "properties": {"geotechnicalSoilCode": "NBE", "geotechnicalSoilName": "niet gedefinieerd", "remarks": "1) light gray 2) KAS 3) Verweerd sterk gespleten met harde zones lagen van grijze vuursteen ", "soilDistribution": [0.0, 0.0, 0.0, 0.0, 0.0, 0.0], "location_uid": "B61F3297 Maastricht A2 tunnel"}, "geometry": {"type": "Point", "coordinates": [5.7167629749141975, 50.842347614280136, 84.7610287318274]}}, {"id": "51", "type": "Feature", "properties": {"geotechnicalSoilCode": "NBE", "geotechnicalSoilName": "niet gedefinieerd", "remarks": "1) light gray 2) KAS 3) Verweerd sterk gespleten met harde zones ", "soilDistribution": [0.0, 0.0, 0.0, 0.0, 0.0, 0.0], "location_uid": "B61F3297 Maastricht A2 tunnel"}, "geometry": {"type": "Point", "coordinates": [5.7167629749141975, 50.842347614280136, 84.7610287318274]}}, {"id": "52", "type": "Feature", "properties": {"geotechnicalSoilCode": "NBE", "geotechnicalSoilName": "niet gedefinieerd", "remarks": "1) gray 2) KAS 3) sterk gespleten met plaatselijk lagen van vuursteen gedeeltelijk grijsbruin ", "soilDistribution": [0.0, 0.0, 0.0, 0.0, 0.0, 0.0], "location_uid": "B61F3297 Maastricht A2 tunnel"}, "geometry": {"type": "Point", "coordinates": [5.7167629749141975, 50.842347614280136, 84.7610287318274]}}, {"id": "53", "type": "Feature", "properties": {"geotechnicalSoilCode": "NBE", "geotechnicalSoilName": "niet gedefinieerd", "remarks": "1) gray 2) KAS 3) sterk gespleten gedeeltelijk met groene lagen gedeeltelijk grijsbruin lagen van grijze vuursteen ", "soilDistribution": [0.0, 0.0, 0.0, 0.0, 0.0, 0.0], "location_uid": "B61F3297 Maastricht A2 tunnel"}, "geometry": {"type": "Point", "coordinates": [5.7167629749141975, 50.842347614280136, 84.7610287318274]}}, {"id": "54", "type": "Feature", "properties": {"geotechnicalSoilCode": "NBE", "geotechnicalSoilName": "niet gedefinieerd", "remarks": "1) gray 2) KAS 3) sterk gespleten gedeeltelijk met groene lagen gedeeltelijk grijsbruin ", "soilDistribution": [0.0, 0.0, 0.0, 0.0, 0.0, 0.0], "location_uid": "B61F3297 Maastricht A2 tunnel"}, "geometry": {"type": "Point", "coordinates": [5.7167629749141975, 50.842347614280136, 84.7610287318274]}}, {"id": "55", "type": "Feature", "properties": {"geotechnicalSoilCode": "NBE", "geotechnicalSoilName": "niet gedefinieerd", "remarks": "1) gray 2) KAS 3) sterk gespleten gedeeltelijk met groene lagen gedeeltelijk grijsbruin lagen van grijze vuursteen ", "soilDistribution": [0.0, 0.0, 0.0, 0.0, 0.0, 0.0], "location_uid": "B61F3297 Maastricht A2 tunnel"}, "geometry": {"type": "Point", "coordinates": [5.7167629749141975, 50.842347614280136, 84.7610287318274]}}, {"id": "56", "type": "Feature", "properties": {"geotechnicalSoilCode": "NBE", "geotechnicalSoilName": "niet gedefinieerd", "remarks": "1) gray 2) KAS 3) sterk gespleten gedeeltelijk met groene lagen gedeeltelijk grijsbruin ", "soilDistribution": [0.0, 0.0, 0.0, 0.0, 0.0, 0.0], "location_uid": "B61F3297 Maastricht A2 tunnel"}, "geometry": {"type": "Point", "coordinates": [5.7167629749141975, 50.842347614280136, 84.7610287318274]}}, {"id": "57", "type": "Feature", "properties": {"geotechnicalSoilCode": "NBE", "geotechnicalSoilName": "niet gedefinieerd", "remarks": "1) gray 2) KAS 3) sterk gespleten gedeeltelijk met groene lagen gedeeltelijk grijsbruin lagen van grijze vuursteen ", "soilDistribution": [0.0, 0.0, 0.0, 0.0, 0.0, 0.0], "location_uid": "B61F3297 Maastricht A2 tunnel"}, "geometry": {"type": "Point", "coordinates": [5.7167629749141975, 50.842347614280136, 84.7610287318274]}}, {"id": "58", "type": "Feature", "properties": {"geotechnicalSoilCode": "NBE", "geotechnicalSoilName": "niet gedefinieerd", "remarks": "1) gray 2) KAS 3) sterk gespleten gedeeltelijk met groene lagen gedeeltelijk grijsbruin ", "soilDistribution": [0.0, 0.0, 0.0, 0.0, 0.0, 0.0], "location_uid": "B61F3297 Maastricht A2 tunnel"}, "geometry": {"type": "Point", "coordinates": [5.7167629749141975, 50.842347614280136, 84.7610287318274]}}, {"id": "59", "type": "Feature", "properties": {"geotechnicalSoilCode": "NBE", "geotechnicalSoilName": "niet gedefinieerd", "remarks": "1) light gray 2) KAS 3) sterk gespleten ", "soilDistribution": [0.0, 0.0, 0.0, 0.0, 0.0, 0.0], "location_uid": "B61F3297 Maastricht A2 tunnel"}, "geometry": {"type": "Point", "coordinates": [5.7167629749141975, 50.842347614280136, 84.7610287318274]}}, {"id": "60", "type": "Feature", "properties": {"geotechnicalSoilCode": "NBE", "geotechnicalSoilName": "niet gedefinieerd", "remarks": "1) light gray 2) KAS 3) sterk gespleten lagen van zwarte vuursteen ", "soilDistribution": [0.0, 0.0, 0.0, 0.0, 0.0, 0.0], "location_uid": "B61F3297 Maastricht A2 tunnel"}, "geometry": {"type": "Point", "coordinates": [5.7167629749141975, 50.842347614280136, 84.7610287318274]}}, {"id": "61", "type": "Feature", "properties": {"geotechnicalSoilCode": "NBE", "geotechnicalSoilName": "niet gedefinieerd", "remarks": "1) light gray 2) KAS 3) sterk gespleten ", "soilDistribution": [0.0, 0.0, 0.0, 0.0, 0.0, 0.0], "location_uid": "B61F3297 Maastricht A2 tunnel"}, "geometry": {"type": "Point", "coordinates": [5.7167629749141975, 50.842347614280136, 84.7610287318274]}}, {"id": "62", "type": "Feature", "properties": {"geotechnicalSoilCode": "NBE", "geotechnicalSoilName": "niet gedefinieerd", "remarks": "1) light gray 2) KAS 3) sterk gespleten lagen van zwarte vuursteen ", "soilDistribution": [0.0, 0.0, 0.0, 0.0, 0.0, 0.0], "location_uid": "B61F3297 Maastricht A2 tunnel"}, "geometry": {"type": "Point", "coordinates": [5.7167629749141975, 50.842347614280136, 84.7610287318274]}}, {"id": "63", "type": "Feature", "properties": {"geotechnicalSoilCode": "NBE", "geotechnicalSoilName": "niet gedefinieerd", "remarks": "1) light gray 2) KAS 3) sterk gespleten ", "soilDistribution": [0.0, 0.0, 0.0, 0.0, 0.0, 0.0], "location_uid": "B61F3297 Maastricht A2 tunnel"}, "geometry": {"type": "Point", "coordinates": [5.7167629749141975, 50.842347614280136, 84.7610287318274]}}, {"id": "64", "type": "Feature", "properties": {"geotechnicalSoilCode": "NBE", "geotechnicalSoilName": "niet gedefinieerd", "remarks": "1) light gray 2) KAS 3) sterk gespleten lagen van zwarte vuursteen ", "soilDistribution": [0.0, 0.0, 0.0, 0.0, 0.0, 0.0], "location_uid": "B61F3297 Maastricht A2 tunnel"}, "geometry": {"type": "Point", "coordinates": [5.7167629749141975, 50.842347614280136, 84.7610287318274]}}, {"id": "65", "type": "Feature", "properties": {"geotechnicalSoilCode": "NBE", "geotechnicalSoilName": "niet gedefinieerd", "remarks": "1) light gray 2) KAS 3) sterk gespleten ", "soilDistribution": [0.0, 0.0, 0.0, 0.0, 0.0, 0.0], "location_uid": "B61F3297 Maastricht A2 tunnel"}, "geometry": {"type": "Point", "coordinates": [5.7167629749141975, 50.842347614280136, 84.7610287318274]}}, {"id": "66", "type": "Feature", "properties": {"geotechnicalSoilCode": "NBE", "geotechnicalSoilName": "niet gedefinieerd", "remarks": "1) light gray 2) KAS 3) sterk gespleten lagen van zwarte vuursteen ", "soilDistribution": [0.0, 0.0, 0.0, 0.0, 0.0, 0.0], "location_uid": "B61F3297 Maastricht A2 tunnel"}, "geometry": {"type": "Point", "coordinates": [5.7167629749141975, 50.842347614280136, 84.7610287318274]}}, {"id": "67", "type": "Feature", "properties": {"geotechnicalSoilCode": "NBE", "geotechnicalSoilName": "niet gedefinieerd", "remarks": "1) light gray 2) KAS 3) sterk gespleten lagen van zwarte vuursteen op 3775 ", "soilDistribution": [0.0, 0.0, 0.0, 0.0, 0.0, 0.0], "location_uid": "B61F3297 Maastricht A2 tunnel"}, "geometry": {"type": "Point", "coordinates": [5.7167629749141975, 50.842347614280136, 84.7610287318274]}}, {"id": "68", "type": "Feature", "properties": {"geotechnicalSoilCode": "NBE", "geotechnicalSoilName": "niet gedefinieerd", "remarks": "1) light gray 2) KAS 3) sterk gespleten lagen van zwarte vuursteen ", "soilDistribution": [0.0, 0.0, 0.0, 0.0, 0.0, 0.0], "location_uid": "B61F3297 Maastricht A2 tunnel"}, "geometry": {"type": "Point", "coordinates": [5.7167629749141975, 50.842347614280136, 84.7610287318274]}}, {"id": "69", "type": "Feature", "properties": {"geotechnicalSoilCode": "NBE", "geotechnicalSoilName": "niet gedefinieerd", "remarks": "1) light gray 2) KAS 3) sterk gespleten ", "soilDistribution": [0.0, 0.0, 0.0, 0.0, 0.0, 0.0], "location_uid": "B61F3297 Maastricht A2 tunnel"}, "geometry": {"type": "Point", "coordinates": [5.7167629749141975, 50.842347614280136, 84.7610287318274]}}, {"id": "70", "type": "Feature", "properties": {"geotechnicalSoilCode": "NBE", "geotechnicalSoilName": "niet gedefinieerd", "remarks": "1) light gray 2) KAS 3) sterk gespleten lagen van zwarte vuursteen ", "soilDistribution": [0.0, 0.0, 0.0, 0.0, 0.0, 0.0], "location_uid": "B61F3297 Maastricht A2 tunnel"}, "geometry": {"type": "Point", "coordinates": [5.7167629749141975, 50.842347614280136, 84.7610287318274]}}, {"id": "71", "type": "Feature", "properties": {"geotechnicalSoilCode": "Kh1", "geotechnicalSoilName": "niet gedefinieerd", "remarks": "1) gray ", "soilDistribution": [0.0, 0.0, 0.0, 0.0, 0.0, 0.0], "location_uid": "B61F1425 Maastricht A2 tunnel"}, "geometry": {"type": "LineString", "coordinates": [[5.715889563549369, 50.845307455674565, 90.18173366132143], [5.715889563549369, 50.845307455674565, 88.48173366132141]]}}, {"id": "72", "type": "Feature", "properties": {"geotechnicalSoilCode": "Gz1", "geotechnicalSoilName": "zwakZandigGrind", "remarks": "1) gray 2) ZGC 3) zeer grof grind ", "soilDistribution": [0.0, 0.8, 0.2, 0.0, 0.0, 0.0], "location_uid": "B61F1425 Maastricht A2 tunnel"}, "geometry": {"type": "LineString", "coordinates": [[5.715889563549369, 50.845307455674565, 88.48173366132141], [5.715889563549369, 50.845307455674565, 82.68173366132143]]}}, {"id": "73", "type": "Feature", "properties": {"geotechnicalSoilCode": "NBE", "geotechnicalSoilName": "niet gedefinieerd", "remarks": "1) yellow 2) KAS 3) fijnkorrelig ", "soilDistribution": [0.0, 0.0, 0.0, 0.0, 0.0, 0.0], "location_uid": "B61F1425 Maastricht A2 tunnel"}, "geometry": {"type": "LineString", "coordinates": [[5.715889563549369, 50.845307455674565, 82.68173366132143], [5.715889563549369, 50.845307455674565, 81.68173366132143]]}}, {"id": "74", "type": "Feature", "properties": {"geotechnicalSoilCode": "NBE", "geotechnicalSoilName": "niet gedefinieerd", "remarks": "1) light gray 2) KAS 3) fijnkorrelig ", "soilDistribution": [0.0, 0.0, 0.0, 0.0, 0.0, 0.0], "location_uid": "B61F1425 Maastricht A2 tunnel"}, "geometry": {"type": "LineString", "coordinates": [[5.715889563549369, 50.845307455674565, 81.68173366132143], [5.715889563549369, 50.845307455674565, 79.18173366132143]]}}, {"id": "75", "type": "Feature", "properties": {"geotechnicalSoilCode": "NBE", "geotechnicalSoilName": "niet gedefinieerd", "remarks": "1) light gray 2) KAS 3) grijze vuursteen fijnkorrelig ", "soilDistribution": [0.0, 0.0, 0.0, 0.0, 0.0, 0.0], "location_uid": "B61F1425 Maastricht A2 tunnel"}, "geometry": {"type": "LineString", "coordinates": [[5.715889563549369, 50.845307455674565, 79.18173366132143], [5.715889563549369, 50.845307455674565, 75.75173366132142]]}}, {"id": "76", "type": "Feature", "properties": {"geotechnicalSoilCode": "NBE", "geotechnicalSoilName": "niet gedefinieerd", "remarks": "1) white 2) KAS 3) zwarte vuursteen fijnkorrelig ", "soilDistribution": [0.0, 0.0, 0.0, 0.0, 0.0, 0.0], "location_uid": "B61F1425 Maastricht A2 tunnel"}, "geometry": {"type": "Point", "coordinates": [5.715889563549369, 50.845307455674565, 75.75173366132142]}}, {"id": "77", "type": "Feature", "properties": {"geotechnicalSoilCode": "NBE", "geotechnicalSoilName": "niet gedefinieerd", "remarks": "1) puin ", "soilDistribution": [0.0, 0.0, 0.0, 0.0, 0.0, 0.0], "location_uid": "B61F3153 Maastricht A2 tunnel"}, "geometry": {"type": "LineString", "coordinates": [[5.712634719349737, 50.84682680403096, 94.14639586773369], [5.712634719349737, 50.84682680403096, 93.14639586773369]]}}, {"id": "78", "type": "Feature", "properties": {"geotechnicalSoilCode": "Kg", "geotechnicalSoilName": "sterkZandigeKlei", "remarks": "1) brown ", "soilDistribution": [0.0, 0.0, 0.4, 0.0, 0.6, 0.0], "location_uid": "B61F3153 Maastricht A2 tunnel"}, "geometry": {"type": "LineString", "coordinates": [[5.712634719349737, 50.84682680403096, 93.14639586773369], [5.712634719349737, 50.84682680403096, 91.2463958677337]]}}, {"id": "79", "type": "Feature", "properties": {"geotechnicalSoilCode": "G", "geotechnicalSoilName": "siltigGrind", "remarks": "1) grijze klei ", "soilDistribution": [0.0, 0.7, 0.0, 0.3, 0.0, 0.0], "location_uid": "B61F3153 Maastricht A2 tunnel"}, "geometry": {"type": "LineString", "coordinates": [[5.712634719349737, 50.84682680403096, 91.2463958677337], [5.712634719349737, 50.84682680403096, 82.14639586773369]]}}, {"id": "80", "type": "Feature", "properties": {"geotechnicalSoilCode": "NBE", "geotechnicalSoilName": "niet gedefinieerd", "remarks": "1) gray 2) matig hard 3) KAS ", "soilDistribution": [0.0, 0.0, 0.0, 0.0, 0.0, 0.0], "location_uid": "B61F3153 Maastricht A2 tunnel"}, "geometry": {"type": "LineString", "coordinates": [[5.712634719349737, 50.84682680403096, 82.14639586773369], [5.712634719349737, 50.84682680403096, 80.14639586773369]]}}, {"id": "81", "type": "Feature", "properties": {"geotechnicalSoilCode": "NBE", "geotechnicalSoilName": "niet gedefinieerd", "remarks": "1) KAS 2) lagen blauwzwart vuursteen op 1450 en 1650 cm diepte ", "soilDistribution": [0.0, 0.0, 0.0, 0.0, 0.0, 0.0], "location_uid": "B61F3153 Maastricht A2 tunnel"}, "geometry": {"type": "LineString", "coordinates": [[5.712634719349737, 50.84682680403096, 80.14639586773369], [5.712634719349737, 50.84682680403096, 72.14639586773369]]}}, {"id": "82", "type": "Feature", "properties": {"geotechnicalSoilCode": "L", "geotechnicalSoilName": "zwakZandigSilt", "remarks": "1) plaatselijk met baksteen ", "soilDistribution": [0.0, 0.0, 0.2, 0.8, 0.0, 0.0], "location_uid": "B61F1427 Maastricht A2 tunnel"}, "geometry": {"type": "LineString", "coordinates": [[5.711796976509363, 50.85695066342115, 90.0156380684968], [5.711796976509363, 50.85695066342115, 89.5156380684968]]}}, {"id": "83", "type": "Feature", "properties": {"geotechnicalSoilCode": "K", "geotechnicalSoilName": "klei", "remarks": "1) gray ", "soilDistribution": [0.0, 0.0, 0.0, 0.0, 1.0, 0.0], "location_uid": "B61F1427 Maastricht A2 tunnel"}, "geometry": {"type": "LineString", "coordinates": [[5.711796976509363, 50.85695066342115, 89.5156380684968], [5.711796976509363, 50.85695066342115, 88.1156380684968]]}}, {"id": "84", "type": "Feature", "properties": {"geotechnicalSoilCode": "Kh3", "geotechnicalSoilName": "niet gedefinieerd", "remarks": "1) dark gray-black ", "soilDistribution": [0.0, 0.0, 0.0, 0.0, 0.0, 0.0], "location_uid": "B61F1427 Maastricht A2 tunnel"}, "geometry": {"type": "LineString", "coordinates": [[5.711796976509363, 50.85695066342115, 88.1156380684968], [5.711796976509363, 50.85695066342115, 87.0156380684968]]}}, {"id": "85", "type": "Feature", "properties": {"geotechnicalSoilCode": "Gz", "geotechnicalSoilName": "zwakZandigGrind", "remarks": "1) gray 2) ZGC 3) zeer grof grind ", "soilDistribution": [0.0, 0.8, 0.2, 0.0, 0.0, 0.0], "location_uid": "B61F1427 Maastricht A2 tunnel"}, "geometry": {"type": "LineString", "coordinates": [[5.711796976509363, 50.85695066342115, 87.0156380684968], [5.711796976509363, 50.85695066342115, 83.0156380684968]]}}, {"id": "86", "type": "Feature", "properties": {"geotechnicalSoilCode": "NBE", "geotechnicalSoilName": "niet gedefinieerd", "remarks": "1) yellow 2) KAS 3) plaatselijk met fossielgruis matig grof ", "soilDistribution": [0.0, 0.0, 0.0, 0.0, 0.0, 0.0], "location_uid": "B61F1427 Maastricht A2 tunnel"}, "geometry": {"type": "LineString", "coordinates": [[5.711796976509363, 50.85695066342115, 83.0156380684968], [5.711796976509363, 50.85695066342115, 78.0156380684968]]}}, {"id": "87", "type": "Feature", "properties": {"geotechnicalSoilCode": "NBE", "geotechnicalSoilName": "niet gedefinieerd", "remarks": "1) yellow 2) KAS 3) plaatselijk met fossielgruis matig grof ", "soilDistribution": [0.0, 0.0, 0.0, 0.0, 0.0, 0.0], "location_uid": "B61F1427 Maastricht A2 tunnel"}, "geometry": {"type": "LineString", "coordinates": [[5.711796976509363, 50.85695066342115, 78.0156380684968], [5.711796976509363, 50.85695066342115, 77.0156380684968]]}}, {"id": "88", "type": "Feature", "properties": {"geotechnicalSoilCode": "NBE", "geotechnicalSoilName": "niet gedefinieerd", "remarks": "1) yellow 2) KAS 3) matig grof plaatselijk met fossielgruis ", "soilDistribution": [0.0, 0.0, 0.0, 0.0, 0.0, 0.0], "location_uid": "B61F1427 Maastricht A2 tunnel"}, "geometry": {"type": "LineString", "coordinates": [[5.711796976509363, 50.85695066342115, 77.0156380684968], [5.711796976509363, 50.85695066342115, 75.71563806849682]]}}, {"id": "89", "type": "Feature", "properties": {"geotechnicalSoilCode": "NBE", "geotechnicalSoilName": "niet gedefinieerd", "remarks": "1) puin ", "soilDistribution": [0.0, 0.0, 0.0, 0.0, 0.0, 0.0], "location_uid": "B61F3155 Maastricht A2 tunnel"}, "geometry": {"type": "LineString", "coordinates": [[5.712437334610796, 50.84702511581836, 94.14574744214575], [5.712437334610796, 50.84702511581836, 93.14574744214575]]}}, {"id": "90", "type": "Feature", "properties": {"geotechnicalSoilCode": "Kg", "geotechnicalSoilName": "sterkZandigeKlei", "remarks": "1) brown ", "soilDistribution": [0.0, 0.0, 0.4, 0.0, 0.6, 0.0], "location_uid": "B61F3155 Maastricht A2 tunnel"}, "geometry": {"type": "LineString", "coordinates": [[5.712437334610796, 50.84702511581836, 93.14574744214575], [5.712437334610796, 50.84702511581836, 91.64574744214575]]}}, {"id": "91", "type": "Feature", "properties": {"geotechnicalSoilCode": "G", "geotechnicalSoilName": "siltigGrind", "remarks": "1) grijze klei ", "soilDistribution": [0.0, 0.7, 0.0, 0.3, 0.0, 0.0], "location_uid": "B61F3155 Maastricht A2 tunnel"}, "geometry": {"type": "LineString", "coordinates": [[5.712437334610796, 50.84702511581836, 91.64574744214575], [5.712437334610796, 50.84702511581836, 82.14574744214575]]}}, {"id": "92", "type": "Feature", "properties": {"geotechnicalSoilCode": "NBE", "geotechnicalSoilName": "niet gedefinieerd", "remarks": "1) gray 2) matig hard 3) KAS ", "soilDistribution": [0.0, 0.0, 0.0, 0.0, 0.0, 0.0], "location_uid": "B61F3155 Maastricht A2 tunnel"}, "geometry": {"type": "LineString", "coordinates": [[5.712437334610796, 50.84702511581836, 82.14574744214575], [5.712437334610796, 50.84702511581836, 80.64574744214575]]}}, {"id": "93", "type": "Feature", "properties": {"geotechnicalSoilCode": "NBE", "geotechnicalSoilName": "niet gedefinieerd", "remarks": "1) KAS 2) lagen blauzwarte vuursteen op 1400 en 1600 cm diepte ", "soilDistribution": [0.0, 0.0, 0.0, 0.0, 0.0, 0.0], "location_uid": "B61F3155 Maastricht A2 tunnel"}, "geometry": {"type": "LineString", "coordinates": [[5.712437334610796, 50.84702511581836, 80.64574744214575], [5.712437334610796, 50.84702511581836, 72.14574744214575]]}}, {"id": "94", "type": "Feature", "properties": {"geotechnicalSoilCode": "G", "geotechnicalSoilName": "siltigGrind", "remarks": "", "soilDistribution": [0.0, 0.7, 0.0, 0.3, 0.0, 0.0], "location_uid": "B61F3171 Maastricht A2 tunnel"}, "geometry": {"type": "Point", "coordinates": [5.710392733301205, 50.85312532784368, 80.72684881420898]}}, {"id": "95", "type": "Feature", "properties": {"geotechnicalSoilCode": "NBE", "geotechnicalSoilName": "niet gedefinieerd", "remarks": "1) yellow-gray 2) KAS ", "soilDistribution": [0.0, 0.0, 0.0, 0.0, 0.0, 0.0], "location_uid": "B61F3171 Maastricht A2 tunnel"}, "geometry": {"type": "Point", "coordinates": [5.710392733301205, 50.85312532784368, 80.72684881420898]}}, {"id": "96", "type": "Feature", "properties": {"geotechnicalSoilCode": "NBE", "geotechnicalSoilName": "niet gedefinieerd", "remarks": "1) NBE ", "soilDistribution": [0.0, 0.0, 0.0, 0.0, 0.0, 0.0], "location_uid": "B61F3171 Maastricht A2 tunnel"}, "geometry": {"type": "Point", "coordinates": [5.710392733301205, 50.85312532784368, 80.72684881420898]}}, {"id": "97", "type": "Feature", "properties": {"geotechnicalSoilCode": "NBE", "geotechnicalSoilName": "niet gedefinieerd", "remarks": "1) GM ", "soilDistribution": [0.0, 0.0, 0.0, 0.0, 0.0, 0.0], "location_uid": "B61F3171 Maastricht A2 tunnel"}, "geometry": {"type": "Point", "coordinates": [5.710392733301205, 50.85312532784368, 80.72684881420898]}}, {"id": "98", "type": "Feature", "properties": {"geotechnicalSoilCode": "NBE", "geotechnicalSoilName": "niet gedefinieerd", "remarks": "1) yellow-white 2) zacht 3) KAS ", "soilDistribution": [0.0, 0.0, 0.0, 0.0, 0.0, 0.0], "location_uid": "B61F3171 Maastricht A2 tunnel"}, "geometry": {"type": "Point", "coordinates": [5.710392733301205, 50.85312532784368, 80.72684881420898]}}, {"id": "99", "type": "Feature", "properties": {"geotechnicalSoilCode": "NBE", "geotechnicalSoilName": "niet gedefinieerd", "remarks": "1) GM ", "soilDistribution": [0.0, 0.0, 0.0, 0.0, 0.0, 0.0], "location_uid": "B61F3171 Maastricht A2 tunnel"}, "geometry": {"type": "Point", "coordinates": [5.710392733301205, 50.85312532784368, 80.72684881420898]}}, {"id": "100", "type": "Feature", "properties": {"geotechnicalSoilCode": "NBE", "geotechnicalSoilName": "niet gedefinieerd", "remarks": "1) yellow-white 2) zacht 3) spoor schelpmateriaal <1% 4) KAS 5) oester Hemipneustes ", "soilDistribution": [0.0, 0.0, 0.0, 0.0, 0.0, 0.0], "location_uid": "B61F3171 Maastricht A2 tunnel"}, "geometry": {"type": "Point", "coordinates": [5.710392733301205, 50.85312532784368, 80.72684881420898]}}, {"id": "101", "type": "Feature", "properties": {"geotechnicalSoilCode": "NBE", "geotechnicalSoilName": "niet gedefinieerd", "remarks": "1) white-yellow 2) zacht 3) KAS ", "soilDistribution": [0.0, 0.0, 0.0, 0.0, 0.0, 0.0], "location_uid": "B61F3171 Maastricht A2 tunnel"}, "geometry": {"type": "Point", "coordinates": [5.710392733301205, 50.85312532784368, 80.72684881420898]}}, {"id": "102", "type": "Feature", "properties": {"geotechnicalSoilCode": "NBE", "geotechnicalSoilName": "niet gedefinieerd", "remarks": "1) white-yellow 2) matig hard 3) spoor schelpmateriaal <1% 4) KAS ", "soilDistribution": [0.0, 0.0, 0.0, 0.0, 0.0, 0.0], "location_uid": "B61F3171 Maastricht A2 tunnel"}, "geometry": {"type": "Point", "coordinates": [5.710392733301205, 50.85312532784368, 80.72684881420898]}}, {"id": "103", "type": "Feature", "properties": {"geotechnicalSoilCode": "NBE", "geotechnicalSoilName": "niet gedefinieerd", "remarks": "1) GM ", "soilDistribution": [0.0, 0.0, 0.0, 0.0, 0.0, 0.0], "location_uid": "B61F3171 Maastricht A2 tunnel"}, "geometry": {"type": "Point", "coordinates": [5.710392733301205, 50.85312532784368, 80.72684881420898]}}, {"id": "104", "type": "Feature", "properties": {"geotechnicalSoilCode": "NBE", "geotechnicalSoilName": "niet gedefinieerd", "remarks": "1) white-yellow 2) matig hard 3) KAS ", "soilDistribution": [0.0, 0.0, 0.0, 0.0, 0.0, 0.0], "location_uid": "B61F3171 Maastricht A2 tunnel"}, "geometry": {"type": "Point", "coordinates": [5.710392733301205, 50.85312532784368, 80.72684881420898]}}, {"id": "105", "type": "Feature", "properties": {"geotechnicalSoilCode": "NBE", "geotechnicalSoilName": "niet gedefinieerd", "remarks": "1) yellow-white 2) matig hard 3) spoor schelpmateriaal <1% 4) KAS ", "soilDistribution": [0.0, 0.0, 0.0, 0.0, 0.0, 0.0], "location_uid": "B61F3171 Maastricht A2 tunnel"}, "geometry": {"type": "Point", "coordinates": [5.710392733301205, 50.85312532784368, 80.72684881420898]}}, {"id": "106", "type": "Feature", "properties": {"geotechnicalSoilCode": "NBE", "geotechnicalSoilName": "niet gedefinieerd", "remarks": "1) GM ", "soilDistribution": [0.0, 0.0, 0.0, 0.0, 0.0, 0.0], "location_uid": "B61F3171 Maastricht A2 tunnel"}, "geometry": {"type": "Point", "coordinates": [5.710392733301205, 50.85312532784368, 80.72684881420898]}}, {"id": "107", "type": "Feature", "properties": {"geotechnicalSoilCode": "NBE", "geotechnicalSoilName": "niet gedefinieerd", "remarks": "1) yellow-white 2) matig hard 3) KAS ", "soilDistribution": [0.0, 0.0, 0.0, 0.0, 0.0, 0.0], "location_uid": "B61F3171 Maastricht A2 tunnel"}, "geometry": {"type": "Point", "coordinates": [5.710392733301205, 50.85312532784368, 80.72684881420898]}}, {"id": "108", "type": "Feature", "properties": {"geotechnicalSoilCode": "NBE", "geotechnicalSoilName": "niet gedefinieerd", "remarks": "1) yellow-white 2) zacht 3) spoor schelpmateriaal <1% 4) KAS ", "soilDistribution": [0.0, 0.0, 0.0, 0.0, 0.0, 0.0], "location_uid": "B61F3171 Maastricht A2 tunnel"}, "geometry": {"type": "Point", "coordinates": [5.710392733301205, 50.85312532784368, 80.72684881420898]}}, {"id": "109", "type": "Feature", "properties": {"geotechnicalSoilCode": "NBE", "geotechnicalSoilName": "niet gedefinieerd", "remarks": "1) yellow-white 2) matig hard 3) KAS ", "soilDistribution": [0.0, 0.0, 0.0, 0.0, 0.0, 0.0], "location_uid": "B61F3171 Maastricht A2 tunnel"}, "geometry": {"type": "Point", "coordinates": [5.710392733301205, 50.85312532784368, 80.72684881420898]}}, {"id": "110", "type": "Feature", "properties": {"geotechnicalSoilCode": "NBE", "geotechnicalSoilName": "niet gedefinieerd", "remarks": "1) GM ", "soilDistribution": [0.0, 0.0, 0.0, 0.0, 0.0, 0.0], "location_uid": "B61F3171 Maastricht A2 tunnel"}, "geometry": {"type": "Point", "coordinates": [5.710392733301205, 50.85312532784368, 80.72684881420898]}}, {"id": "111", "type": "Feature", "properties": {"geotechnicalSoilCode": "NBE", "geotechnicalSoilName": "niet gedefinieerd", "remarks": "1) yellow-white 2) matig hard 3) KAS ", "soilDistribution": [0.0, 0.0, 0.0, 0.0, 0.0, 0.0], "location_uid": "B61F3171 Maastricht A2 tunnel"}, "geometry": {"type": "Point", "coordinates": [5.710392733301205, 50.85312532784368, 80.72684881420898]}}, {"id": "112", "type": "Feature", "properties": {"geotechnicalSoilCode": "NBE", "geotechnicalSoilName": "niet gedefinieerd", "remarks": "1) GM ", "soilDistribution": [0.0, 0.0, 0.0, 0.0, 0.0, 0.0], "location_uid": "B61F3171 Maastricht A2 tunnel"}, "geometry": {"type": "Point", "coordinates": [5.710392733301205, 50.85312532784368, 80.72684881420898]}}, {"id": "113", "type": "Feature", "properties": {"geotechnicalSoilCode": "NBE", "geotechnicalSoilName": "niet gedefinieerd", "remarks": "1) yellow-white 2) matig hard 3) KAS ", "soilDistribution": [0.0, 0.0, 0.0, 0.0, 0.0, 0.0], "location_uid": "B61F3171 Maastricht A2 tunnel"}, "geometry": {"type": "Point", "coordinates": [5.710392733301205, 50.85312532784368, 80.72684881420898]}}, {"id": "114", "type": "Feature", "properties": {"geotechnicalSoilCode": "NBE", "geotechnicalSoilName": "niet gedefinieerd", "remarks": "1) yellow-white 2) matig hard 3) weinig schelpmateriaal (1-10%) 4) KAS 5) pectiniden oestersserpuliden Hemipneustes ", "soilDistribution": [0.0, 0.0, 0.0, 0.0, 0.0, 0.0], "location_uid": "B61F3171 Maastricht A2 tunnel"}, "geometry": {"type": "Point", "coordinates": [5.710392733301205, 50.85312532784368, 80.72684881420898]}}, {"id": "115", "type": "Feature", "properties": {"geotechnicalSoilCode": "NBE", "geotechnicalSoilName": "niet gedefinieerd", "remarks": "1) yellow-white 2) matig hard 3) KAS ", "soilDistribution": [0.0, 0.0, 0.0, 0.0, 0.0, 0.0], "location_uid": "B61F3171 Maastricht A2 tunnel"}, "geometry": {"type": "Point", "coordinates": [5.710392733301205, 50.85312532784368, 80.72684881420898]}}, {"id": "116", "type": "Feature", "properties": {"geotechnicalSoilCode": "NBE", "geotechnicalSoilName": "niet gedefinieerd", "remarks": "1) yellow-white 2) KAS ", "soilDistribution": [0.0, 0.0, 0.0, 0.0, 0.0, 0.0], "location_uid": "B61F3171 Maastricht A2 tunnel"}, "geometry": {"type": "Point", "coordinates": [5.710392733301205, 50.85312532784368, 80.72684881420898]}}, {"id": "117", "type": "Feature", "properties": {"geotechnicalSoilCode": "NBE", "geotechnicalSoilName": "niet gedefinieerd", "remarks": "1) GM ", "soilDistribution": [0.0, 0.0, 0.0, 0.0, 0.0, 0.0], "location_uid": "B61F3171 Maastricht A2 tunnel"}, "geometry": {"type": "Point", "coordinates": [5.710392733301205, 50.85312532784368, 80.72684881420898]}}, {"id": "118", "type": "Feature", "properties": {"geotechnicalSoilCode": "NBE", "geotechnicalSoilName": "niet gedefinieerd", "remarks": "1) pink-yellow 2) KAS ", "soilDistribution": [0.0, 0.0, 0.0, 0.0, 0.0, 0.0], "location_uid": "B61F3171 Maastricht A2 tunnel"}, "geometry": {"type": "Point", "coordinates": [5.710392733301205, 50.85312532784368, 80.72684881420898]}}, {"id": "119", "type": "Feature", "properties": {"geotechnicalSoilCode": "NBE", "geotechnicalSoilName": "niet gedefinieerd", "remarks": "1) yellow-white 2) matig hard 3) spoor schelpmateriaal <1% 4) KAS ", "soilDistribution": [0.0, 0.0, 0.0, 0.0, 0.0, 0.0], "location_uid": "B61F3171 Maastricht A2 tunnel"}, "geometry": {"type": "Point", "coordinates": [5.710392733301205, 50.85312532784368, 80.72684881420898]}}, {"id": "120", "type": "Feature", "properties": {"geotechnicalSoilCode": "NBE", "geotechnicalSoilName": "niet gedefinieerd", "remarks": "1) GM ", "soilDistribution": [0.0, 0.0, 0.0, 0.0, 0.0, 0.0], "location_uid": "B61F3171 Maastricht A2 tunnel"}, "geometry": {"type": "Point", "coordinates": [5.710392733301205, 50.85312532784368, 80.72684881420898]}}, {"id": "121", "type": "Feature", "properties": {"geotechnicalSoilCode": "NBE", "geotechnicalSoilName": "niet gedefinieerd", "remarks": "1) yellow-white 2) matig hard 3) KAS ", "soilDistribution": [0.0, 0.0, 0.0, 0.0, 0.0, 0.0], "location_uid": "B61F3171 Maastricht A2 tunnel"}, "geometry": {"type": "Point", "coordinates": [5.710392733301205, 50.85312532784368, 80.72684881420898]}}, {"id": "122", "type": "Feature", "properties": {"geotechnicalSoilCode": "NBE", "geotechnicalSoilName": "niet gedefinieerd", "remarks": "1) GM ", "soilDistribution": [0.0, 0.0, 0.0, 0.0, 0.0, 0.0], "location_uid": "B61F3171 Maastricht A2 tunnel"}, "geometry": {"type": "Point", "coordinates": [5.710392733301205, 50.85312532784368, 80.72684881420898]}}, {"id": "123", "type": "Feature", "properties": {"geotechnicalSoilCode": "NBE", "geotechnicalSoilName": "niet gedefinieerd", "remarks": "1) yellow-gray 2) zacht 3) KAS 4) met veel fossielgruis ", "soilDistribution": [0.0, 0.0, 0.0, 0.0, 0.0, 0.0], "location_uid": "B61F3171 Maastricht A2 tunnel"}, "geometry": {"type": "Point", "coordinates": [5.710392733301205, 50.85312532784368, 80.72684881420898]}}, {"id": "124", "type": "Feature", "properties": {"geotechnicalSoilCode": "NBE", "geotechnicalSoilName": "niet gedefinieerd", "remarks": "1) yellow-gray 2) zacht 3) KAS 4) met veel fossielgruis ", "soilDistribution": [0.0, 0.0, 0.0, 0.0, 0.0, 0.0], "location_uid": "B61F3171 Maastricht A2 tunnel"}, "geometry": {"type": "Point", "coordinates": [5.710392733301205, 50.85312532784368, 80.72684881420898]}}, {"id": "125", "type": "Feature", "properties": {"geotechnicalSoilCode": "NBE", "geotechnicalSoilName": "niet gedefinieerd", "remarks": "1) yellow-gray 2) zacht 3) KAS 4) met veel fossielgruis ", "soilDistribution": [0.0, 0.0, 0.0, 0.0, 0.0, 0.0], "location_uid": "B61F3171 Maastricht A2 tunnel"}, "geometry": {"type": "Point", "coordinates": [5.710392733301205, 50.85312532784368, 80.72684881420898]}}, {"id": "126", "type": "Feature", "properties": {"geotechnicalSoilCode": "NBE", "geotechnicalSoilName": "niet gedefinieerd", "remarks": "1) yellow-white 2) matig hard 3) weinig schelpmateriaal (1-10%) 4) KAS ", "soilDistribution": [0.0, 0.0, 0.0, 0.0, 0.0, 0.0], "location_uid": "B61F3171 Maastricht A2 tunnel"}, "geometry": {"type": "Point", "coordinates": [5.710392733301205, 50.85312532784368, 80.72684881420898]}}, {"id": "127", "type": "Feature", "properties": {"geotechnicalSoilCode": "NBE", "geotechnicalSoilName": "niet gedefinieerd", "remarks": "1) GM ", "soilDistribution": [0.0, 0.0, 0.0, 0.0, 0.0, 0.0], "location_uid": "B61F3171 Maastricht A2 tunnel"}, "geometry": {"type": "Point", "coordinates": [5.710392733301205, 50.85312532784368, 80.72684881420898]}}, {"id": "128", "type": "Feature", "properties": {"geotechnicalSoilCode": "NBE", "geotechnicalSoilName": "niet gedefinieerd", "remarks": "1) yellow-white 2) matig hard 3) KAS ", "soilDistribution": [0.0, 0.0, 0.0, 0.0, 0.0, 0.0], "location_uid": "B61F3171 Maastricht A2 tunnel"}, "geometry": {"type": "Point", "coordinates": [5.710392733301205, 50.85312532784368, 80.72684881420898]}}, {"id": "129", "type": "Feature", "properties": {"geotechnicalSoilCode": "NBE", "geotechnicalSoilName": "niet gedefinieerd", "remarks": "1) yellow-white 2) matig hard 3) KAS ", "soilDistribution": [0.0, 0.0, 0.0, 0.0, 0.0, 0.0], "location_uid": "B61F3171 Maastricht A2 tunnel"}, "geometry": {"type": "Point", "coordinates": [5.710392733301205, 50.85312532784368, 80.72684881420898]}}, {"id": "130", "type": "Feature", "properties": {"geotechnicalSoilCode": "NBE", "geotechnicalSoilName": "niet gedefinieerd", "remarks": "1) yellow-white 2) matig hard 3) KAS ", "soilDistribution": [0.0, 0.0, 0.0, 0.0, 0.0, 0.0], "location_uid": "B61F3171 Maastricht A2 tunnel"}, "geometry": {"type": "Point", "coordinates": [5.710392733301205, 50.85312532784368, 80.72684881420898]}}, {"id": "131", "type": "Feature", "properties": {"geotechnicalSoilCode": "NBE", "geotechnicalSoilName": "niet gedefinieerd", "remarks": "1) yellow-white 2) matig hard 3) KAS ", "soilDistribution": [0.0, 0.0, 0.0, 0.0, 0.0, 0.0], "location_uid": "B61F3171 Maastricht A2 tunnel"}, "geometry": {"type": "Point", "coordinates": [5.710392733301205, 50.85312532784368, 80.72684881420898]}}, {"id": "132", "type": "Feature", "properties": {"geotechnicalSoilCode": "NBE", "geotechnicalSoilName": "niet gedefinieerd", "remarks": "1) yellow-white 2) matig hard 3) KAS ", "soilDistribution": [0.0, 0.0, 0.0, 0.0, 0.0, 0.0], "location_uid": "B61F3171 Maastricht A2 tunnel"}, "geometry": {"type": "Point", "coordinates": [5.710392733301205, 50.85312532784368, 80.72684881420898]}}, {"id": "133", "type": "Feature", "properties": {"geotechnicalSoilCode": "NBE", "geotechnicalSoilName": "niet gedefinieerd", "remarks": "1) yellow-white 2) matig hard 3) KAS ", "soilDistribution": [0.0, 0.0, 0.0, 0.0, 0.0, 0.0], "location_uid": "B61F3171 Maastricht A2 tunnel"}, "geometry": {"type": "Point", "coordinates": [5.710392733301205, 50.85312532784368, 80.72684881420898]}}, {"id": "134", "type": "Feature", "properties": {"geotechnicalSoilCode": "NBE", "geotechnicalSoilName": "niet gedefinieerd", "remarks": "1) yellow-white 2) KAS ", "soilDistribution": [0.0, 0.0, 0.0, 0.0, 0.0, 0.0], "location_uid": "B61F3171 Maastricht A2 tunnel"}, "geometry": {"type": "Point", "coordinates": [5.710392733301205, 50.85312532784368, 80.72684881420898]}}, {"id": "135", "type": "Feature", "properties": {"geotechnicalSoilCode": "NBE", "geotechnicalSoilName": "niet gedefinieerd", "remarks": "1) yellow-white 2) KAS ", "soilDistribution": [0.0, 0.0, 0.0, 0.0, 0.0, 0.0], "location_uid": "B61F3171 Maastricht A2 tunnel"}, "geometry": {"type": "Point", "coordinates": [5.710392733301205, 50.85312532784368, 80.72684881420898]}}, {"id": "136", "type": "Feature", "properties": {"geotechnicalSoilCode": "NBE", "geotechnicalSoilName": "niet gedefinieerd", "remarks": "1) yellow-white 2) KAS ", "soilDistribution": [0.0, 0.0, 0.0, 0.0, 0.0, 0.0], "location_uid": "B61F3171 Maastricht A2 tunnel"}, "geometry": {"type": "Point", "coordinates": [5.710392733301205, 50.85312532784368, 80.72684881420898]}}, {"id": "137", "type": "Feature", "properties": {"geotechnicalSoilCode": "NBE", "geotechnicalSoilName": "niet gedefinieerd", "remarks": "1) yellow-white 2) KAS ", "soilDistribution": [0.0, 0.0, 0.0, 0.0, 0.0, 0.0], "location_uid": "B61F3171 Maastricht A2 tunnel"}, "geometry": {"type": "Point", "coordinates": [5.710392733301205, 50.85312532784368, 80.72684881420898]}}, {"id": "138", "type": "Feature", "properties": {"geotechnicalSoilCode": "NBE", "geotechnicalSoilName": "niet gedefinieerd", "remarks": "1) yellow-white 2) KAS ", "soilDistribution": [0.0, 0.0, 0.0, 0.0, 0.0, 0.0], "location_uid": "B61F3171 Maastricht A2 tunnel"}, "geometry": {"type": "Point", "coordinates": [5.710392733301205, 50.85312532784368, 80.72684881420898]}}, {"id": "139", "type": "Feature", "properties": {"geotechnicalSoilCode": "NBE", "geotechnicalSoilName": "niet gedefinieerd", "remarks": "1) yellow-white 2) KAS ", "soilDistribution": [0.0, 0.0, 0.0, 0.0, 0.0, 0.0], "location_uid": "B61F3171 Maastricht A2 tunnel"}, "geometry": {"type": "Point", "coordinates": [5.710392733301205, 50.85312532784368, 80.72684881420898]}}, {"id": "140", "type": "Feature", "properties": {"geotechnicalSoilCode": "NBE", "geotechnicalSoilName": "niet gedefinieerd", "remarks": "1) yellow-white 2) KAS ", "soilDistribution": [0.0, 0.0, 0.0, 0.0, 0.0, 0.0], "location_uid": "B61F3171 Maastricht A2 tunnel"}, "geometry": {"type": "Point", "coordinates": [5.710392733301205, 50.85312532784368, 80.72684881420898]}}, {"id": "141", "type": "Feature", "properties": {"geotechnicalSoilCode": "NBE", "geotechnicalSoilName": "niet gedefinieerd", "remarks": "1) GM ", "soilDistribution": [0.0, 0.0, 0.0, 0.0, 0.0, 0.0], "location_uid": "B61F3171 Maastricht A2 tunnel"}, "geometry": {"type": "Point", "coordinates": [5.710392733301205, 50.85312532784368, 80.72684881420898]}}, {"id": "142", "type": "Feature", "properties": {"geotechnicalSoilCode": "NBE", "geotechnicalSoilName": "niet gedefinieerd", "remarks": "1) brown-gray 2) matig hard 3) spoor schelpmateriaal <1% 4) KAS ", "soilDistribution": [0.0, 0.0, 0.0, 0.0, 0.0, 0.0], "location_uid": "B61F3171 Maastricht A2 tunnel"}, "geometry": {"type": "Point", "coordinates": [5.710392733301205, 50.85312532784368, 80.72684881420898]}}, {"id": "143", "type": "Feature", "properties": {"geotechnicalSoilCode": "NBE", "geotechnicalSoilName": "niet gedefinieerd", "remarks": "1) brown-gray 2) matig hard 3) KAS ", "soilDistribution": [0.0, 0.0, 0.0, 0.0, 0.0, 0.0], "location_uid": "B61F3171 Maastricht A2 tunnel"}, "geometry": {"type": "Point", "coordinates": [5.710392733301205, 50.85312532784368, 80.72684881420898]}}, {"id": "144", "type": "Feature", "properties": {"geotechnicalSoilCode": "NBE", "geotechnicalSoilName": "niet gedefinieerd", "remarks": "1) brown-gray 2) matig hard 3) KAS ", "soilDistribution": [0.0, 0.0, 0.0, 0.0, 0.0, 0.0], "location_uid": "B61F3171 Maastricht A2 tunnel"}, "geometry": {"type": "Point", "coordinates": [5.710392733301205, 50.85312532784368, 80.72684881420898]}}, {"id": "145", "type": "Feature", "properties": {"geotechnicalSoilCode": "NBE", "geotechnicalSoilName": "niet gedefinieerd", "remarks": "1) brown-gray 2) matig hard 3) KAS ", "soilDistribution": [0.0, 0.0, 0.0, 0.0, 0.0, 0.0], "location_uid": "B61F3171 Maastricht A2 tunnel"}, "geometry": {"type": "Point", "coordinates": [5.710392733301205, 50.85312532784368, 80.72684881420898]}}, {"id": "146", "type": "Feature", "properties": {"geotechnicalSoilCode": "NBE", "geotechnicalSoilName": "niet gedefinieerd", "remarks": "1) brown-gray 2) matig hard 3) KAS ", "soilDistribution": [0.0, 0.0, 0.0, 0.0, 0.0, 0.0], "location_uid": "B61F3171 Maastricht A2 tunnel"}, "geometry": {"type": "Point", "coordinates": [5.710392733301205, 50.85312532784368, 80.72684881420898]}}, {"id": "147", "type": "Feature", "properties": {"geotechnicalSoilCode": "NBE", "geotechnicalSoilName": "niet gedefinieerd", "remarks": "1) brown-gray 2) matig hard 3) KAS ", "soilDistribution": [0.0, 0.0, 0.0, 0.0, 0.0, 0.0], "location_uid": "B61F3171 Maastricht A2 tunnel"}, "geometry": {"type": "Point", "coordinates": [5.710392733301205, 50.85312532784368, 80.72684881420898]}}, {"id": "148", "type": "Feature", "properties": {"geotechnicalSoilCode": "NBE", "geotechnicalSoilName": "niet gedefinieerd", "remarks": "1) brown-gray 2) matig hard 3) KAS ", "soilDistribution": [0.0, 0.0, 0.0, 0.0, 0.0, 0.0], "location_uid": "B61F3171 Maastricht A2 tunnel"}, "geometry": {"type": "Point", "coordinates": [5.710392733301205, 50.85312532784368, 80.72684881420898]}}, {"id": "149", "type": "Feature", "properties": {"geotechnicalSoilCode": "NBE", "geotechnicalSoilName": "niet gedefinieerd", "remarks": "1) pink-yellow 2) matig hard 3) KAS ", "soilDistribution": [0.0, 0.0, 0.0, 0.0, 0.0, 0.0], "location_uid": "B61F3171 Maastricht A2 tunnel"}, "geometry": {"type": "Point", "coordinates": [5.710392733301205, 50.85312532784368, 80.72684881420898]}}, {"id": "150", "type": "Feature", "properties": {"geotechnicalSoilCode": "NBE", "geotechnicalSoilName": "niet gedefinieerd", "remarks": "1) GM ", "soilDistribution": [0.0, 0.0, 0.0, 0.0, 0.0, 0.0], "location_uid": "B61F3171 Maastricht A2 tunnel"}, "geometry": {"type": "Point", "coordinates": [5.710392733301205, 50.85312532784368, 80.72684881420898]}}, {"id": "151", "type": "Feature", "properties": {"geotechnicalSoilCode": "NBE", "geotechnicalSoilName": "niet gedefinieerd", "remarks": "1) yellow 2) matig hard 3) KAS ", "soilDistribution": [0.0, 0.0, 0.0, 0.0, 0.0, 0.0], "location_uid": "B61F3171 Maastricht A2 tunnel"}, "geometry": {"type": "Point", "coordinates": [5.710392733301205, 50.85312532784368, 80.72684881420898]}}, {"id": "152", "type": "Feature", "properties": {"geotechnicalSoilCode": "NBE", "geotechnicalSoilName": "niet gedefinieerd", "remarks": "1) pink-yellow 2) matig hard 3) KAS 4) fragmenten kreeften ", "soilDistribution": [0.0, 0.0, 0.0, 0.0, 0.0, 0.0], "location_uid": "B61F3171 Maastricht A2 tunnel"}, "geometry": {"type": "Point", "coordinates": [5.710392733301205, 50.85312532784368, 80.72684881420898]}}, {"id": "153", "type": "Feature", "properties": {"geotechnicalSoilCode": "NBE", "geotechnicalSoilName": "niet gedefinieerd", "remarks": "1) GM ", "soilDistribution": [0.0, 0.0, 0.0, 0.0, 0.0, 0.0], "location_uid": "B61F3171 Maastricht A2 tunnel"}, "geometry": {"type": "Point", "coordinates": [5.710392733301205, 50.85312532784368, 80.72684881420898]}}, {"id": "154", "type": "Feature", "properties": {"geotechnicalSoilCode": "NBE", "geotechnicalSoilName": "niet gedefinieerd", "remarks": "1) brown-gray 2) matig hard 3) KAS 4) serpuliden ", "soilDistribution": [0.0, 0.0, 0.0, 0.0, 0.0, 0.0], "location_uid": "B61F3171 Maastricht A2 tunnel"}, "geometry": {"type": "Point", "coordinates": [5.710392733301205, 50.85312532784368, 80.72684881420898]}}, {"id": "155", "type": "Feature", "properties": {"geotechnicalSoilCode": "NBE", "geotechnicalSoilName": "niet gedefinieerd", "remarks": "1) brown-gray 2) matig hard 3) KAS ", "soilDistribution": [0.0, 0.0, 0.0, 0.0, 0.0, 0.0], "location_uid": "B61F3171 Maastricht A2 tunnel"}, "geometry": {"type": "Point", "coordinates": [5.710392733301205, 50.85312532784368, 80.72684881420898]}}, {"id": "156", "type": "Feature", "properties": {"geotechnicalSoilCode": "NBE", "geotechnicalSoilName": "niet gedefinieerd", "remarks": "1) GM ", "soilDistribution": [0.0, 0.0, 0.0, 0.0, 0.0, 0.0], "location_uid": "B61F3171 Maastricht A2 tunnel"}, "geometry": {"type": "Point", "coordinates": [5.710392733301205, 50.85312532784368, 80.72684881420898]}}, {"id": "157", "type": "Feature", "properties": {"geotechnicalSoilCode": "NBE", "geotechnicalSoilName": "niet gedefinieerd", "remarks": "1) brown-gray 2) matig hard 3) spoor schelpmateriaal <1% 4) KAS ", "soilDistribution": [0.0, 0.0, 0.0, 0.0, 0.0, 0.0], "location_uid": "B61F3171 Maastricht A2 tunnel"}, "geometry": {"type": "Point", "coordinates": [5.710392733301205, 50.85312532784368, 80.72684881420898]}}, {"id": "158", "type": "Feature", "properties": {"geotechnicalSoilCode": "NBE", "geotechnicalSoilName": "niet gedefinieerd", "remarks": "1) light gray 2) matig hard 3) KAS 4) resten slangsterren ", "soilDistribution": [0.0, 0.0, 0.0, 0.0, 0.0, 0.0], "location_uid": "B61F3171 Maastricht A2 tunnel"}, "geometry": {"type": "Point", "coordinates": [5.710392733301205, 50.85312532784368, 80.72684881420898]}}, {"id": "159", "type": "Feature", "properties": {"geotechnicalSoilCode": "NBE", "geotechnicalSoilName": "niet gedefinieerd", "remarks": "1) gray 2) matig hard 3) KAS ", "soilDistribution": [0.0, 0.0, 0.0, 0.0, 0.0, 0.0], "location_uid": "B61F3171 Maastricht A2 tunnel"}, "geometry": {"type": "Point", "coordinates": [5.710392733301205, 50.85312532784368, 80.72684881420898]}}, {"id": "160", "type": "Feature", "properties": {"geotechnicalSoilCode": "NBE", "geotechnicalSoilName": "niet gedefinieerd", "remarks": "1) gray 2) matig hard 3) KAS ", "soilDistribution": [0.0, 0.0, 0.0, 0.0, 0.0, 0.0], "location_uid": "B61F3171 Maastricht A2 tunnel"}, "geometry": {"type": "Point", "coordinates": [5.710392733301205, 50.85312532784368, 80.72684881420898]}}, {"id": "161", "type": "Feature", "properties": {"geotechnicalSoilCode": "NBE", "geotechnicalSoilName": "niet gedefinieerd", "remarks": "1) gray 2) matig hard 3) KAS ", "soilDistribution": [0.0, 0.0, 0.0, 0.0, 0.0, 0.0], "location_uid": "B61F3171 Maastricht A2 tunnel"}, "geometry": {"type": "Point", "coordinates": [5.710392733301205, 50.85312532784368, 80.72684881420898]}}, {"id": "162", "type": "Feature", "properties": {"geotechnicalSoilCode": "NBE", "geotechnicalSoilName": "niet gedefinieerd", "remarks": "1) gray 2) matig hard 3) KAS ", "soilDistribution": [0.0, 0.0, 0.0, 0.0, 0.0, 0.0], "location_uid": "B61F3171 Maastricht A2 tunnel"}, "geometry": {"type": "Point", "coordinates": [5.710392733301205, 50.85312532784368, 80.72684881420898]}}, {"id": "163", "type": "Feature", "properties": {"geotechnicalSoilCode": "NBE", "geotechnicalSoilName": "niet gedefinieerd", "remarks": "1) GM ", "soilDistribution": [0.0, 0.0, 0.0, 0.0, 0.0, 0.0], "location_uid": "B61F3171 Maastricht A2 tunnel"}, "geometry": {"type": "Point", "coordinates": [5.710392733301205, 50.85312532784368, 80.72684881420898]}}, {"id": "164", "type": "Feature", "properties": {"geotechnicalSoilCode": "NBE", "geotechnicalSoilName": "niet gedefinieerd", "remarks": "1) gray 2) matig hard 3) KAS ", "soilDistribution": [0.0, 0.0, 0.0, 0.0, 0.0, 0.0], "location_uid": "B61F3171 Maastricht A2 tunnel"}, "geometry": {"type": "Point", "coordinates": [5.710392733301205, 50.85312532784368, 80.72684881420898]}}, {"id": "165", "type": "Feature", "properties": {"geotechnicalSoilCode": "NBE", "geotechnicalSoilName": "niet gedefinieerd", "remarks": "1) gray 2) matig hard 3) KAS ", "soilDistribution": [0.0, 0.0, 0.0, 0.0, 0.0, 0.0], "location_uid": "B61F3171 Maastricht A2 tunnel"}, "geometry": {"type": "Point", "coordinates": [5.710392733301205, 50.85312532784368, 80.72684881420898]}}, {"id": "166", "type": "Feature", "properties": {"geotechnicalSoilCode": "NBE", "geotechnicalSoilName": "niet gedefinieerd", "remarks": "1) gray 2) matig hard 3) KAS ", "soilDistribution": [0.0, 0.0, 0.0, 0.0, 0.0, 0.0], "location_uid": "B61F3171 Maastricht A2 tunnel"}, "geometry": {"type": "Point", "coordinates": [5.710392733301205, 50.85312532784368, 80.72684881420898]}}, {"id": "167", "type": "Feature", "properties": {"geotechnicalSoilCode": "NBE", "geotechnicalSoilName": "niet gedefinieerd", "remarks": "1) gray 2) matig hard 3) KAS ", "soilDistribution": [0.0, 0.0, 0.0, 0.0, 0.0, 0.0], "location_uid": "B61F3171 Maastricht A2 tunnel"}, "geometry": {"type": "Point", "coordinates": [5.710392733301205, 50.85312532784368, 80.72684881420898]}}, {"id": "168", "type": "Feature", "properties": {"geotechnicalSoilCode": "NBE", "geotechnicalSoilName": "niet gedefinieerd", "remarks": "1) gray 2) matig hard 3) KAS ", "soilDistribution": [0.0, 0.0, 0.0, 0.0, 0.0, 0.0], "location_uid": "B61F3171 Maastricht A2 tunnel"}, "geometry": {"type": "Point", "coordinates": [5.710392733301205, 50.85312532784368, 80.72684881420898]}}, {"id": "169", "type": "Feature", "properties": {"geotechnicalSoilCode": "NBE", "geotechnicalSoilName": "niet gedefinieerd", "remarks": "1) GM ", "soilDistribution": [0.0, 0.0, 0.0, 0.0, 0.0, 0.0], "location_uid": "B61F3171 Maastricht A2 tunnel"}, "geometry": {"type": "Point", "coordinates": [5.710392733301205, 50.85312532784368, 80.72684881420898]}}, {"id": "170", "type": "Feature", "properties": {"geotechnicalSoilCode": "NBE", "geotechnicalSoilName": "niet gedefinieerd", "remarks": "1) gray 2) KAS ", "soilDistribution": [0.0, 0.0, 0.0, 0.0, 0.0, 0.0], "location_uid": "B61F3171 Maastricht A2 tunnel"}, "geometry": {"type": "Point", "coordinates": [5.710392733301205, 50.85312532784368, 80.72684881420898]}}, {"id": "171", "type": "Feature", "properties": {"geotechnicalSoilCode": "NBE", "geotechnicalSoilName": "niet gedefinieerd", "remarks": "1) gray 2) KAS ", "soilDistribution": [0.0, 0.0, 0.0, 0.0, 0.0, 0.0], "location_uid": "B61F3171 Maastricht A2 tunnel"}, "geometry": {"type": "Point", "coordinates": [5.710392733301205, 50.85312532784368, 80.72684881420898]}}, {"id": "172", "type": "Feature", "properties": {"geotechnicalSoilCode": "NBE", "geotechnicalSoilName": "niet gedefinieerd", "remarks": "1) gray 2) KAS ", "soilDistribution": [0.0, 0.0, 0.0, 0.0, 0.0, 0.0], "location_uid": "B61F3171 Maastricht A2 tunnel"}, "geometry": {"type": "Point", "coordinates": [5.710392733301205, 50.85312532784368, 80.72684881420898]}}, {"id": "173", "type": "Feature", "properties": {"geotechnicalSoilCode": "NBE", "geotechnicalSoilName": "niet gedefinieerd", "remarks": "1) gray 2) matig hard 3) KAS ", "soilDistribution": [0.0, 0.0, 0.0, 0.0, 0.0, 0.0], "location_uid": "B61F3171 Maastricht A2 tunnel"}, "geometry": {"type": "Point", "coordinates": [5.710392733301205, 50.85312532784368, 80.72684881420898]}}, {"id": "174", "type": "Feature", "properties": {"geotechnicalSoilCode": "NBE", "geotechnicalSoilName": "niet gedefinieerd", "remarks": "1) gray 2) matig hard 3) KAS ", "soilDistribution": [0.0, 0.0, 0.0, 0.0, 0.0, 0.0], "location_uid": "B61F3171 Maastricht A2 tunnel"}, "geometry": {"type": "Point", "coordinates": [5.710392733301205, 50.85312532784368, 80.72684881420898]}}, {"id": "175", "type": "Feature", "properties": {"geotechnicalSoilCode": "NBE", "geotechnicalSoilName": "niet gedefinieerd", "remarks": "1) gray 2) matig hard 3) KAS ", "soilDistribution": [0.0, 0.0, 0.0, 0.0, 0.0, 0.0], "location_uid": "B61F3171 Maastricht A2 tunnel"}, "geometry": {"type": "Point", "coordinates": [5.710392733301205, 50.85312532784368, 80.72684881420898]}}, {"id": "176", "type": "Feature", "properties": {"geotechnicalSoilCode": "NBE", "geotechnicalSoilName": "niet gedefinieerd", "remarks": "1) gray 2) matig hard 3) KAS ", "soilDistribution": [0.0, 0.0, 0.0, 0.0, 0.0, 0.0], "location_uid": "B61F3171 Maastricht A2 tunnel"}, "geometry": {"type": "Point", "coordinates": [5.710392733301205, 50.85312532784368, 80.72684881420898]}}, {"id": "177", "type": "Feature", "properties": {"geotechnicalSoilCode": "NBE", "geotechnicalSoilName": "niet gedefinieerd", "remarks": "1) GM ", "soilDistribution": [0.0, 0.0, 0.0, 0.0, 0.0, 0.0], "location_uid": "B61F3171 Maastricht A2 tunnel"}, "geometry": {"type": "Point", "coordinates": [5.710392733301205, 50.85312532784368, 80.72684881420898]}}, {"id": "178", "type": "Feature", "properties": {"geotechnicalSoilCode": "NBE", "geotechnicalSoilName": "niet gedefinieerd", "remarks": "1) gray 2) matig hard 3) KAS ", "soilDistribution": [0.0, 0.0, 0.0, 0.0, 0.0, 0.0], "location_uid": "B61F3171 Maastricht A2 tunnel"}, "geometry": {"type": "Point", "coordinates": [5.710392733301205, 50.85312532784368, 80.72684881420898]}}, {"id": "179", "type": "Feature", "properties": {"geotechnicalSoilCode": "NBE", "geotechnicalSoilName": "niet gedefinieerd", "remarks": "1) gray 2) matig hard 3) KAS ", "soilDistribution": [0.0, 0.0, 0.0, 0.0, 0.0, 0.0], "location_uid": "B61F3171 Maastricht A2 tunnel"}, "geometry": {"type": "Point", "coordinates": [5.710392733301205, 50.85312532784368, 80.72684881420898]}}, {"id": "180", "type": "Feature", "properties": {"geotechnicalSoilCode": "NBE", "geotechnicalSoilName": "niet gedefinieerd", "remarks": "1) gray 2) matig hard 3) KAS ", "soilDistribution": [0.0, 0.0, 0.0, 0.0, 0.0, 0.0], "location_uid": "B61F3171 Maastricht A2 tunnel"}, "geometry": {"type": "Point", "coordinates": [5.710392733301205, 50.85312532784368, 80.72684881420898]}}, {"id": "181", "type": "Feature", "properties": {"geotechnicalSoilCode": "NBE", "geotechnicalSoilName": "niet gedefinieerd", "remarks": "1) NBE ", "soilDistribution": [0.0, 0.0, 0.0, 0.0, 0.0, 0.0], "location_uid": "B61F3165 Maastricht A2 tunnel"}, "geometry": {"type": "LineString", "coordinates": [[5.714814231484582, 50.845831865910895, 94.2198980961322], [5.714814231484582, 50.845831865910895, 80.2198980961322]]}}, {"id": "182", "type": "Feature", "properties": {"geotechnicalSoilCode": "G", "geotechnicalSoilName": "siltigGrind", "remarks": "1) ZGRX ", "soilDistribution": [0.0, 0.7, 0.0, 0.3, 0.0, 0.0], "location_uid": "B61F3165 Maastricht A2 tunnel"}, "geometry": {"type": "LineString", "coordinates": [[5.714814231484582, 50.845831865910895, 80.2198980961322], [5.714814231484582, 50.845831865910895, 79.94989809613222]]}}, {"id": "183", "type": "Feature", "properties": {"geotechnicalSoilCode": "NBE", "geotechnicalSoilName": "niet gedefinieerd", "remarks": "1) yellow-gray 2) matig hard 3) KAS ", "soilDistribution": [0.0, 0.0, 0.0, 0.0, 0.0, 0.0], "location_uid": "B61F3165 Maastricht A2 tunnel"}, "geometry": {"type": "LineString", "coordinates": [[5.714814231484582, 50.845831865910895, 79.94989809613222], [5.714814231484582, 50.845831865910895, 79.6298980961322]]}}, {"id": "184", "type": "Feature", "properties": {"geotechnicalSoilCode": "NBE", "geotechnicalSoilName": "niet gedefinieerd", "remarks": "1) VUS ", "soilDistribution": [0.0, 0.0, 0.0, 0.0, 0.0, 0.0], "location_uid": "B61F3165 Maastricht A2 tunnel"}, "geometry": {"type": "LineString", "coordinates": [[5.714814231484582, 50.845831865910895, 79.6298980961322], [5.714814231484582, 50.845831865910895, 79.60989809613221]]}}, {"id": "185", "type": "Feature", "properties": {"geotechnicalSoilCode": "NBE", "geotechnicalSoilName": "niet gedefinieerd", "remarks": "1) yellow-gray 2) matig hard 3) KAS ", "soilDistribution": [0.0, 0.0, 0.0, 0.0, 0.0, 0.0], "location_uid": "B61F3165 Maastricht A2 tunnel"}, "geometry": {"type": "LineString", "coordinates": [[5.714814231484582, 50.845831865910895, 79.60989809613221], [5.714814231484582, 50.845831865910895, 79.4998980961322]]}}, {"id": "186", "type": "Feature", "properties": {"geotechnicalSoilCode": "NBE", "geotechnicalSoilName": "niet gedefinieerd", "remarks": "1) yellow-gray 2) matig hard 3) KAS ", "soilDistribution": [0.0, 0.0, 0.0, 0.0, 0.0, 0.0], "location_uid": "B61F3165 Maastricht A2 tunnel"}, "geometry": {"type": "LineString", "coordinates": [[5.714814231484582, 50.845831865910895, 79.4998980961322], [5.714814231484582, 50.845831865910895, 79.3698980961322]]}}, {"id": "187", "type": "Feature", "properties": {"geotechnicalSoilCode": "NBE", "geotechnicalSoilName": "niet gedefinieerd", "remarks": "1) yellow-gray 2) matig hard 3) KAS ", "soilDistribution": [0.0, 0.0, 0.0, 0.0, 0.0, 0.0], "location_uid": "B61F3165 Maastricht A2 tunnel"}, "geometry": {"type": "LineString", "coordinates": [[5.714814231484582, 50.845831865910895, 79.3698980961322], [5.714814231484582, 50.845831865910895, 79.2198980961322]]}}, {"id": "188", "type": "Feature", "properties": {"geotechnicalSoilCode": "NBE", "geotechnicalSoilName": "niet gedefinieerd", "remarks": "1) light gray 2) matig hard 3) KAS ", "soilDistribution": [0.0, 0.0, 0.0, 0.0, 0.0, 0.0], "location_uid": "B61F3165 Maastricht A2 tunnel"}, "geometry": {"type": "LineString", "coordinates": [[5.714814231484582, 50.845831865910895, 79.2198980961322], [5.714814231484582, 50.845831865910895, 79.07989809613221]]}}, {"id": "189", "type": "Feature", "properties": {"geotechnicalSoilCode": "NBE", "geotechnicalSoilName": "niet gedefinieerd", "remarks": "1) light gray 2) matig hard 3) KAS ", "soilDistribution": [0.0, 0.0, 0.0, 0.0, 0.0, 0.0], "location_uid": "B61F3165 Maastricht A2 tunnel"}, "geometry": {"type": "LineString", "coordinates": [[5.714814231484582, 50.845831865910895, 79.07989809613221], [5.714814231484582, 50.845831865910895, 79.0098980961322]]}}, {"id": "190", "type": "Feature", "properties": {"geotechnicalSoilCode": "NBE", "geotechnicalSoilName": "niet gedefinieerd", "remarks": "1) light gray 2) matig hard 3) KAS ", "soilDistribution": [0.0, 0.0, 0.0, 0.0, 0.0, 0.0], "location_uid": "B61F3165 Maastricht A2 tunnel"}, "geometry": {"type": "LineString", "coordinates": [[5.714814231484582, 50.845831865910895, 79.0098980961322], [5.714814231484582, 50.845831865910895, 78.9098980961322]]}}, {"id": "191", "type": "Feature", "properties": {"geotechnicalSoilCode": "NBE", "geotechnicalSoilName": "niet gedefinieerd", "remarks": "1) light gray 2) matig hard 3) KAS ", "soilDistribution": [0.0, 0.0, 0.0, 0.0, 0.0, 0.0], "location_uid": "B61F3165 Maastricht A2 tunnel"}, "geometry": {"type": "LineString", "coordinates": [[5.714814231484582, 50.845831865910895, 78.9098980961322], [5.714814231484582, 50.845831865910895, 78.76989809613221]]}}, {"id": "192", "type": "Feature", "properties": {"geotechnicalSoilCode": "NBE", "geotechnicalSoilName": "niet gedefinieerd", "remarks": "1) light gray 2) matig hard 3) KAS ", "soilDistribution": [0.0, 0.0, 0.0, 0.0, 0.0, 0.0], "location_uid": "B61F3165 Maastricht A2 tunnel"}, "geometry": {"type": "LineString", "coordinates": [[5.714814231484582, 50.845831865910895, 78.76989809613221], [5.714814231484582, 50.845831865910895, 78.57989809613221]]}}, {"id": "193", "type": "Feature", "properties": {"geotechnicalSoilCode": "NBE", "geotechnicalSoilName": "niet gedefinieerd", "remarks": "1) VUS ", "soilDistribution": [0.0, 0.0, 0.0, 0.0, 0.0, 0.0], "location_uid": "B61F3165 Maastricht A2 tunnel"}, "geometry": {"type": "LineString", "coordinates": [[5.714814231484582, 50.845831865910895, 78.57989809613221], [5.714814231484582, 50.845831865910895, 78.5598980961322]]}}, {"id": "194", "type": "Feature", "properties": {"geotechnicalSoilCode": "NBE", "geotechnicalSoilName": "niet gedefinieerd", "remarks": "1) light gray 2) matig hard 3) KAS ", "soilDistribution": [0.0, 0.0, 0.0, 0.0, 0.0, 0.0], "location_uid": "B61F3165 Maastricht A2 tunnel"}, "geometry": {"type": "LineString", "coordinates": [[5.714814231484582, 50.845831865910895, 78.5598980961322], [5.714814231484582, 50.845831865910895, 78.44989809613222]]}}, {"id": "195", "type": "Feature", "properties": {"geotechnicalSoilCode": "NBE", "geotechnicalSoilName": "niet gedefinieerd", "remarks": "1) VUS ", "soilDistribution": [0.0, 0.0, 0.0, 0.0, 0.0, 0.0], "location_uid": "B61F3165 Maastricht A2 tunnel"}, "geometry": {"type": "LineString", "coordinates": [[5.714814231484582, 50.845831865910895, 78.44989809613222], [5.714814231484582, 50.845831865910895, 78.41989809613221]]}}, {"id": "196", "type": "Feature", "properties": {"geotechnicalSoilCode": "NBE", "geotechnicalSoilName": "niet gedefinieerd", "remarks": "1) light gray 2) matig hard 3) KAS ", "soilDistribution": [0.0, 0.0, 0.0, 0.0, 0.0, 0.0], "location_uid": "B61F3165 Maastricht A2 tunnel"}, "geometry": {"type": "LineString", "coordinates": [[5.714814231484582, 50.845831865910895, 78.41989809613221], [5.714814231484582, 50.845831865910895, 78.2198980961322]]}}, {"id": "197", "type": "Feature", "properties": {"geotechnicalSoilCode": "NBE", "geotechnicalSoilName": "niet gedefinieerd", "remarks": "1) light gray 2) matig hard 3) KAS ", "soilDistribution": [0.0, 0.0, 0.0, 0.0, 0.0, 0.0], "location_uid": "B61F3165 Maastricht A2 tunnel"}, "geometry": {"type": "LineString", "coordinates": [[5.714814231484582, 50.845831865910895, 78.2198980961322], [5.714814231484582, 50.845831865910895, 77.9098980961322]]}}, {"id": "198", "type": "Feature", "properties": {"geotechnicalSoilCode": "NBE", "geotechnicalSoilName": "niet gedefinieerd", "remarks": "1) light gray 2) matig hard 3) KAS ", "soilDistribution": [0.0, 0.0, 0.0, 0.0, 0.0, 0.0], "location_uid": "B61F3165 Maastricht A2 tunnel"}, "geometry": {"type": "LineString", "coordinates": [[5.714814231484582, 50.845831865910895, 77.9098980961322], [5.714814231484582, 50.845831865910895, 77.76989809613221]]}}, {"id": "199", "type": "Feature", "properties": {"geotechnicalSoilCode": "NBE", "geotechnicalSoilName": "niet gedefinieerd", "remarks": "1) light gray 2) matig hard 3) KAS ", "soilDistribution": [0.0, 0.0, 0.0, 0.0, 0.0, 0.0], "location_uid": "B61F3165 Maastricht A2 tunnel"}, "geometry": {"type": "LineString", "coordinates": [[5.714814231484582, 50.845831865910895, 77.76989809613221], [5.714814231484582, 50.845831865910895, 77.5098980961322]]}}, {"id": "200", "type": "Feature", "properties": {"geotechnicalSoilCode": "NBE", "geotechnicalSoilName": "niet gedefinieerd", "remarks": "1) GM ", "soilDistribution": [0.0, 0.0, 0.0, 0.0, 0.0, 0.0], "location_uid": "B61F3165 Maastricht A2 tunnel"}, "geometry": {"type": "LineString", "coordinates": [[5.714814231484582, 50.845831865910895, 77.5098980961322], [5.714814231484582, 50.845831865910895, 77.2198980961322]]}}, {"id": "201", "type": "Feature", "properties": {"geotechnicalSoilCode": "NBE", "geotechnicalSoilName": "niet gedefinieerd", "remarks": "1) light gray 2) matig zacht 3) spoor schelpmateriaal <1% 4) KAS ", "soilDistribution": [0.0, 0.0, 0.0, 0.0, 0.0, 0.0], "location_uid": "B61F3165 Maastricht A2 tunnel"}, "geometry": {"type": "LineString", "coordinates": [[5.714814231484582, 50.845831865910895, 77.2198980961322], [5.714814231484582, 50.845831865910895, 76.4398980961322]]}}, {"id": "202", "type": "Feature", "properties": {"geotechnicalSoilCode": "NBE", "geotechnicalSoilName": "niet gedefinieerd", "remarks": "1) light gray 2) matig zacht 3) KAS ", "soilDistribution": [0.0, 0.0, 0.0, 0.0, 0.0, 0.0], "location_uid": "B61F3165 Maastricht A2 tunnel"}, "geometry": {"type": "LineString", "coordinates": [[5.714814231484582, 50.845831865910895, 76.4398980961322], [5.714814231484582, 50.845831865910895, 76.34989809613221]]}}, {"id": "203", "type": "Feature", "properties": {"geotechnicalSoilCode": "NBE", "geotechnicalSoilName": "niet gedefinieerd", "remarks": "1) light gray 2) matig zacht 3) KAS ", "soilDistribution": [0.0, 0.0, 0.0, 0.0, 0.0, 0.0], "location_uid": "B61F3165 Maastricht A2 tunnel"}, "geometry": {"type": "LineString", "coordinates": [[5.714814231484582, 50.845831865910895, 76.34989809613221], [5.714814231484582, 50.845831865910895, 76.2198980961322]]}}, {"id": "204", "type": "Feature", "properties": {"geotechnicalSoilCode": "NBE", "geotechnicalSoilName": "niet gedefinieerd", "remarks": "1) light gray 2) matig hard 3) KAS ", "soilDistribution": [0.0, 0.0, 0.0, 0.0, 0.0, 0.0], "location_uid": "B61F3165 Maastricht A2 tunnel"}, "geometry": {"type": "LineString", "coordinates": [[5.714814231484582, 50.845831865910895, 76.2198980961322], [5.714814231484582, 50.845831865910895, 76.12989809613221]]}}, {"id": "205", "type": "Feature", "properties": {"geotechnicalSoilCode": "NBE", "geotechnicalSoilName": "niet gedefinieerd", "remarks": "1) light gray 2) matig hard 3) KAS ", "soilDistribution": [0.0, 0.0, 0.0, 0.0, 0.0, 0.0], "location_uid": "B61F3165 Maastricht A2 tunnel"}, "geometry": {"type": "LineString", "coordinates": [[5.714814231484582, 50.845831865910895, 76.12989809613221], [5.714814231484582, 50.845831865910895, 75.8698980961322]]}}, {"id": "206", "type": "Feature", "properties": {"geotechnicalSoilCode": "NBE", "geotechnicalSoilName": "niet gedefinieerd", "remarks": "1) light gray 2) matig hard 3) KAS ", "soilDistribution": [0.0, 0.0, 0.0, 0.0, 0.0, 0.0], "location_uid": "B61F3165 Maastricht A2 tunnel"}, "geometry": {"type": "LineString", "coordinates": [[5.714814231484582, 50.845831865910895, 75.8698980961322], [5.714814231484582, 50.845831865910895, 75.8098980961322]]}}, {"id": "207", "type": "Feature", "properties": {"geotechnicalSoilCode": "NBE", "geotechnicalSoilName": "niet gedefinieerd", "remarks": "1) light gray 2) matig hard 3) KAS ", "soilDistribution": [0.0, 0.0, 0.0, 0.0, 0.0, 0.0], "location_uid": "B61F3165 Maastricht A2 tunnel"}, "geometry": {"type": "LineString", "coordinates": [[5.714814231484582, 50.845831865910895, 75.8098980961322], [5.714814231484582, 50.845831865910895, 75.7498980961322]]}}, {"id": "208", "type": "Feature", "properties": {"geotechnicalSoilCode": "NBE", "geotechnicalSoilName": "niet gedefinieerd", "remarks": "1) light gray 2) matig hard 3) KAS ", "soilDistribution": [0.0, 0.0, 0.0, 0.0, 0.0, 0.0], "location_uid": "B61F3165 Maastricht A2 tunnel"}, "geometry": {"type": "Point", "coordinates": [5.714814231484582, 50.845831865910895, 75.7498980961322]}}, {"id": "209", "type": "Feature", "properties": {"geotechnicalSoilCode": "NBE", "geotechnicalSoilName": "niet gedefinieerd", "remarks": "1) light gray 2) matig hard 3) KAS ", "soilDistribution": [0.0, 0.0, 0.0, 0.0, 0.0, 0.0], "location_uid": "B61F3165 Maastricht A2 tunnel"}, "geometry": {"type": "Point", "coordinates": [5.714814231484582, 50.845831865910895, 75.7498980961322]}}, {"id": "210", "type": "Feature", "properties": {"geotechnicalSoilCode": "NBE", "geotechnicalSoilName": "niet gedefinieerd", "remarks": "1) GM ", "soilDistribution": [0.0, 0.0, 0.0, 0.0, 0.0, 0.0], "location_uid": "B61F3165 Maastricht A2 tunnel"}, "geometry": {"type": "Point", "coordinates": [5.714814231484582, 50.845831865910895, 75.7498980961322]}}, {"id": "211", "type": "Feature", "properties": {"geotechnicalSoilCode": "NBE", "geotechnicalSoilName": "niet gedefinieerd", "remarks": "1) light gray 2) matig hard 3) KAS ", "soilDistribution": [0.0, 0.0, 0.0, 0.0, 0.0, 0.0], "location_uid": "B61F3165 Maastricht A2 tunnel"}, "geometry": {"type": "Point", "coordinates": [5.714814231484582, 50.845831865910895, 75.7498980961322]}}, {"id": "212", "type": "Feature", "properties": {"geotechnicalSoilCode": "NBE", "geotechnicalSoilName": "niet gedefinieerd", "remarks": "1) VUS ", "soilDistribution": [0.0, 0.0, 0.0, 0.0, 0.0, 0.0], "location_uid": "B61F3165 Maastricht A2 tunnel"}, "geometry": {"type": "Point", "coordinates": [5.714814231484582, 50.845831865910895, 75.7498980961322]}}, {"id": "213", "type": "Feature", "properties": {"geotechnicalSoilCode": "NBE", "geotechnicalSoilName": "niet gedefinieerd", "remarks": "1) light gray 2) matig hard 3) KAS ", "soilDistribution": [0.0, 0.0, 0.0, 0.0, 0.0, 0.0], "location_uid": "B61F3165 Maastricht A2 tunnel"}, "geometry": {"type": "Point", "coordinates": [5.714814231484582, 50.845831865910895, 75.7498980961322]}}, {"id": "214", "type": "Feature", "properties": {"geotechnicalSoilCode": "NBE", "geotechnicalSoilName": "niet gedefinieerd", "remarks": "1) VUS ", "soilDistribution": [0.0, 0.0, 0.0, 0.0, 0.0, 0.0], "location_uid": "B61F3165 Maastricht A2 tunnel"}, "geometry": {"type": "Point", "coordinates": [5.714814231484582, 50.845831865910895, 75.7498980961322]}}, {"id": "215", "type": "Feature", "properties": {"geotechnicalSoilCode": "NBE", "geotechnicalSoilName": "niet gedefinieerd", "remarks": "1) light gray 2) matig hard 3) spoor schelpmateriaal <1% 4) KAS ", "soilDistribution": [0.0, 0.0, 0.0, 0.0, 0.0, 0.0], "location_uid": "B61F3165 Maastricht A2 tunnel"}, "geometry": {"type": "Point", "coordinates": [5.714814231484582, 50.845831865910895, 75.7498980961322]}}, {"id": "216", "type": "Feature", "properties": {"geotechnicalSoilCode": "NBE", "geotechnicalSoilName": "niet gedefinieerd", "remarks": "1) light gray 2) matig hard 3) KAS ", "soilDistribution": [0.0, 0.0, 0.0, 0.0, 0.0, 0.0], "location_uid": "B61F3165 Maastricht A2 tunnel"}, "geometry": {"type": "Point", "coordinates": [5.714814231484582, 50.845831865910895, 75.7498980961322]}}, {"id": "217", "type": "Feature", "properties": {"geotechnicalSoilCode": "NBE", "geotechnicalSoilName": "niet gedefinieerd", "remarks": "1) light gray 2) matig hard 3) KAS ", "soilDistribution": [0.0, 0.0, 0.0, 0.0, 0.0, 0.0], "location_uid": "B61F3165 Maastricht A2 tunnel"}, "geometry": {"type": "Point", "coordinates": [5.714814231484582, 50.845831865910895, 75.7498980961322]}}, {"id": "218", "type": "Feature", "properties": {"geotechnicalSoilCode": "NBE", "geotechnicalSoilName": "niet gedefinieerd", "remarks": "1) dark gray 2) matig hard 3) KAS ", "soilDistribution": [0.0, 0.0, 0.0, 0.0, 0.0, 0.0], "location_uid": "B61F3165 Maastricht A2 tunnel"}, "geometry": {"type": "Point", "coordinates": [5.714814231484582, 50.845831865910895, 75.7498980961322]}}, {"id": "219", "type": "Feature", "properties": {"geotechnicalSoilCode": "NBE", "geotechnicalSoilName": "niet gedefinieerd", "remarks": "1) VUS ", "soilDistribution": [0.0, 0.0, 0.0, 0.0, 0.0, 0.0], "location_uid": "B61F3165 Maastricht A2 tunnel"}, "geometry": {"type": "Point", "coordinates": [5.714814231484582, 50.845831865910895, 75.7498980961322]}}, {"id": "220", "type": "Feature", "properties": {"geotechnicalSoilCode": "NBE", "geotechnicalSoilName": "niet gedefinieerd", "remarks": "1) dark gray 2) matig hard 3) KAS ", "soilDistribution": [0.0, 0.0, 0.0, 0.0, 0.0, 0.0], "location_uid": "B61F3165 Maastricht A2 tunnel"}, "geometry": {"type": "Point", "coordinates": [5.714814231484582, 50.845831865910895, 75.7498980961322]}}, {"id": "221", "type": "Feature", "properties": {"geotechnicalSoilCode": "NBE", "geotechnicalSoilName": "niet gedefinieerd", "remarks": "1) VUS ", "soilDistribution": [0.0, 0.0, 0.0, 0.0, 0.0, 0.0], "location_uid": "B61F3165 Maastricht A2 tunnel"}, "geometry": {"type": "Point", "coordinates": [5.714814231484582, 50.845831865910895, 75.7498980961322]}}, {"id": "222", "type": "Feature", "properties": {"geotechnicalSoilCode": "NBE", "geotechnicalSoilName": "niet gedefinieerd", "remarks": "1) dark gray 2) matig hard 3) KAS ", "soilDistribution": [0.0, 0.0, 0.0, 0.0, 0.0, 0.0], "location_uid": "B61F3165 Maastricht A2 tunnel"}, "geometry": {"type": "Point", "coordinates": [5.714814231484582, 50.845831865910895, 75.7498980961322]}}, {"id": "223", "type": "Feature", "properties": {"geotechnicalSoilCode": "NBE", "geotechnicalSoilName": "niet gedefinieerd", "remarks": "1) light gray 2) matig hard 3) KAS ", "soilDistribution": [0.0, 0.0, 0.0, 0.0, 0.0, 0.0], "location_uid": "B61F3165 Maastricht A2 tunnel"}, "geometry": {"type": "Point", "coordinates": [5.714814231484582, 50.845831865910895, 75.7498980961322]}}, {"id": "224", "type": "Feature", "properties": {"geotechnicalSoilCode": "NBE", "geotechnicalSoilName": "niet gedefinieerd", "remarks": "1) gray 2) matig hard 3) KAS ", "soilDistribution": [0.0, 0.0, 0.0, 0.0, 0.0, 0.0], "location_uid": "B61F3165 Maastricht A2 tunnel"}, "geometry": {"type": "Point", "coordinates": [5.714814231484582, 50.845831865910895, 75.7498980961322]}}, {"id": "225", "type": "Feature", "properties": {"geotechnicalSoilCode": "NBE", "geotechnicalSoilName": "niet gedefinieerd", "remarks": "1) VUS ", "soilDistribution": [0.0, 0.0, 0.0, 0.0, 0.0, 0.0], "location_uid": "B61F3165 Maastricht A2 tunnel"}, "geometry": {"type": "Point", "coordinates": [5.714814231484582, 50.845831865910895, 75.7498980961322]}}, {"id": "226", "type": "Feature", "properties": {"geotechnicalSoilCode": "NBE", "geotechnicalSoilName": "niet gedefinieerd", "remarks": "1) gray 2) matig hard 3) KAS ", "soilDistribution": [0.0, 0.0, 0.0, 0.0, 0.0, 0.0], "location_uid": "B61F3165 Maastricht A2 tunnel"}, "geometry": {"type": "Point", "coordinates": [5.714814231484582, 50.845831865910895, 75.7498980961322]}}, {"id": "227", "type": "Feature", "properties": {"geotechnicalSoilCode": "NBE", "geotechnicalSoilName": "niet gedefinieerd", "remarks": "1) GM ", "soilDistribution": [0.0, 0.0, 0.0, 0.0, 0.0, 0.0], "location_uid": "B61F3165 Maastricht A2 tunnel"}, "geometry": {"type": "Point", "coordinates": [5.714814231484582, 50.845831865910895, 75.7498980961322]}}, {"id": "228", "type": "Feature", "properties": {"geotechnicalSoilCode": "NBE", "geotechnicalSoilName": "niet gedefinieerd", "remarks": "1) gray 2) matig hard 3) KAS ", "soilDistribution": [0.0, 0.0, 0.0, 0.0, 0.0, 0.0], "location_uid": "B61F3165 Maastricht A2 tunnel"}, "geometry": {"type": "Point", "coordinates": [5.714814231484582, 50.845831865910895, 75.7498980961322]}}, {"id": "229", "type": "Feature", "properties": {"geotechnicalSoilCode": "NBE", "geotechnicalSoilName": "niet gedefinieerd", "remarks": "1) GM ", "soilDistribution": [0.0, 0.0, 0.0, 0.0, 0.0, 0.0], "location_uid": "B61F3165 Maastricht A2 tunnel"}, "geometry": {"type": "Point", "coordinates": [5.714814231484582, 50.845831865910895, 75.7498980961322]}}, {"id": "230", "type": "Feature", "properties": {"geotechnicalSoilCode": "NBE", "geotechnicalSoilName": "niet gedefinieerd", "remarks": "1) gray 2) matig hard 3) KAS ", "soilDistribution": [0.0, 0.0, 0.0, 0.0, 0.0, 0.0], "location_uid": "B61F3165 Maastricht A2 tunnel"}, "geometry": {"type": "Point", "coordinates": [5.714814231484582, 50.845831865910895, 75.7498980961322]}}, {"id": "231", "type": "Feature", "properties": {"geotechnicalSoilCode": "NBE", "geotechnicalSoilName": "niet gedefinieerd", "remarks": "1) VUS ", "soilDistribution": [0.0, 0.0, 0.0, 0.0, 0.0, 0.0], "location_uid": "B61F3165 Maastricht A2 tunnel"}, "geometry": {"type": "Point", "coordinates": [5.714814231484582, 50.845831865910895, 75.7498980961322]}}, {"id": "232", "type": "Feature", "properties": {"geotechnicalSoilCode": "NBE", "geotechnicalSoilName": "niet gedefinieerd", "remarks": "1) gray 2) matig hard 3) KAS ", "soilDistribution": [0.0, 0.0, 0.0, 0.0, 0.0, 0.0], "location_uid": "B61F3165 Maastricht A2 tunnel"}, "geometry": {"type": "Point", "coordinates": [5.714814231484582, 50.845831865910895, 75.7498980961322]}}, {"id": "233", "type": "Feature", "properties": {"geotechnicalSoilCode": "NBE", "geotechnicalSoilName": "niet gedefinieerd", "remarks": "1) VUS ", "soilDistribution": [0.0, 0.0, 0.0, 0.0, 0.0, 0.0], "location_uid": "B61F3165 Maastricht A2 tunnel"}, "geometry": {"type": "Point", "coordinates": [5.714814231484582, 50.845831865910895, 75.7498980961322]}}, {"id": "234", "type": "Feature", "properties": {"geotechnicalSoilCode": "NBE", "geotechnicalSoilName": "niet gedefinieerd", "remarks": "1) gray 2) matig hard 3) spoor schelpmateriaal <1% 4) KAS 5) Crinoidea ", "soilDistribution": [0.0, 0.0, 0.0, 0.0, 0.0, 0.0], "location_uid": "B61F3165 Maastricht A2 tunnel"}, "geometry": {"type": "Point", "coordinates": [5.714814231484582, 50.845831865910895, 75.7498980961322]}}, {"id": "235", "type": "Feature", "properties": {"geotechnicalSoilCode": "NBE", "geotechnicalSoilName": "niet gedefinieerd", "remarks": "1) gray 2) matig hard 3) KAS ", "soilDistribution": [0.0, 0.0, 0.0, 0.0, 0.0, 0.0], "location_uid": "B61F3165 Maastricht A2 tunnel"}, "geometry": {"type": "Point", "coordinates": [5.714814231484582, 50.845831865910895, 75.7498980961322]}}, {"id": "236", "type": "Feature", "properties": {"geotechnicalSoilCode": "NBE", "geotechnicalSoilName": "niet gedefinieerd", "remarks": "1) gray 2) matig hard 3) KAS ", "soilDistribution": [0.0, 0.0, 0.0, 0.0, 0.0, 0.0], "location_uid": "B61F3165 Maastricht A2 tunnel"}, "geometry": {"type": "Point", "coordinates": [5.714814231484582, 50.845831865910895, 75.7498980961322]}}, {"id": "237", "type": "Feature", "properties": {"geotechnicalSoilCode": "NBE", "geotechnicalSoilName": "niet gedefinieerd", "remarks": "1) GM ", "soilDistribution": [0.0, 0.0, 0.0, 0.0, 0.0, 0.0], "location_uid": "B61F3165 Maastricht A2 tunnel"}, "geometry": {"type": "Point", "coordinates": [5.714814231484582, 50.845831865910895, 75.7498980961322]}}, {"id": "238", "type": "Feature", "properties": {"geotechnicalSoilCode": "NBE", "geotechnicalSoilName": "niet gedefinieerd", "remarks": "1) gray 2) matig hard 3) KAS ", "soilDistribution": [0.0, 0.0, 0.0, 0.0, 0.0, 0.0], "location_uid": "B61F3165 Maastricht A2 tunnel"}, "geometry": {"type": "Point", "coordinates": [5.714814231484582, 50.845831865910895, 75.7498980961322]}}, {"id": "239", "type": "Feature", "properties": {"geotechnicalSoilCode": "NBE", "geotechnicalSoilName": "niet gedefinieerd", "remarks": "1) gray 2) matig hard 3) KAS ", "soilDistribution": [0.0, 0.0, 0.0, 0.0, 0.0, 0.0], "location_uid": "B61F3165 Maastricht A2 tunnel"}, "geometry": {"type": "Point", "coordinates": [5.714814231484582, 50.845831865910895, 75.7498980961322]}}, {"id": "240", "type": "Feature", "properties": {"geotechnicalSoilCode": "NBE", "geotechnicalSoilName": "niet gedefinieerd", "remarks": "1) gray 2) matig hard 3) KAS 4) Crinoidea Echinoidea ", "soilDistribution": [0.0, 0.0, 0.0, 0.0, 0.0, 0.0], "location_uid": "B61F3165 Maastricht A2 tunnel"}, "geometry": {"type": "Point", "coordinates": [5.714814231484582, 50.845831865910895, 75.7498980961322]}}, {"id": "241", "type": "Feature", "properties": {"geotechnicalSoilCode": "NBE", "geotechnicalSoilName": "niet gedefinieerd", "remarks": "1) gray 2) matig hard 3) KAS ", "soilDistribution": [0.0, 0.0, 0.0, 0.0, 0.0, 0.0], "location_uid": "B61F3165 Maastricht A2 tunnel"}, "geometry": {"type": "Point", "coordinates": [5.714814231484582, 50.845831865910895, 75.7498980961322]}}, {"id": "242", "type": "Feature", "properties": {"geotechnicalSoilCode": "NBE", "geotechnicalSoilName": "niet gedefinieerd", "remarks": "1) gray 2) matig hard 3) KAS ", "soilDistribution": [0.0, 0.0, 0.0, 0.0, 0.0, 0.0], "location_uid": "B61F3165 Maastricht A2 tunnel"}, "geometry": {"type": "Point", "coordinates": [5.714814231484582, 50.845831865910895, 75.7498980961322]}}, {"id": "243", "type": "Feature", "properties": {"geotechnicalSoilCode": "NBE", "geotechnicalSoilName": "niet gedefinieerd", "remarks": "1) GM ", "soilDistribution": [0.0, 0.0, 0.0, 0.0, 0.0, 0.0], "location_uid": "B61F3165 Maastricht A2 tunnel"}, "geometry": {"type": "Point", "coordinates": [5.714814231484582, 50.845831865910895, 75.7498980961322]}}, {"id": "244", "type": "Feature", "properties": {"geotechnicalSoilCode": "NBE", "geotechnicalSoilName": "niet gedefinieerd", "remarks": "1) gray 2) matig hard 3) KAS 4) Crinoidea ", "soilDistribution": [0.0, 0.0, 0.0, 0.0, 0.0, 0.0], "location_uid": "B61F3165 Maastricht A2 tunnel"}, "geometry": {"type": "Point", "coordinates": [5.714814231484582, 50.845831865910895, 75.7498980961322]}}, {"id": "245", "type": "Feature", "properties": {"geotechnicalSoilCode": "NBE", "geotechnicalSoilName": "niet gedefinieerd", "remarks": "1) GM ", "soilDistribution": [0.0, 0.0, 0.0, 0.0, 0.0, 0.0], "location_uid": "B61F3165 Maastricht A2 tunnel"}, "geometry": {"type": "Point", "coordinates": [5.714814231484582, 50.845831865910895, 75.7498980961322]}}, {"id": "246", "type": "Feature", "properties": {"geotechnicalSoilCode": "NBE", "geotechnicalSoilName": "niet gedefinieerd", "remarks": "1) gray 2) matig hard 3) weinig schelpmateriaal (1-10%) 4) KAS 5) Crinoidea ", "soilDistribution": [0.0, 0.0, 0.0, 0.0, 0.0, 0.0], "location_uid": "B61F3165 Maastricht A2 tunnel"}, "geometry": {"type": "Point", "coordinates": [5.714814231484582, 50.845831865910895, 75.7498980961322]}}, {"id": "247", "type": "Feature", "properties": {"geotechnicalSoilCode": "NBE", "geotechnicalSoilName": "niet gedefinieerd", "remarks": "1) gray 2) matig hard 3) KAS ", "soilDistribution": [0.0, 0.0, 0.0, 0.0, 0.0, 0.0], "location_uid": "B61F3165 Maastricht A2 tunnel"}, "geometry": {"type": "Point", "coordinates": [5.714814231484582, 50.845831865910895, 75.7498980961322]}}, {"id": "248", "type": "Feature", "properties": {"geotechnicalSoilCode": "NBE", "geotechnicalSoilName": "niet gedefinieerd", "remarks": "1) gray 2) matig hard 3) KAS ", "soilDistribution": [0.0, 0.0, 0.0, 0.0, 0.0, 0.0], "location_uid": "B61F3165 Maastricht A2 tunnel"}, "geometry": {"type": "Point", "coordinates": [5.714814231484582, 50.845831865910895, 75.7498980961322]}}, {"id": "249", "type": "Feature", "properties": {"geotechnicalSoilCode": "NBE", "geotechnicalSoilName": "niet gedefinieerd", "remarks": "1) gray 2) matig hard 3) KAS ", "soilDistribution": [0.0, 0.0, 0.0, 0.0, 0.0, 0.0], "location_uid": "B61F3165 Maastricht A2 tunnel"}, "geometry": {"type": "Point", "coordinates": [5.714814231484582, 50.845831865910895, 75.7498980961322]}}, {"id": "250", "type": "Feature", "properties": {"geotechnicalSoilCode": "NBE", "geotechnicalSoilName": "niet gedefinieerd", "remarks": "1) gray 2) matig hard 3) KAS ", "soilDistribution": [0.0, 0.0, 0.0, 0.0, 0.0, 0.0], "location_uid": "B61F3165 Maastricht A2 tunnel"}, "geometry": {"type": "Point", "coordinates": [5.714814231484582, 50.845831865910895, 75.7498980961322]}}, {"id": "251", "type": "Feature", "properties": {"geotechnicalSoilCode": "NBE", "geotechnicalSoilName": "niet gedefinieerd", "remarks": "1) gray 2) matig hard 3) KAS ", "soilDistribution": [0.0, 0.0, 0.0, 0.0, 0.0, 0.0], "location_uid": "B61F3165 Maastricht A2 tunnel"}, "geometry": {"type": "Point", "coordinates": [5.714814231484582, 50.845831865910895, 75.7498980961322]}}, {"id": "252", "type": "Feature", "properties": {"geotechnicalSoilCode": "NBE", "geotechnicalSoilName": "niet gedefinieerd", "remarks": "1) NBE ", "soilDistribution": [0.0, 0.0, 0.0, 0.0, 0.0, 0.0], "location_uid": "B61F3164 Maastricht A2 tunnel"}, "geometry": {"type": "LineString", "coordinates": [[5.7160027318811135, 50.843248671351674, 93.71809178478102], [5.7160027318811135, 50.843248671351674, 79.71809178478102]]}}, {"id": "253", "type": "Feature", "properties": {"geotechnicalSoilCode": "NBE", "geotechnicalSoilName": "niet gedefinieerd", "remarks": "1) GM ", "soilDistribution": [0.0, 0.0, 0.0, 0.0, 0.0, 0.0], "location_uid": "B61F3164 Maastricht A2 tunnel"}, "geometry": {"type": "LineString", "coordinates": [[5.7160027318811135, 50.843248671351674, 79.71809178478102], [5.7160027318811135, 50.843248671351674, 79.31809178478102]]}}, {"id": "254", "type": "Feature", "properties": {"geotechnicalSoilCode": "NBE", "geotechnicalSoilName": "niet gedefinieerd", "remarks": "1) yellow-gray 2) matig hard 3) KAS ", "soilDistribution": [0.0, 0.0, 0.0, 0.0, 0.0, 0.0], "location_uid": "B61F3164 Maastricht A2 tunnel"}, "geometry": {"type": "LineString", "coordinates": [[5.7160027318811135, 50.843248671351674, 79.31809178478102], [5.7160027318811135, 50.843248671351674, 79.07809178478102]]}}, {"id": "255", "type": "Feature", "properties": {"geotechnicalSoilCode": "NBE", "geotechnicalSoilName": "niet gedefinieerd", "remarks": "1) blue-gray 2) VUS ", "soilDistribution": [0.0, 0.0, 0.0, 0.0, 0.0, 0.0], "location_uid": "B61F3164 Maastricht A2 tunnel"}, "geometry": {"type": "LineString", "coordinates": [[5.7160027318811135, 50.843248671351674, 79.07809178478102], [5.7160027318811135, 50.843248671351674, 78.89809178478103]]}}, {"id": "256", "type": "Feature", "properties": {"geotechnicalSoilCode": "NBE", "geotechnicalSoilName": "niet gedefinieerd", "remarks": "1) yellow-gray 2) matig hard 3) KAS ", "soilDistribution": [0.0, 0.0, 0.0, 0.0, 0.0, 0.0], "location_uid": "B61F3164 Maastricht A2 tunnel"}, "geometry": {"type": "LineString", "coordinates": [[5.7160027318811135, 50.843248671351674, 78.89809178478103], [5.7160027318811135, 50.843248671351674, 78.71809178478102]]}}, {"id": "257", "type": "Feature", "properties": {"geotechnicalSoilCode": "NBE", "geotechnicalSoilName": "niet gedefinieerd", "remarks": "1) GM ", "soilDistribution": [0.0, 0.0, 0.0, 0.0, 0.0, 0.0], "location_uid": "B61F3164 Maastricht A2 tunnel"}, "geometry": {"type": "LineString", "coordinates": [[5.7160027318811135, 50.843248671351674, 78.71809178478102], [5.7160027318811135, 50.843248671351674, 78.39809178478103]]}}, {"id": "258", "type": "Feature", "properties": {"geotechnicalSoilCode": "NBE", "geotechnicalSoilName": "niet gedefinieerd", "remarks": "1) yellow-gray 2) matig hard 3) KAS ", "soilDistribution": [0.0, 0.0, 0.0, 0.0, 0.0, 0.0], "location_uid": "B61F3164 Maastricht A2 tunnel"}, "geometry": {"type": "LineString", "coordinates": [[5.7160027318811135, 50.843248671351674, 78.39809178478103], [5.7160027318811135, 50.843248671351674, 78.20809178478103]]}}, {"id": "259", "type": "Feature", "properties": {"geotechnicalSoilCode": "NBE", "geotechnicalSoilName": "niet gedefinieerd", "remarks": "1) gray 2) matig hard 3) KAS ", "soilDistribution": [0.0, 0.0, 0.0, 0.0, 0.0, 0.0], "location_uid": "B61F3164 Maastricht A2 tunnel"}, "geometry": {"type": "LineString", "coordinates": [[5.7160027318811135, 50.843248671351674, 78.20809178478103], [5.7160027318811135, 50.843248671351674, 77.94809178478101]]}}, {"id": "260", "type": "Feature", "properties": {"geotechnicalSoilCode": "NBE", "geotechnicalSoilName": "niet gedefinieerd", "remarks": "1) gray 2) matig hard 3) KAS ", "soilDistribution": [0.0, 0.0, 0.0, 0.0, 0.0, 0.0], "location_uid": "B61F3164 Maastricht A2 tunnel"}, "geometry": {"type": "LineString", "coordinates": [[5.7160027318811135, 50.843248671351674, 77.94809178478101], [5.7160027318811135, 50.843248671351674, 77.71809178478102]]}}, {"id": "261", "type": "Feature", "properties": {"geotechnicalSoilCode": "NBE", "geotechnicalSoilName": "niet gedefinieerd", "remarks": "1) gray 2) matig hard 3) KAS ", "soilDistribution": [0.0, 0.0, 0.0, 0.0, 0.0, 0.0], "location_uid": "B61F3164 Maastricht A2 tunnel"}, "geometry": {"type": "LineString", "coordinates": [[5.7160027318811135, 50.843248671351674, 77.71809178478102], [5.7160027318811135, 50.843248671351674, 76.20809178478102]]}}, {"id": "262", "type": "Feature", "properties": {"geotechnicalSoilCode": "NBE", "geotechnicalSoilName": "niet gedefinieerd", "remarks": "1) VUS ", "soilDistribution": [0.0, 0.0, 0.0, 0.0, 0.0, 0.0], "location_uid": "B61F3164 Maastricht A2 tunnel"}, "geometry": {"type": "LineString", "coordinates": [[5.7160027318811135, 50.843248671351674, 76.20809178478102], [5.7160027318811135, 50.843248671351674, 76.13809178478103]]}}, {"id": "263", "type": "Feature", "properties": {"geotechnicalSoilCode": "NBE", "geotechnicalSoilName": "niet gedefinieerd", "remarks": "1) gray 2) matig hard 3) KAS ", "soilDistribution": [0.0, 0.0, 0.0, 0.0, 0.0, 0.0], "location_uid": "B61F3164 Maastricht A2 tunnel"}, "geometry": {"type": "LineString", "coordinates": [[5.7160027318811135, 50.843248671351674, 76.13809178478103], [5.7160027318811135, 50.843248671351674, 75.75809178478102]]}}, {"id": "264", "type": "Feature", "properties": {"geotechnicalSoilCode": "NBE", "geotechnicalSoilName": "niet gedefinieerd", "remarks": "1) gray 2) matig hard 3) KAS 4) glauconiet in graafgangen ", "soilDistribution": [0.0, 0.0, 0.0, 0.0, 0.0, 0.0], "location_uid": "B61F3164 Maastricht A2 tunnel"}, "geometry": {"type": "Point", "coordinates": [5.7160027318811135, 50.843248671351674, 75.75809178478102]}}, {"id": "265", "type": "Feature", "properties": {"geotechnicalSoilCode": "NBE", "geotechnicalSoilName": "niet gedefinieerd", "remarks": "1) GM ", "soilDistribution": [0.0, 0.0, 0.0, 0.0, 0.0, 0.0], "location_uid": "B61F3164 Maastricht A2 tunnel"}, "geometry": {"type": "Point", "coordinates": [5.7160027318811135, 50.843248671351674, 75.75809178478102]}}, {"id": "266", "type": "Feature", "properties": {"geotechnicalSoilCode": "NBE", "geotechnicalSoilName": "niet gedefinieerd", "remarks": "1) gray 2) matig hard 3) KAS 4) glauconiet in graafgangen ", "soilDistribution": [0.0, 0.0, 0.0, 0.0, 0.0, 0.0], "location_uid": "B61F3164 Maastricht A2 tunnel"}, "geometry": {"type": "Point", "coordinates": [5.7160027318811135, 50.843248671351674, 75.75809178478102]}}, {"id": "267", "type": "Feature", "properties": {"geotechnicalSoilCode": "NBE", "geotechnicalSoilName": "niet gedefinieerd", "remarks": "1) gray 2) matig hard 3) KAS 4) glauconiet in graafgangen ", "soilDistribution": [0.0, 0.0, 0.0, 0.0, 0.0, 0.0], "location_uid": "B61F3164 Maastricht A2 tunnel"}, "geometry": {"type": "Point", "coordinates": [5.7160027318811135, 50.843248671351674, 75.75809178478102]}}, {"id": "268", "type": "Feature", "properties": {"geotechnicalSoilCode": "NBE", "geotechnicalSoilName": "niet gedefinieerd", "remarks": "1) gray 2) matig hard 3) KAS 4) glauconiet in graafgangen ", "soilDistribution": [0.0, 0.0, 0.0, 0.0, 0.0, 0.0], "location_uid": "B61F3164 Maastricht A2 tunnel"}, "geometry": {"type": "Point", "coordinates": [5.7160027318811135, 50.843248671351674, 75.75809178478102]}}, {"id": "269", "type": "Feature", "properties": {"geotechnicalSoilCode": "NBE", "geotechnicalSoilName": "niet gedefinieerd", "remarks": "1) gray 2) matig hard 3) KAS 4) glauconiet in graafgangen ", "soilDistribution": [0.0, 0.0, 0.0, 0.0, 0.0, 0.0], "location_uid": "B61F3164 Maastricht A2 tunnel"}, "geometry": {"type": "Point", "coordinates": [5.7160027318811135, 50.843248671351674, 75.75809178478102]}}, {"id": "270", "type": "Feature", "properties": {"geotechnicalSoilCode": "NBE", "geotechnicalSoilName": "niet gedefinieerd", "remarks": "1) gray 2) matig hard 3) KAS 4) glauconiet in graafgangen ", "soilDistribution": [0.0, 0.0, 0.0, 0.0, 0.0, 0.0], "location_uid": "B61F3164 Maastricht A2 tunnel"}, "geometry": {"type": "Point", "coordinates": [5.7160027318811135, 50.843248671351674, 75.75809178478102]}}, {"id": "271", "type": "Feature", "properties": {"geotechnicalSoilCode": "NBE", "geotechnicalSoilName": "niet gedefinieerd", "remarks": "1) gray 2) matig hard 3) KAS 4) glauconiet in graafgangen ", "soilDistribution": [0.0, 0.0, 0.0, 0.0, 0.0, 0.0], "location_uid": "B61F3164 Maastricht A2 tunnel"}, "geometry": {"type": "Point", "coordinates": [5.7160027318811135, 50.843248671351674, 75.75809178478102]}}, {"id": "272", "type": "Feature", "properties": {"geotechnicalSoilCode": "NBE", "geotechnicalSoilName": "niet gedefinieerd", "remarks": "1) gray 2) matig hard 3) KAS 4) glauconiet in graafgangen ", "soilDistribution": [0.0, 0.0, 0.0, 0.0, 0.0, 0.0], "location_uid": "B61F3164 Maastricht A2 tunnel"}, "geometry": {"type": "Point", "coordinates": [5.7160027318811135, 50.843248671351674, 75.75809178478102]}}, {"id": "273", "type": "Feature", "properties": {"geotechnicalSoilCode": "NBE", "geotechnicalSoilName": "niet gedefinieerd", "remarks": "1) gray 2) matig hard 3) KAS 4) glauconiet in graafgangen ", "soilDistribution": [0.0, 0.0, 0.0, 0.0, 0.0, 0.0], "location_uid": "B61F3164 Maastricht A2 tunnel"}, "geometry": {"type": "Point", "coordinates": [5.7160027318811135, 50.843248671351674, 75.75809178478102]}}, {"id": "274", "type": "Feature", "properties": {"geotechnicalSoilCode": "NBE", "geotechnicalSoilName": "niet gedefinieerd", "remarks": "1) gray 2) matig hard 3) KAS 4) glauconiet in graafgangen ", "soilDistribution": [0.0, 0.0, 0.0, 0.0, 0.0, 0.0], "location_uid": "B61F3164 Maastricht A2 tunnel"}, "geometry": {"type": "Point", "coordinates": [5.7160027318811135, 50.843248671351674, 75.75809178478102]}}, {"id": "275", "type": "Feature", "properties": {"geotechnicalSoilCode": "NBE", "geotechnicalSoilName": "niet gedefinieerd", "remarks": "1) gray 2) matig hard 3) KAS 4) glauconiet in graafgangen ", "soilDistribution": [0.0, 0.0, 0.0, 0.0, 0.0, 0.0], "location_uid": "B61F3164 Maastricht A2 tunnel"}, "geometry": {"type": "Point", "coordinates": [5.7160027318811135, 50.843248671351674, 75.75809178478102]}}, {"id": "276", "type": "Feature", "properties": {"geotechnicalSoilCode": "NBE", "geotechnicalSoilName": "niet gedefinieerd", "remarks": "1) gray 2) matig hard 3) KAS 4) glauconiet in graafgangen ", "soilDistribution": [0.0, 0.0, 0.0, 0.0, 0.0, 0.0], "location_uid": "B61F3164 Maastricht A2 tunnel"}, "geometry": {"type": "Point", "coordinates": [5.7160027318811135, 50.843248671351674, 75.75809178478102]}}, {"id": "277", "type": "Feature", "properties": {"geotechnicalSoilCode": "NBE", "geotechnicalSoilName": "niet gedefinieerd", "remarks": "1) gray 2) matig hard 3) KAS 4) glauconiet in graafgangen ", "soilDistribution": [0.0, 0.0, 0.0, 0.0, 0.0, 0.0], "location_uid": "B61F3164 Maastricht A2 tunnel"}, "geometry": {"type": "Point", "coordinates": [5.7160027318811135, 50.843248671351674, 75.75809178478102]}}, {"id": "278", "type": "Feature", "properties": {"geotechnicalSoilCode": "NBE", "geotechnicalSoilName": "niet gedefinieerd", "remarks": "1) gray 2) matig hard 3) KAS 4) glauconiet in graafgangen ", "soilDistribution": [0.0, 0.0, 0.0, 0.0, 0.0, 0.0], "location_uid": "B61F3164 Maastricht A2 tunnel"}, "geometry": {"type": "Point", "coordinates": [5.7160027318811135, 50.843248671351674, 75.75809178478102]}}, {"id": "279", "type": "Feature", "properties": {"geotechnicalSoilCode": "NBE", "geotechnicalSoilName": "niet gedefinieerd", "remarks": "1) gray 2) matig hard 3) KAS 4) glauconiet in graafgangen ", "soilDistribution": [0.0, 0.0, 0.0, 0.0, 0.0, 0.0], "location_uid": "B61F3164 Maastricht A2 tunnel"}, "geometry": {"type": "Point", "coordinates": [5.7160027318811135, 50.843248671351674, 75.75809178478102]}}, {"id": "280", "type": "Feature", "properties": {"geotechnicalSoilCode": "NBE", "geotechnicalSoilName": "niet gedefinieerd", "remarks": "1) gray 2) matig hard 3) KAS 4) glauconiet in graafgangen ", "soilDistribution": [0.0, 0.0, 0.0, 0.0, 0.0, 0.0], "location_uid": "B61F3164 Maastricht A2 tunnel"}, "geometry": {"type": "Point", "coordinates": [5.7160027318811135, 50.843248671351674, 75.75809178478102]}}, {"id": "281", "type": "Feature", "properties": {"geotechnicalSoilCode": "NBE", "geotechnicalSoilName": "niet gedefinieerd", "remarks": "1) VUS ", "soilDistribution": [0.0, 0.0, 0.0, 0.0, 0.0, 0.0], "location_uid": "B61F3164 Maastricht A2 tunnel"}, "geometry": {"type": "Point", "coordinates": [5.7160027318811135, 50.843248671351674, 75.75809178478102]}}, {"id": "282", "type": "Feature", "properties": {"geotechnicalSoilCode": "NBE", "geotechnicalSoilName": "niet gedefinieerd", "remarks": "1) gray 2) matig hard 3) KAS 4) glauconiet in graafgangen ", "soilDistribution": [0.0, 0.0, 0.0, 0.0, 0.0, 0.0], "location_uid": "B61F3164 Maastricht A2 tunnel"}, "geometry": {"type": "Point", "coordinates": [5.7160027318811135, 50.843248671351674, 75.75809178478102]}}, {"id": "283", "type": "Feature", "properties": {"geotechnicalSoilCode": "NBE", "geotechnicalSoilName": "niet gedefinieerd", "remarks": "1) gray 2) matig hard 3) KAS 4) glauconiet in graafgangen ", "soilDistribution": [0.0, 0.0, 0.0, 0.0, 0.0, 0.0], "location_uid": "B61F3164 Maastricht A2 tunnel"}, "geometry": {"type": "Point", "coordinates": [5.7160027318811135, 50.843248671351674, 75.75809178478102]}}, {"id": "284", "type": "Feature", "properties": {"geotechnicalSoilCode": "NBE", "geotechnicalSoilName": "niet gedefinieerd", "remarks": "1) gray 2) matig hard 3) KAS 4) Crinoidea Foraminifera glauconiet in graafgangen ", "soilDistribution": [0.0, 0.0, 0.0, 0.0, 0.0, 0.0], "location_uid": "B61F3164 Maastricht A2 tunnel"}, "geometry": {"type": "Point", "coordinates": [5.7160027318811135, 50.843248671351674, 75.75809178478102]}}, {"id": "285", "type": "Feature", "properties": {"geotechnicalSoilCode": "NBE", "geotechnicalSoilName": "niet gedefinieerd", "remarks": "1) gray 2) matig hard 3) KAS 4) glauconiet in graafgangen ", "soilDistribution": [0.0, 0.0, 0.0, 0.0, 0.0, 0.0], "location_uid": "B61F3164 Maastricht A2 tunnel"}, "geometry": {"type": "Point", "coordinates": [5.7160027318811135, 50.843248671351674, 75.75809178478102]}}, {"id": "286", "type": "Feature", "properties": {"geotechnicalSoilCode": "NBE", "geotechnicalSoilName": "niet gedefinieerd", "remarks": "1) gray 2) matig hard 3) KAS 4) glauconiet in graafgangen ", "soilDistribution": [0.0, 0.0, 0.0, 0.0, 0.0, 0.0], "location_uid": "B61F3164 Maastricht A2 tunnel"}, "geometry": {"type": "Point", "coordinates": [5.7160027318811135, 50.843248671351674, 75.75809178478102]}}, {"id": "287", "type": "Feature", "properties": {"geotechnicalSoilCode": "NBE", "geotechnicalSoilName": "niet gedefinieerd", "remarks": "1) gray 2) matig hard 3) KAS 4) glauconiet in graafgangen ", "soilDistribution": [0.0, 0.0, 0.0, 0.0, 0.0, 0.0], "location_uid": "B61F3164 Maastricht A2 tunnel"}, "geometry": {"type": "Point", "coordinates": [5.7160027318811135, 50.843248671351674, 75.75809178478102]}}, {"id": "288", "type": "Feature", "properties": {"geotechnicalSoilCode": "NBE", "geotechnicalSoilName": "niet gedefinieerd", "remarks": "1) gray 2) matig hard 3) KAS 4) glauconiet in graafgangen ", "soilDistribution": [0.0, 0.0, 0.0, 0.0, 0.0, 0.0], "location_uid": "B61F3164 Maastricht A2 tunnel"}, "geometry": {"type": "Point", "coordinates": [5.7160027318811135, 50.843248671351674, 75.75809178478102]}}, {"id": "289", "type": "Feature", "properties": {"geotechnicalSoilCode": "NBE", "geotechnicalSoilName": "niet gedefinieerd", "remarks": "1) gray 2) matig hard 3) KAS 4) glauconiet in graafgangen ", "soilDistribution": [0.0, 0.0, 0.0, 0.0, 0.0, 0.0], "location_uid": "B61F3164 Maastricht A2 tunnel"}, "geometry": {"type": "Point", "coordinates": [5.7160027318811135, 50.843248671351674, 75.75809178478102]}}, {"id": "290", "type": "Feature", "properties": {"geotechnicalSoilCode": "NBE", "geotechnicalSoilName": "niet gedefinieerd", "remarks": "1) gray 2) matig hard 3) KAS 4) glauconiet in graafgangen ", "soilDistribution": [0.0, 0.0, 0.0, 0.0, 0.0, 0.0], "location_uid": "B61F3164 Maastricht A2 tunnel"}, "geometry": {"type": "Point", "coordinates": [5.7160027318811135, 50.843248671351674, 75.75809178478102]}}, {"id": "291", "type": "Feature", "properties": {"geotechnicalSoilCode": "NBE", "geotechnicalSoilName": "niet gedefinieerd", "remarks": "1) GM ", "soilDistribution": [0.0, 0.0, 0.0, 0.0, 0.0, 0.0], "location_uid": "B61F3164 Maastricht A2 tunnel"}, "geometry": {"type": "Point", "coordinates": [5.7160027318811135, 50.843248671351674, 75.75809178478102]}}, {"id": "292", "type": "Feature", "properties": {"geotechnicalSoilCode": "NBE", "geotechnicalSoilName": "niet gedefinieerd", "remarks": "1) gray 2) matig hard 3) KAS 4) zee-egel glauconiet in graafgangen ", "soilDistribution": [0.0, 0.0, 0.0, 0.0, 0.0, 0.0], "location_uid": "B61F3164 Maastricht A2 tunnel"}, "geometry": {"type": "Point", "coordinates": [5.7160027318811135, 50.843248671351674, 75.75809178478102]}}, {"id": "293", "type": "Feature", "properties": {"geotechnicalSoilCode": "NBE", "geotechnicalSoilName": "niet gedefinieerd", "remarks": "1) gray 2) matig hard 3) KAS 4) glauconiet in graafgangen ", "soilDistribution": [0.0, 0.0, 0.0, 0.0, 0.0, 0.0], "location_uid": "B61F3164 Maastricht A2 tunnel"}, "geometry": {"type": "Point", "coordinates": [5.7160027318811135, 50.843248671351674, 75.75809178478102]}}, {"id": "294", "type": "Feature", "properties": {"geotechnicalSoilCode": "NBE", "geotechnicalSoilName": "niet gedefinieerd", "remarks": "1) gray 2) matig hard 3) KAS 4) ammoniet glauconiet in graafgangen ", "soilDistribution": [0.0, 0.0, 0.0, 0.0, 0.0, 0.0], "location_uid": "B61F3164 Maastricht A2 tunnel"}, "geometry": {"type": "Point", "coordinates": [5.7160027318811135, 50.843248671351674, 75.75809178478102]}}, {"id": "295", "type": "Feature", "properties": {"geotechnicalSoilCode": "NBE", "geotechnicalSoilName": "niet gedefinieerd", "remarks": "1) gray 2) zacht 3) KAS ", "soilDistribution": [0.0, 0.0, 0.0, 0.0, 0.0, 0.0], "location_uid": "B61F3164 Maastricht A2 tunnel"}, "geometry": {"type": "Point", "coordinates": [5.7160027318811135, 50.843248671351674, 75.75809178478102]}}, {"id": "296", "type": "Feature", "properties": {"geotechnicalSoilCode": "NBE", "geotechnicalSoilName": "niet gedefinieerd", "remarks": "1) gray 2) zacht 3) KAS ", "soilDistribution": [0.0, 0.0, 0.0, 0.0, 0.0, 0.0], "location_uid": "B61F3164 Maastricht A2 tunnel"}, "geometry": {"type": "Point", "coordinates": [5.7160027318811135, 50.843248671351674, 75.75809178478102]}}, {"id": "297", "type": "Feature", "properties": {"geotechnicalSoilCode": "NBE", "geotechnicalSoilName": "niet gedefinieerd", "remarks": "1) gray 2) zacht 3) KAS ", "soilDistribution": [0.0, 0.0, 0.0, 0.0, 0.0, 0.0], "location_uid": "B61F3164 Maastricht A2 tunnel"}, "geometry": {"type": "Point", "coordinates": [5.7160027318811135, 50.843248671351674, 75.75809178478102]}}, {"id": "298", "type": "Feature", "properties": {"geotechnicalSoilCode": "NBE", "geotechnicalSoilName": "niet gedefinieerd", "remarks": "1) gray 2) zacht 3) KAS ", "soilDistribution": [0.0, 0.0, 0.0, 0.0, 0.0, 0.0], "location_uid": "B61F3164 Maastricht A2 tunnel"}, "geometry": {"type": "Point", "coordinates": [5.7160027318811135, 50.843248671351674, 75.75809178478102]}}, {"id": "299", "type": "Feature", "properties": {"geotechnicalSoilCode": "NBE", "geotechnicalSoilName": "niet gedefinieerd", "remarks": "1) gray 2) zacht 3) KAS 4) crinoide ", "soilDistribution": [0.0, 0.0, 0.0, 0.0, 0.0, 0.0], "location_uid": "B61F3164 Maastricht A2 tunnel"}, "geometry": {"type": "Point", "coordinates": [5.7160027318811135, 50.843248671351674, 75.75809178478102]}}, {"id": "300", "type": "Feature", "properties": {"geotechnicalSoilCode": "NBE", "geotechnicalSoilName": "niet gedefinieerd", "remarks": "1) gray 2) zacht 3) KAS ", "soilDistribution": [0.0, 0.0, 0.0, 0.0, 0.0, 0.0], "location_uid": "B61F3164 Maastricht A2 tunnel"}, "geometry": {"type": "Point", "coordinates": [5.7160027318811135, 50.843248671351674, 75.75809178478102]}}, {"id": "301", "type": "Feature", "properties": {"geotechnicalSoilCode": "NBE", "geotechnicalSoilName": "niet gedefinieerd", "remarks": "1) gray 2) zacht 3) KAS ", "soilDistribution": [0.0, 0.0, 0.0, 0.0, 0.0, 0.0], "location_uid": "B61F3164 Maastricht A2 tunnel"}, "geometry": {"type": "Point", "coordinates": [5.7160027318811135, 50.843248671351674, 75.75809178478102]}}, {"id": "302", "type": "Feature", "properties": {"geotechnicalSoilCode": "NBE", "geotechnicalSoilName": "niet gedefinieerd", "remarks": "1) gray 2) zacht 3) KAS ", "soilDistribution": [0.0, 0.0, 0.0, 0.0, 0.0, 0.0], "location_uid": "B61F3164 Maastricht A2 tunnel"}, "geometry": {"type": "Point", "coordinates": [5.7160027318811135, 50.843248671351674, 75.75809178478102]}}, {"id": "303", "type": "Feature", "properties": {"geotechnicalSoilCode": "NBE", "geotechnicalSoilName": "niet gedefinieerd", "remarks": "1) gray 2) zacht 3) KAS ", "soilDistribution": [0.0, 0.0, 0.0, 0.0, 0.0, 0.0], "location_uid": "B61F3164 Maastricht A2 tunnel"}, "geometry": {"type": "Point", "coordinates": [5.7160027318811135, 50.843248671351674, 75.75809178478102]}}, {"id": "304", "type": "Feature", "properties": {"geotechnicalSoilCode": "NBE", "geotechnicalSoilName": "niet gedefinieerd", "remarks": "1) GM ", "soilDistribution": [0.0, 0.0, 0.0, 0.0, 0.0, 0.0], "location_uid": "B61F3164 Maastricht A2 tunnel"}, "geometry": {"type": "Point", "coordinates": [5.7160027318811135, 50.843248671351674, 75.75809178478102]}}, {"id": "305", "type": "Feature", "properties": {"geotechnicalSoilCode": "NBE", "geotechnicalSoilName": "niet gedefinieerd", "remarks": "1) gray 2) zacht 3) KAS ", "soilDistribution": [0.0, 0.0, 0.0, 0.0, 0.0, 0.0], "location_uid": "B61F3164 Maastricht A2 tunnel"}, "geometry": {"type": "Point", "coordinates": [5.7160027318811135, 50.843248671351674, 75.75809178478102]}}, {"id": "306", "type": "Feature", "properties": {"geotechnicalSoilCode": "NBE", "geotechnicalSoilName": "niet gedefinieerd", "remarks": "1) VUS ", "soilDistribution": [0.0, 0.0, 0.0, 0.0, 0.0, 0.0], "location_uid": "B61F3164 Maastricht A2 tunnel"}, "geometry": {"type": "Point", "coordinates": [5.7160027318811135, 50.843248671351674, 75.75809178478102]}}, {"id": "307", "type": "Feature", "properties": {"geotechnicalSoilCode": "NBE", "geotechnicalSoilName": "niet gedefinieerd", "remarks": "1) gray 2) zacht 3) KAS ", "soilDistribution": [0.0, 0.0, 0.0, 0.0, 0.0, 0.0], "location_uid": "B61F3164 Maastricht A2 tunnel"}, "geometry": {"type": "Point", "coordinates": [5.7160027318811135, 50.843248671351674, 75.75809178478102]}}, {"id": "308", "type": "Feature", "properties": {"geotechnicalSoilCode": "NBE", "geotechnicalSoilName": "niet gedefinieerd", "remarks": "1) VUS ", "soilDistribution": [0.0, 0.0, 0.0, 0.0, 0.0, 0.0], "location_uid": "B61F3164 Maastricht A2 tunnel"}, "geometry": {"type": "Point", "coordinates": [5.7160027318811135, 50.843248671351674, 75.75809178478102]}}, {"id": "309", "type": "Feature", "properties": {"geotechnicalSoilCode": "NBE", "geotechnicalSoilName": "niet gedefinieerd", "remarks": "1) gray 2) zacht 3) KAS ", "soilDistribution": [0.0, 0.0, 0.0, 0.0, 0.0, 0.0], "location_uid": "B61F3164 Maastricht A2 tunnel"}, "geometry": {"type": "Point", "coordinates": [5.7160027318811135, 50.843248671351674, 75.75809178478102]}}, {"id": "310", "type": "Feature", "properties": {"geotechnicalSoilCode": "NBE", "geotechnicalSoilName": "niet gedefinieerd", "remarks": "1) VUS ", "soilDistribution": [0.0, 0.0, 0.0, 0.0, 0.0, 0.0], "location_uid": "B61F3164 Maastricht A2 tunnel"}, "geometry": {"type": "Point", "coordinates": [5.7160027318811135, 50.843248671351674, 75.75809178478102]}}, {"id": "311", "type": "Feature", "properties": {"geotechnicalSoilCode": "NBE", "geotechnicalSoilName": "niet gedefinieerd", "remarks": "1) gray 2) zacht 3) KAS 4) Serpula ", "soilDistribution": [0.0, 0.0, 0.0, 0.0, 0.0, 0.0], "location_uid": "B61F3164 Maastricht A2 tunnel"}, "geometry": {"type": "Point", "coordinates": [5.7160027318811135, 50.843248671351674, 75.75809178478102]}}, {"id": "312", "type": "Feature", "properties": {"geotechnicalSoilCode": "NBE", "geotechnicalSoilName": "niet gedefinieerd", "remarks": "1) gray 2) zacht 3) KAS ", "soilDistribution": [0.0, 0.0, 0.0, 0.0, 0.0, 0.0], "location_uid": "B61F3164 Maastricht A2 tunnel"}, "geometry": {"type": "Point", "coordinates": [5.7160027318811135, 50.843248671351674, 75.75809178478102]}}, {"id": "313", "type": "Feature", "properties": {"geotechnicalSoilCode": "NBE", "geotechnicalSoilName": "niet gedefinieerd", "remarks": "1) VUS ", "soilDistribution": [0.0, 0.0, 0.0, 0.0, 0.0, 0.0], "location_uid": "B61F3164 Maastricht A2 tunnel"}, "geometry": {"type": "Point", "coordinates": [5.7160027318811135, 50.843248671351674, 75.75809178478102]}}, {"id": "314", "type": "Feature", "properties": {"geotechnicalSoilCode": "NBE", "geotechnicalSoilName": "niet gedefinieerd", "remarks": "1) gray 2) zacht 3) KAS ", "soilDistribution": [0.0, 0.0, 0.0, 0.0, 0.0, 0.0], "location_uid": "B61F3164 Maastricht A2 tunnel"}, "geometry": {"type": "Point", "coordinates": [5.7160027318811135, 50.843248671351674, 75.75809178478102]}}, {"id": "315", "type": "Feature", "properties": {"geotechnicalSoilCode": "NBE", "geotechnicalSoilName": "niet gedefinieerd", "remarks": "1) VUS ", "soilDistribution": [0.0, 0.0, 0.0, 0.0, 0.0, 0.0], "location_uid": "B61F3164 Maastricht A2 tunnel"}, "geometry": {"type": "Point", "coordinates": [5.7160027318811135, 50.843248671351674, 75.75809178478102]}}, {"id": "316", "type": "Feature", "properties": {"geotechnicalSoilCode": "NBE", "geotechnicalSoilName": "niet gedefinieerd", "remarks": "1) gray 2) zacht 3) KAS 4) Crustacea ", "soilDistribution": [0.0, 0.0, 0.0, 0.0, 0.0, 0.0], "location_uid": "B61F3164 Maastricht A2 tunnel"}, "geometry": {"type": "Point", "coordinates": [5.7160027318811135, 50.843248671351674, 75.75809178478102]}}, {"id": "317", "type": "Feature", "properties": {"geotechnicalSoilCode": "NBE", "geotechnicalSoilName": "niet gedefinieerd", "remarks": "1) gray 2) zacht 3) KAS 4) Crinoidea glauconiet in graafgangen ", "soilDistribution": [0.0, 0.0, 0.0, 0.0, 0.0, 0.0], "location_uid": "B61F3164 Maastricht A2 tunnel"}, "geometry": {"type": "Point", "coordinates": [5.7160027318811135, 50.843248671351674, 75.75809178478102]}}, {"id": "318", "type": "Feature", "properties": {"geotechnicalSoilCode": "NBE", "geotechnicalSoilName": "niet gedefinieerd", "remarks": "1) gray 2) zacht 3) KAS ", "soilDistribution": [0.0, 0.0, 0.0, 0.0, 0.0, 0.0], "location_uid": "B61F3164 Maastricht A2 tunnel"}, "geometry": {"type": "Point", "coordinates": [5.7160027318811135, 50.843248671351674, 75.75809178478102]}}, {"id": "319", "type": "Feature", "properties": {"geotechnicalSoilCode": "NBE", "geotechnicalSoilName": "niet gedefinieerd", "remarks": "1) VUS ", "soilDistribution": [0.0, 0.0, 0.0, 0.0, 0.0, 0.0], "location_uid": "B61F3164 Maastricht A2 tunnel"}, "geometry": {"type": "Point", "coordinates": [5.7160027318811135, 50.843248671351674, 75.75809178478102]}}, {"id": "320", "type": "Feature", "properties": {"geotechnicalSoilCode": "NBE", "geotechnicalSoilName": "niet gedefinieerd", "remarks": "1) gray 2) zacht 3) KAS ", "soilDistribution": [0.0, 0.0, 0.0, 0.0, 0.0, 0.0], "location_uid": "B61F3164 Maastricht A2 tunnel"}, "geometry": {"type": "Point", "coordinates": [5.7160027318811135, 50.843248671351674, 75.75809178478102]}}, {"id": "321", "type": "Feature", "properties": {"geotechnicalSoilCode": "NBE", "geotechnicalSoilName": "niet gedefinieerd", "remarks": "1) VUS ", "soilDistribution": [0.0, 0.0, 0.0, 0.0, 0.0, 0.0], "location_uid": "B61F3164 Maastricht A2 tunnel"}, "geometry": {"type": "Point", "coordinates": [5.7160027318811135, 50.843248671351674, 75.75809178478102]}}, {"id": "322", "type": "Feature", "properties": {"geotechnicalSoilCode": "NBE", "geotechnicalSoilName": "niet gedefinieerd", "remarks": "1) gray 2) zacht 3) KAS ", "soilDistribution": [0.0, 0.0, 0.0, 0.0, 0.0, 0.0], "location_uid": "B61F3164 Maastricht A2 tunnel"}, "geometry": {"type": "Point", "coordinates": [5.7160027318811135, 50.843248671351674, 75.75809178478102]}}, {"id": "323", "type": "Feature", "properties": {"geotechnicalSoilCode": "NBE", "geotechnicalSoilName": "niet gedefinieerd", "remarks": "1) gray 2) zacht 3) KAS ", "soilDistribution": [0.0, 0.0, 0.0, 0.0, 0.0, 0.0], "location_uid": "B61F3164 Maastricht A2 tunnel"}, "geometry": {"type": "Point", "coordinates": [5.7160027318811135, 50.843248671351674, 75.75809178478102]}}, {"id": "324", "type": "Feature", "properties": {"geotechnicalSoilCode": "NBE", "geotechnicalSoilName": "niet gedefinieerd", "remarks": "1) gray 2) zacht 3) KAS ", "soilDistribution": [0.0, 0.0, 0.0, 0.0, 0.0, 0.0], "location_uid": "B61F3164 Maastricht A2 tunnel"}, "geometry": {"type": "Point", "coordinates": [5.7160027318811135, 50.843248671351674, 75.75809178478102]}}, {"id": "325", "type": "Feature", "properties": {"geotechnicalSoilCode": "NBE", "geotechnicalSoilName": "niet gedefinieerd", "remarks": "1) gray 2) zacht 3) spoor schelpmateriaal <1% 4) weinig glauconiet (1-10%) 5) KAS 6) Entolium sp. rolsteentjes ", "soilDistribution": [0.0, 0.0, 0.0, 0.0, 0.0, 0.0], "location_uid": "B61F3164 Maastricht A2 tunnel"}, "geometry": {"type": "Point", "coordinates": [5.7160027318811135, 50.843248671351674, 75.75809178478102]}}, {"id": "326", "type": "Feature", "properties": {"geotechnicalSoilCode": "NBE", "geotechnicalSoilName": "niet gedefinieerd", "remarks": "1) GM ", "soilDistribution": [0.0, 0.0, 0.0, 0.0, 0.0, 0.0], "location_uid": "B61F3164 Maastricht A2 tunnel"}, "geometry": {"type": "Point", "coordinates": [5.7160027318811135, 50.843248671351674, 75.75809178478102]}}, {"id": "327", "type": "Feature", "properties": {"geotechnicalSoilCode": "L", "geotechnicalSoilName": "zwakZandigSilt", "remarks": "1) loess ", "soilDistribution": [0.0, 0.0, 0.2, 0.8, 0.0, 0.0], "location_uid": "B61F3170 Maastricht A2 tunnel"}, "geometry": {"type": "LineString", "coordinates": [[5.710289131220531, 50.852523361391555, 93.91863483983565], [5.710289131220531, 50.852523361391555, 80.96863483983566]]}}, {"id": "328", "type": "Feature", "properties": {"geotechnicalSoilCode": "NBE", "geotechnicalSoilName": "niet gedefinieerd", "remarks": "1) yellow-orange 2) zacht 3) KAS ", "soilDistribution": [0.0, 0.0, 0.0, 0.0, 0.0, 0.0], "location_uid": "B61F3170 Maastricht A2 tunnel"}, "geometry": {"type": "LineString", "coordinates": [[5.710289131220531, 50.852523361391555, 80.96863483983566], [5.710289131220531, 50.852523361391555, 80.91863483983565]]}}, {"id": "329", "type": "Feature", "properties": {"geotechnicalSoilCode": "NBE", "geotechnicalSoilName": "niet gedefinieerd", "remarks": "1) yellow-orange 2) zacht 3) KAS ", "soilDistribution": [0.0, 0.0, 0.0, 0.0, 0.0, 0.0], "location_uid": "B61F3170 Maastricht A2 tunnel"}, "geometry": {"type": "LineString", "coordinates": [[5.710289131220531, 50.852523361391555, 80.91863483983565], [5.710289131220531, 50.852523361391555, 80.72863483983565]]}}, {"id": "330", "type": "Feature", "properties": {"geotechnicalSoilCode": "NBE", "geotechnicalSoilName": "niet gedefinieerd", "remarks": "1) yellow-orange 2) zacht 3) KAS 4) Hemipneustes ", "soilDistribution": [0.0, 0.0, 0.0, 0.0, 0.0, 0.0], "location_uid": "B61F3170 Maastricht A2 tunnel"}, "geometry": {"type": "Point", "coordinates": [5.710289131220531, 50.852523361391555, 80.72863483983565]}}, {"id": "331", "type": "Feature", "properties": {"geotechnicalSoilCode": "NBE", "geotechnicalSoilName": "niet gedefinieerd", "remarks": "1) yellow-orange 2) zacht 3) KAS ", "soilDistribution": [0.0, 0.0, 0.0, 0.0, 0.0, 0.0], "location_uid": "B61F3170 Maastricht A2 tunnel"}, "geometry": {"type": "Point", "coordinates": [5.710289131220531, 50.852523361391555, 80.72863483983565]}}, {"id": "332", "type": "Feature", "properties": {"geotechnicalSoilCode": "NBE", "geotechnicalSoilName": "niet gedefinieerd", "remarks": "1) GM ", "soilDistribution": [0.0, 0.0, 0.0, 0.0, 0.0, 0.0], "location_uid": "B61F3170 Maastricht A2 tunnel"}, "geometry": {"type": "Point", "coordinates": [5.710289131220531, 50.852523361391555, 80.72863483983565]}}, {"id": "333", "type": "Feature", "properties": {"geotechnicalSoilCode": "NBE", "geotechnicalSoilName": "niet gedefinieerd", "remarks": "1) gray-yellow 2) zacht 3) KAS 4) Hemipneustes ", "soilDistribution": [0.0, 0.0, 0.0, 0.0, 0.0, 0.0], "location_uid": "B61F3170 Maastricht A2 tunnel"}, "geometry": {"type": "Point", "coordinates": [5.710289131220531, 50.852523361391555, 80.72863483983565]}}, {"id": "334", "type": "Feature", "properties": {"geotechnicalSoilCode": "NBE", "geotechnicalSoilName": "niet gedefinieerd", "remarks": "1) GM ", "soilDistribution": [0.0, 0.0, 0.0, 0.0, 0.0, 0.0], "location_uid": "B61F3170 Maastricht A2 tunnel"}, "geometry": {"type": "Point", "coordinates": [5.710289131220531, 50.852523361391555, 80.72863483983565]}}, {"id": "335", "type": "Feature", "properties": {"geotechnicalSoilCode": "NBE", "geotechnicalSoilName": "niet gedefinieerd", "remarks": "1) gray-yellow 2) zacht 3) KAS 4) Hemipneustes ", "soilDistribution": [0.0, 0.0, 0.0, 0.0, 0.0, 0.0], "location_uid": "B61F3170 Maastricht A2 tunnel"}, "geometry": {"type": "Point", "coordinates": [5.710289131220531, 50.852523361391555, 80.72863483983565]}}, {"id": "336", "type": "Feature", "properties": {"geotechnicalSoilCode": "NBE", "geotechnicalSoilName": "niet gedefinieerd", "remarks": "1) GM ", "soilDistribution": [0.0, 0.0, 0.0, 0.0, 0.0, 0.0], "location_uid": "B61F3170 Maastricht A2 tunnel"}, "geometry": {"type": "Point", "coordinates": [5.710289131220531, 50.852523361391555, 80.72863483983565]}}, {"id": "337", "type": "Feature", "properties": {"geotechnicalSoilCode": "NBE", "geotechnicalSoilName": "niet gedefinieerd", "remarks": "1) gray-yellow 2) zacht 3) KAS 4) Hemipneustes ", "soilDistribution": [0.0, 0.0, 0.0, 0.0, 0.0, 0.0], "location_uid": "B61F3170 Maastricht A2 tunnel"}, "geometry": {"type": "Point", "coordinates": [5.710289131220531, 50.852523361391555, 80.72863483983565]}}, {"id": "338", "type": "Feature", "properties": {"geotechnicalSoilCode": "NBE", "geotechnicalSoilName": "niet gedefinieerd", "remarks": "1) GM ", "soilDistribution": [0.0, 0.0, 0.0, 0.0, 0.0, 0.0], "location_uid": "B61F3170 Maastricht A2 tunnel"}, "geometry": {"type": "Point", "coordinates": [5.710289131220531, 50.852523361391555, 80.72863483983565]}}, {"id": "339", "type": "Feature", "properties": {"geotechnicalSoilCode": "NBE", "geotechnicalSoilName": "niet gedefinieerd", "remarks": "1) gray-yellow 2) zacht 3) KAS ", "soilDistribution": [0.0, 0.0, 0.0, 0.0, 0.0, 0.0], "location_uid": "B61F3170 Maastricht A2 tunnel"}, "geometry": {"type": "Point", "coordinates": [5.710289131220531, 50.852523361391555, 80.72863483983565]}}, {"id": "340", "type": "Feature", "properties": {"geotechnicalSoilCode": "NBE", "geotechnicalSoilName": "niet gedefinieerd", "remarks": "1) gray-yellow 2) zacht 3) KAS 4) harde kalksteenbrokjes ", "soilDistribution": [0.0, 0.0, 0.0, 0.0, 0.0, 0.0], "location_uid": "B61F3170 Maastricht A2 tunnel"}, "geometry": {"type": "Point", "coordinates": [5.710289131220531, 50.852523361391555, 80.72863483983565]}}, {"id": "341", "type": "Feature", "properties": {"geotechnicalSoilCode": "NBE", "geotechnicalSoilName": "niet gedefinieerd", "remarks": "1) gray-yellow 2) zacht 3) KAS ", "soilDistribution": [0.0, 0.0, 0.0, 0.0, 0.0, 0.0], "location_uid": "B61F3170 Maastricht A2 tunnel"}, "geometry": {"type": "Point", "coordinates": [5.710289131220531, 50.852523361391555, 80.72863483983565]}}, {"id": "342", "type": "Feature", "properties": {"geotechnicalSoilCode": "NBE", "geotechnicalSoilName": "niet gedefinieerd", "remarks": "1) GM ", "soilDistribution": [0.0, 0.0, 0.0, 0.0, 0.0, 0.0], "location_uid": "B61F3170 Maastricht A2 tunnel"}, "geometry": {"type": "Point", "coordinates": [5.710289131220531, 50.852523361391555, 80.72863483983565]}}, {"id": "343", "type": "Feature", "properties": {"geotechnicalSoilCode": "NBE", "geotechnicalSoilName": "niet gedefinieerd", "remarks": "1) gray-yellow 2) zacht 3) KAS ", "soilDistribution": [0.0, 0.0, 0.0, 0.0, 0.0, 0.0], "location_uid": "B61F3170 Maastricht A2 tunnel"}, "geometry": {"type": "Point", "coordinates": [5.710289131220531, 50.852523361391555, 80.72863483983565]}}, {"id": "344", "type": "Feature", "properties": {"geotechnicalSoilCode": "NBE", "geotechnicalSoilName": "niet gedefinieerd", "remarks": "1) hard 2) KAS ", "soilDistribution": [0.0, 0.0, 0.0, 0.0, 0.0, 0.0], "location_uid": "B61F3170 Maastricht A2 tunnel"}, "geometry": {"type": "Point", "coordinates": [5.710289131220531, 50.852523361391555, 80.72863483983565]}}, {"id": "345", "type": "Feature", "properties": {"geotechnicalSoilCode": "NBE", "geotechnicalSoilName": "niet gedefinieerd", "remarks": "1) gray-yellow 2) zacht 3) KAS ", "soilDistribution": [0.0, 0.0, 0.0, 0.0, 0.0, 0.0], "location_uid": "B61F3170 Maastricht A2 tunnel"}, "geometry": {"type": "Point", "coordinates": [5.710289131220531, 50.852523361391555, 80.72863483983565]}}, {"id": "346", "type": "Feature", "properties": {"geotechnicalSoilCode": "NBE", "geotechnicalSoilName": "niet gedefinieerd", "remarks": "1) gray-yellow 2) zacht 3) KAS 4) fossielengruis ", "soilDistribution": [0.0, 0.0, 0.0, 0.0, 0.0, 0.0], "location_uid": "B61F3170 Maastricht A2 tunnel"}, "geometry": {"type": "Point", "coordinates": [5.710289131220531, 50.852523361391555, 80.72863483983565]}}, {"id": "347", "type": "Feature", "properties": {"geotechnicalSoilCode": "NBE", "geotechnicalSoilName": "niet gedefinieerd", "remarks": "1) gray-yellow 2) zacht 3) KAS ", "soilDistribution": [0.0, 0.0, 0.0, 0.0, 0.0, 0.0], "location_uid": "B61F3170 Maastricht A2 tunnel"}, "geometry": {"type": "Point", "coordinates": [5.710289131220531, 50.852523361391555, 80.72863483983565]}}, {"id": "348", "type": "Feature", "properties": {"geotechnicalSoilCode": "NBE", "geotechnicalSoilName": "niet gedefinieerd", "remarks": "1) gray-yellow 2) zacht 3) KAS ", "soilDistribution": [0.0, 0.0, 0.0, 0.0, 0.0, 0.0], "location_uid": "B61F3170 Maastricht A2 tunnel"}, "geometry": {"type": "Point", "coordinates": [5.710289131220531, 50.852523361391555, 80.72863483983565]}}, {"id": "349", "type": "Feature", "properties": {"geotechnicalSoilCode": "NBE", "geotechnicalSoilName": "niet gedefinieerd", "remarks": "1) gray-yellow 2) zacht 3) KAS ", "soilDistribution": [0.0, 0.0, 0.0, 0.0, 0.0, 0.0], "location_uid": "B61F3170 Maastricht A2 tunnel"}, "geometry": {"type": "Point", "coordinates": [5.710289131220531, 50.852523361391555, 80.72863483983565]}}, {"id": "350", "type": "Feature", "properties": {"geotechnicalSoilCode": "K", "geotechnicalSoilName": "klei", "remarks": "", "soilDistribution": [0.0, 0.0, 0.0, 0.0, 1.0, 0.0], "location_uid": "B61F3170 Maastricht A2 tunnel"}, "geometry": {"type": "Point", "coordinates": [5.710289131220531, 50.852523361391555, 80.72863483983565]}}, {"id": "351", "type": "Feature", "properties": {"geotechnicalSoilCode": "NBE", "geotechnicalSoilName": "niet gedefinieerd", "remarks": "1) gray-yellow 2) zacht 3) KAS ", "soilDistribution": [0.0, 0.0, 0.0, 0.0, 0.0, 0.0], "location_uid": "B61F3170 Maastricht A2 tunnel"}, "geometry": {"type": "Point", "coordinates": [5.710289131220531, 50.852523361391555, 80.72863483983565]}}, {"id": "352", "type": "Feature", "properties": {"geotechnicalSoilCode": "NBE", "geotechnicalSoilName": "niet gedefinieerd", "remarks": "1) GM ", "soilDistribution": [0.0, 0.0, 0.0, 0.0, 0.0, 0.0], "location_uid": "B61F3170 Maastricht A2 tunnel"}, "geometry": {"type": "Point", "coordinates": [5.710289131220531, 50.852523361391555, 80.72863483983565]}}, {"id": "353", "type": "Feature", "properties": {"geotechnicalSoilCode": "NBE", "geotechnicalSoilName": "niet gedefinieerd", "remarks": "1) gray-yellow 2) zacht 3) KAS ", "soilDistribution": [0.0, 0.0, 0.0, 0.0, 0.0, 0.0], "location_uid": "B61F3170 Maastricht A2 tunnel"}, "geometry": {"type": "Point", "coordinates": [5.710289131220531, 50.852523361391555, 80.72863483983565]}}, {"id": "354", "type": "Feature", "properties": {"geotechnicalSoilCode": "NBE", "geotechnicalSoilName": "niet gedefinieerd", "remarks": "1) gray-yellow 2) zacht 3) KAS 4) met harde brokjes ", "soilDistribution": [0.0, 0.0, 0.0, 0.0, 0.0, 0.0], "location_uid": "B61F3170 Maastricht A2 tunnel"}, "geometry": {"type": "Point", "coordinates": [5.710289131220531, 50.852523361391555, 80.72863483983565]}}, {"id": "355", "type": "Feature", "properties": {"geotechnicalSoilCode": "NBE", "geotechnicalSoilName": "niet gedefinieerd", "remarks": "1) gray-yellow 2) zacht 3) KAS ", "soilDistribution": [0.0, 0.0, 0.0, 0.0, 0.0, 0.0], "location_uid": "B61F3170 Maastricht A2 tunnel"}, "geometry": {"type": "Point", "coordinates": [5.710289131220531, 50.852523361391555, 80.72863483983565]}}, {"id": "356", "type": "Feature", "properties": {"geotechnicalSoilCode": "NBE", "geotechnicalSoilName": "niet gedefinieerd", "remarks": "1) gray-yellow 2) zacht 3) KAS 4) met hardere brokjes ", "soilDistribution": [0.0, 0.0, 0.0, 0.0, 0.0, 0.0], "location_uid": "B61F3170 Maastricht A2 tunnel"}, "geometry": {"type": "Point", "coordinates": [5.710289131220531, 50.852523361391555, 80.72863483983565]}}, {"id": "357", "type": "Feature", "properties": {"geotechnicalSoilCode": "NBE", "geotechnicalSoilName": "niet gedefinieerd", "remarks": "1) white 2) zacht 3) KAS 4) met hardere brokjes ", "soilDistribution": [0.0, 0.0, 0.0, 0.0, 0.0, 0.0], "location_uid": "B61F3170 Maastricht A2 tunnel"}, "geometry": {"type": "Point", "coordinates": [5.710289131220531, 50.852523361391555, 80.72863483983565]}}, {"id": "358", "type": "Feature", "properties": {"geotechnicalSoilCode": "NBE", "geotechnicalSoilName": "niet gedefinieerd", "remarks": "1) gray-yellow 2) zacht 3) KAS 4) met hardere brokjes ", "soilDistribution": [0.0, 0.0, 0.0, 0.0, 0.0, 0.0], "location_uid": "B61F3170 Maastricht A2 tunnel"}, "geometry": {"type": "Point", "coordinates": [5.710289131220531, 50.852523361391555, 80.72863483983565]}}, {"id": "359", "type": "Feature", "properties": {"geotechnicalSoilCode": "NBE", "geotechnicalSoilName": "niet gedefinieerd", "remarks": "1) white 2) zacht 3) KAS 4) met hardere brokjes ", "soilDistribution": [0.0, 0.0, 0.0, 0.0, 0.0, 0.0], "location_uid": "B61F3170 Maastricht A2 tunnel"}, "geometry": {"type": "Point", "coordinates": [5.710289131220531, 50.852523361391555, 80.72863483983565]}}, {"id": "360", "type": "Feature", "properties": {"geotechnicalSoilCode": "NBE", "geotechnicalSoilName": "niet gedefinieerd", "remarks": "1) gray-yellow 2) zacht 3) KAS 4) met hardere brokjes ", "soilDistribution": [0.0, 0.0, 0.0, 0.0, 0.0, 0.0], "location_uid": "B61F3170 Maastricht A2 tunnel"}, "geometry": {"type": "Point", "coordinates": [5.710289131220531, 50.852523361391555, 80.72863483983565]}}, {"id": "361", "type": "Feature", "properties": {"geotechnicalSoilCode": "NBE", "geotechnicalSoilName": "niet gedefinieerd", "remarks": "1) white 2) zacht 3) KAS 4) met hardere brokjes ", "soilDistribution": [0.0, 0.0, 0.0, 0.0, 0.0, 0.0], "location_uid": "B61F3170 Maastricht A2 tunnel"}, "geometry": {"type": "Point", "coordinates": [5.710289131220531, 50.852523361391555, 80.72863483983565]}}, {"id": "362", "type": "Feature", "properties": {"geotechnicalSoilCode": "NBE", "geotechnicalSoilName": "niet gedefinieerd", "remarks": "1) gray-yellow 2) zacht 3) KAS 4) met hardere brokjes ", "soilDistribution": [0.0, 0.0, 0.0, 0.0, 0.0, 0.0], "location_uid": "B61F3170 Maastricht A2 tunnel"}, "geometry": {"type": "Point", "coordinates": [5.710289131220531, 50.852523361391555, 80.72863483983565]}}, {"id": "363", "type": "Feature", "properties": {"geotechnicalSoilCode": "NBE", "geotechnicalSoilName": "niet gedefinieerd", "remarks": "1) yellow-pink 2) matig hard 3) spoor schelpmateriaal <1% 4) KAS ", "soilDistribution": [0.0, 0.0, 0.0, 0.0, 0.0, 0.0], "location_uid": "B61F3170 Maastricht A2 tunnel"}, "geometry": {"type": "Point", "coordinates": [5.710289131220531, 50.852523361391555, 80.72863483983565]}}, {"id": "364", "type": "Feature", "properties": {"geotechnicalSoilCode": "NBE", "geotechnicalSoilName": "niet gedefinieerd", "remarks": "1) GM ", "soilDistribution": [0.0, 0.0, 0.0, 0.0, 0.0, 0.0], "location_uid": "B61F3170 Maastricht A2 tunnel"}, "geometry": {"type": "Point", "coordinates": [5.710289131220531, 50.852523361391555, 80.72863483983565]}}, {"id": "365", "type": "Feature", "properties": {"geotechnicalSoilCode": "NBE", "geotechnicalSoilName": "niet gedefinieerd", "remarks": "1) yellow-pink 2) matig hard 3) KAS ", "soilDistribution": [0.0, 0.0, 0.0, 0.0, 0.0, 0.0], "location_uid": "B61F3170 Maastricht A2 tunnel"}, "geometry": {"type": "Point", "coordinates": [5.710289131220531, 50.852523361391555, 80.72863483983565]}}, {"id": "366", "type": "Feature", "properties": {"geotechnicalSoilCode": "NBE", "geotechnicalSoilName": "niet gedefinieerd", "remarks": "1) yellow-gray 2) matig hard 3) KAS ", "soilDistribution": [0.0, 0.0, 0.0, 0.0, 0.0, 0.0], "location_uid": "B61F3170 Maastricht A2 tunnel"}, "geometry": {"type": "Point", "coordinates": [5.710289131220531, 50.852523361391555, 80.72863483983565]}}, {"id": "367", "type": "Feature", "properties": {"geotechnicalSoilCode": "NBE", "geotechnicalSoilName": "niet gedefinieerd", "remarks": "1) yellow-gray 2) matig hard 3) KAS ", "soilDistribution": [0.0, 0.0, 0.0, 0.0, 0.0, 0.0], "location_uid": "B61F3170 Maastricht A2 tunnel"}, "geometry": {"type": "Point", "coordinates": [5.710289131220531, 50.852523361391555, 80.72863483983565]}}, {"id": "368", "type": "Feature", "properties": {"geotechnicalSoilCode": "NBE", "geotechnicalSoilName": "niet gedefinieerd", "remarks": "1) yellow-gray 2) matig hard 3) KAS ", "soilDistribution": [0.0, 0.0, 0.0, 0.0, 0.0, 0.0], "location_uid": "B61F3170 Maastricht A2 tunnel"}, "geometry": {"type": "Point", "coordinates": [5.710289131220531, 50.852523361391555, 80.72863483983565]}}, {"id": "369", "type": "Feature", "properties": {"geotechnicalSoilCode": "NBE", "geotechnicalSoilName": "niet gedefinieerd", "remarks": "1) GM ", "soilDistribution": [0.0, 0.0, 0.0, 0.0, 0.0, 0.0], "location_uid": "B61F3170 Maastricht A2 tunnel"}, "geometry": {"type": "Point", "coordinates": [5.710289131220531, 50.852523361391555, 80.72863483983565]}}, {"id": "370", "type": "Feature", "properties": {"geotechnicalSoilCode": "NBE", "geotechnicalSoilName": "niet gedefinieerd", "remarks": "1) gray-yellow 2) matig hard 3) KAS ", "soilDistribution": [0.0, 0.0, 0.0, 0.0, 0.0, 0.0], "location_uid": "B61F3170 Maastricht A2 tunnel"}, "geometry": {"type": "Point", "coordinates": [5.710289131220531, 50.852523361391555, 80.72863483983565]}}, {"id": "371", "type": "Feature", "properties": {"geotechnicalSoilCode": "NBE", "geotechnicalSoilName": "niet gedefinieerd", "remarks": "1) GM ", "soilDistribution": [0.0, 0.0, 0.0, 0.0, 0.0, 0.0], "location_uid": "B61F3170 Maastricht A2 tunnel"}, "geometry": {"type": "Point", "coordinates": [5.710289131220531, 50.852523361391555, 80.72863483983565]}}, {"id": "372", "type": "Feature", "properties": {"geotechnicalSoilCode": "NBE", "geotechnicalSoilName": "niet gedefinieerd", "remarks": "1) yellow-gray 2) matig hard 3) KAS ", "soilDistribution": [0.0, 0.0, 0.0, 0.0, 0.0, 0.0], "location_uid": "B61F3170 Maastricht A2 tunnel"}, "geometry": {"type": "Point", "coordinates": [5.710289131220531, 50.852523361391555, 80.72863483983565]}}, {"id": "373", "type": "Feature", "properties": {"geotechnicalSoilCode": "NBE", "geotechnicalSoilName": "niet gedefinieerd", "remarks": "1) yellow-gray 2) matig hard 3) KAS 4) krabbenschaar ", "soilDistribution": [0.0, 0.0, 0.0, 0.0, 0.0, 0.0], "location_uid": "B61F3170 Maastricht A2 tunnel"}, "geometry": {"type": "Point", "coordinates": [5.710289131220531, 50.852523361391555, 80.72863483983565]}}, {"id": "374", "type": "Feature", "properties": {"geotechnicalSoilCode": "NBE", "geotechnicalSoilName": "niet gedefinieerd", "remarks": "1) GM ", "soilDistribution": [0.0, 0.0, 0.0, 0.0, 0.0, 0.0], "location_uid": "B61F3170 Maastricht A2 tunnel"}, "geometry": {"type": "Point", "coordinates": [5.710289131220531, 50.852523361391555, 80.72863483983565]}}, {"id": "375", "type": "Feature", "properties": {"geotechnicalSoilCode": "NBE", "geotechnicalSoilName": "niet gedefinieerd", "remarks": "1) yellow-gray 2) matig hard 3) KAS ", "soilDistribution": [0.0, 0.0, 0.0, 0.0, 0.0, 0.0], "location_uid": "B61F3170 Maastricht A2 tunnel"}, "geometry": {"type": "Point", "coordinates": [5.710289131220531, 50.852523361391555, 80.72863483983565]}}, {"id": "376", "type": "Feature", "properties": {"geotechnicalSoilCode": "NBE", "geotechnicalSoilName": "niet gedefinieerd", "remarks": "1) yellow-gray 2) matig hard 3) KAS ", "soilDistribution": [0.0, 0.0, 0.0, 0.0, 0.0, 0.0], "location_uid": "B61F3170 Maastricht A2 tunnel"}, "geometry": {"type": "Point", "coordinates": [5.710289131220531, 50.852523361391555, 80.72863483983565]}}, {"id": "377", "type": "Feature", "properties": {"geotechnicalSoilCode": "NBE", "geotechnicalSoilName": "niet gedefinieerd", "remarks": "1) yellow-gray 2) matig hard 3) spoor schelpmateriaal <1% 4) KAS ", "soilDistribution": [0.0, 0.0, 0.0, 0.0, 0.0, 0.0], "location_uid": "B61F3170 Maastricht A2 tunnel"}, "geometry": {"type": "Point", "coordinates": [5.710289131220531, 50.852523361391555, 80.72863483983565]}}, {"id": "378", "type": "Feature", "properties": {"geotechnicalSoilCode": "NBE", "geotechnicalSoilName": "niet gedefinieerd", "remarks": "1) gray-black 2) VUS ", "soilDistribution": [0.0, 0.0, 0.0, 0.0, 0.0, 0.0], "location_uid": "B61F3170 Maastricht A2 tunnel"}, "geometry": {"type": "Point", "coordinates": [5.710289131220531, 50.852523361391555, 80.72863483983565]}}, {"id": "379", "type": "Feature", "properties": {"geotechnicalSoilCode": "NBE", "geotechnicalSoilName": "niet gedefinieerd", "remarks": "1) yellow-gray 2) matig hard 3) spoor schelpmateriaal <1% 4) KAS ", "soilDistribution": [0.0, 0.0, 0.0, 0.0, 0.0, 0.0], "location_uid": "B61F3170 Maastricht A2 tunnel"}, "geometry": {"type": "Point", "coordinates": [5.710289131220531, 50.852523361391555, 80.72863483983565]}}, {"id": "380", "type": "Feature", "properties": {"geotechnicalSoilCode": "NBE", "geotechnicalSoilName": "niet gedefinieerd", "remarks": "1) GM ", "soilDistribution": [0.0, 0.0, 0.0, 0.0, 0.0, 0.0], "location_uid": "B61F3170 Maastricht A2 tunnel"}, "geometry": {"type": "Point", "coordinates": [5.710289131220531, 50.852523361391555, 80.72863483983565]}}, {"id": "381", "type": "Feature", "properties": {"geotechnicalSoilCode": "NBE", "geotechnicalSoilName": "niet gedefinieerd", "remarks": "1) yellow-gray 2) matig hard 3) KAS ", "soilDistribution": [0.0, 0.0, 0.0, 0.0, 0.0, 0.0], "location_uid": "B61F3170 Maastricht A2 tunnel"}, "geometry": {"type": "Point", "coordinates": [5.710289131220531, 50.852523361391555, 80.72863483983565]}}, {"id": "382", "type": "Feature", "properties": {"geotechnicalSoilCode": "NBE", "geotechnicalSoilName": "niet gedefinieerd", "remarks": "1) yellow-gray 2) matig hard 3) KAS ", "soilDistribution": [0.0, 0.0, 0.0, 0.0, 0.0, 0.0], "location_uid": "B61F3170 Maastricht A2 tunnel"}, "geometry": {"type": "Point", "coordinates": [5.710289131220531, 50.852523361391555, 80.72863483983565]}}, {"id": "383", "type": "Feature", "properties": {"geotechnicalSoilCode": "NBE", "geotechnicalSoilName": "niet gedefinieerd", "remarks": "1) yellow-gray 2) matig hard 3) KAS 4) met fossiele resten ", "soilDistribution": [0.0, 0.0, 0.0, 0.0, 0.0, 0.0], "location_uid": "B61F3170 Maastricht A2 tunnel"}, "geometry": {"type": "Point", "coordinates": [5.710289131220531, 50.852523361391555, 80.72863483983565]}}, {"id": "384", "type": "Feature", "properties": {"geotechnicalSoilCode": "NBE", "geotechnicalSoilName": "niet gedefinieerd", "remarks": "1) yellow-gray 2) matig hard 3) KAS ", "soilDistribution": [0.0, 0.0, 0.0, 0.0, 0.0, 0.0], "location_uid": "B61F3170 Maastricht A2 tunnel"}, "geometry": {"type": "Point", "coordinates": [5.710289131220531, 50.852523361391555, 80.72863483983565]}}, {"id": "385", "type": "Feature", "properties": {"geotechnicalSoilCode": "NBE", "geotechnicalSoilName": "niet gedefinieerd", "remarks": "1) GM ", "soilDistribution": [0.0, 0.0, 0.0, 0.0, 0.0, 0.0], "location_uid": "B61F3170 Maastricht A2 tunnel"}, "geometry": {"type": "Point", "coordinates": [5.710289131220531, 50.852523361391555, 80.72863483983565]}}, {"id": "386", "type": "Feature", "properties": {"geotechnicalSoilCode": "NBE", "geotechnicalSoilName": "niet gedefinieerd", "remarks": "1) yellow-gray 2) matig hard 3) KAS ", "soilDistribution": [0.0, 0.0, 0.0, 0.0, 0.0, 0.0], "location_uid": "B61F3170 Maastricht A2 tunnel"}, "geometry": {"type": "Point", "coordinates": [5.710289131220531, 50.852523361391555, 80.72863483983565]}}, {"id": "387", "type": "Feature", "properties": {"geotechnicalSoilCode": "NBE", "geotechnicalSoilName": "niet gedefinieerd", "remarks": "1) GM ", "soilDistribution": [0.0, 0.0, 0.0, 0.0, 0.0, 0.0], "location_uid": "B61F3170 Maastricht A2 tunnel"}, "geometry": {"type": "Point", "coordinates": [5.710289131220531, 50.852523361391555, 80.72863483983565]}}, {"id": "388", "type": "Feature", "properties": {"geotechnicalSoilCode": "NBE", "geotechnicalSoilName": "niet gedefinieerd", "remarks": "1) yellow-gray 2) matig hard 3) KAS ", "soilDistribution": [0.0, 0.0, 0.0, 0.0, 0.0, 0.0], "location_uid": "B61F3170 Maastricht A2 tunnel"}, "geometry": {"type": "Point", "coordinates": [5.710289131220531, 50.852523361391555, 80.72863483983565]}}, {"id": "389", "type": "Feature", "properties": {"geotechnicalSoilCode": "NBE", "geotechnicalSoilName": "niet gedefinieerd", "remarks": "1) black 2) VUS ", "soilDistribution": [0.0, 0.0, 0.0, 0.0, 0.0, 0.0], "location_uid": "B61F3170 Maastricht A2 tunnel"}, "geometry": {"type": "Point", "coordinates": [5.710289131220531, 50.852523361391555, 80.72863483983565]}}, {"id": "390", "type": "Feature", "properties": {"geotechnicalSoilCode": "NBE", "geotechnicalSoilName": "niet gedefinieerd", "remarks": "1) yellow-gray 2) matig hard 3) KAS ", "soilDistribution": [0.0, 0.0, 0.0, 0.0, 0.0, 0.0], "location_uid": "B61F3170 Maastricht A2 tunnel"}, "geometry": {"type": "Point", "coordinates": [5.710289131220531, 50.852523361391555, 80.72863483983565]}}, {"id": "391", "type": "Feature", "properties": {"geotechnicalSoilCode": "NBE", "geotechnicalSoilName": "niet gedefinieerd", "remarks": "1) yellow-gray 2) matig hard 3) KAS ", "soilDistribution": [0.0, 0.0, 0.0, 0.0, 0.0, 0.0], "location_uid": "B61F3170 Maastricht A2 tunnel"}, "geometry": {"type": "Point", "coordinates": [5.710289131220531, 50.852523361391555, 80.72863483983565]}}, {"id": "392", "type": "Feature", "properties": {"geotechnicalSoilCode": "NBE", "geotechnicalSoilName": "niet gedefinieerd", "remarks": "1) yellow-gray 2) matig hard 3) KAS ", "soilDistribution": [0.0, 0.0, 0.0, 0.0, 0.0, 0.0], "location_uid": "B61F3170 Maastricht A2 tunnel"}, "geometry": {"type": "Point", "coordinates": [5.710289131220531, 50.852523361391555, 80.72863483983565]}}, {"id": "393", "type": "Feature", "properties": {"geotechnicalSoilCode": "NBE", "geotechnicalSoilName": "niet gedefinieerd", "remarks": "1) yellow-gray 2) matig hard 3) KAS ", "soilDistribution": [0.0, 0.0, 0.0, 0.0, 0.0, 0.0], "location_uid": "B61F3170 Maastricht A2 tunnel"}, "geometry": {"type": "Point", "coordinates": [5.710289131220531, 50.852523361391555, 80.72863483983565]}}, {"id": "394", "type": "Feature", "properties": {"geotechnicalSoilCode": "NBE", "geotechnicalSoilName": "niet gedefinieerd", "remarks": "1) GM ", "soilDistribution": [0.0, 0.0, 0.0, 0.0, 0.0, 0.0], "location_uid": "B61F3170 Maastricht A2 tunnel"}, "geometry": {"type": "Point", "coordinates": [5.710289131220531, 50.852523361391555, 80.72863483983565]}}, {"id": "395", "type": "Feature", "properties": {"geotechnicalSoilCode": "NBE", "geotechnicalSoilName": "niet gedefinieerd", "remarks": "1) yellow-gray 2) matig hard 3) KAS ", "soilDistribution": [0.0, 0.0, 0.0, 0.0, 0.0, 0.0], "location_uid": "B61F3170 Maastricht A2 tunnel"}, "geometry": {"type": "Point", "coordinates": [5.710289131220531, 50.852523361391555, 80.72863483983565]}}, {"id": "396", "type": "Feature", "properties": {"geotechnicalSoilCode": "NBE", "geotechnicalSoilName": "niet gedefinieerd", "remarks": "1) yellow-gray 2) matig hard 3) KAS ", "soilDistribution": [0.0, 0.0, 0.0, 0.0, 0.0, 0.0], "location_uid": "B61F3170 Maastricht A2 tunnel"}, "geometry": {"type": "Point", "coordinates": [5.710289131220531, 50.852523361391555, 80.72863483983565]}}, {"id": "397", "type": "Feature", "properties": {"geotechnicalSoilCode": "NBE", "geotechnicalSoilName": "niet gedefinieerd", "remarks": "1) light gray 2) matig hard 3) KAS ", "soilDistribution": [0.0, 0.0, 0.0, 0.0, 0.0, 0.0], "location_uid": "B61F3170 Maastricht A2 tunnel"}, "geometry": {"type": "Point", "coordinates": [5.710289131220531, 50.852523361391555, 80.72863483983565]}}, {"id": "398", "type": "Feature", "properties": {"geotechnicalSoilCode": "NBE", "geotechnicalSoilName": "niet gedefinieerd", "remarks": "1) light gray 2) matig hard 3) KAS ", "soilDistribution": [0.0, 0.0, 0.0, 0.0, 0.0, 0.0], "location_uid": "B61F3170 Maastricht A2 tunnel"}, "geometry": {"type": "Point", "coordinates": [5.710289131220531, 50.852523361391555, 80.72863483983565]}}, {"id": "399", "type": "Feature", "properties": {"geotechnicalSoilCode": "NBE", "geotechnicalSoilName": "niet gedefinieerd", "remarks": "1) light gray 2) matig hard 3) KAS ", "soilDistribution": [0.0, 0.0, 0.0, 0.0, 0.0, 0.0], "location_uid": "B61F3170 Maastricht A2 tunnel"}, "geometry": {"type": "Point", "coordinates": [5.710289131220531, 50.852523361391555, 80.72863483983565]}}, {"id": "400", "type": "Feature", "properties": {"geotechnicalSoilCode": "NBE", "geotechnicalSoilName": "niet gedefinieerd", "remarks": "1) light gray 2) matig hard 3) KAS ", "soilDistribution": [0.0, 0.0, 0.0, 0.0, 0.0, 0.0], "location_uid": "B61F3170 Maastricht A2 tunnel"}, "geometry": {"type": "Point", "coordinates": [5.710289131220531, 50.852523361391555, 80.72863483983565]}}, {"id": "401", "type": "Feature", "properties": {"geotechnicalSoilCode": "NBE", "geotechnicalSoilName": "niet gedefinieerd", "remarks": "1) light gray 2) matig hard 3) KAS ", "soilDistribution": [0.0, 0.0, 0.0, 0.0, 0.0, 0.0], "location_uid": "B61F3170 Maastricht A2 tunnel"}, "geometry": {"type": "Point", "coordinates": [5.710289131220531, 50.852523361391555, 80.72863483983565]}}, {"id": "402", "type": "Feature", "properties": {"geotechnicalSoilCode": "NBE", "geotechnicalSoilName": "niet gedefinieerd", "remarks": "1) light gray 2) matig hard 3) KAS ", "soilDistribution": [0.0, 0.0, 0.0, 0.0, 0.0, 0.0], "location_uid": "B61F3170 Maastricht A2 tunnel"}, "geometry": {"type": "Point", "coordinates": [5.710289131220531, 50.852523361391555, 80.72863483983565]}}, {"id": "403", "type": "Feature", "properties": {"geotechnicalSoilCode": "NBE", "geotechnicalSoilName": "niet gedefinieerd", "remarks": "1) light gray 2) matig hard 3) KAS ", "soilDistribution": [0.0, 0.0, 0.0, 0.0, 0.0, 0.0], "location_uid": "B61F3170 Maastricht A2 tunnel"}, "geometry": {"type": "Point", "coordinates": [5.710289131220531, 50.852523361391555, 80.72863483983565]}}, {"id": "404", "type": "Feature", "properties": {"geotechnicalSoilCode": "NBE", "geotechnicalSoilName": "niet gedefinieerd", "remarks": "1) light gray 2) matig hard 3) KAS ", "soilDistribution": [0.0, 0.0, 0.0, 0.0, 0.0, 0.0], "location_uid": "B61F3170 Maastricht A2 tunnel"}, "geometry": {"type": "Point", "coordinates": [5.710289131220531, 50.852523361391555, 80.72863483983565]}}, {"id": "405", "type": "Feature", "properties": {"geotechnicalSoilCode": "NBE", "geotechnicalSoilName": "niet gedefinieerd", "remarks": "1) GM ", "soilDistribution": [0.0, 0.0, 0.0, 0.0, 0.0, 0.0], "location_uid": "B61F3170 Maastricht A2 tunnel"}, "geometry": {"type": "Point", "coordinates": [5.710289131220531, 50.852523361391555, 80.72863483983565]}}, {"id": "406", "type": "Feature", "properties": {"geotechnicalSoilCode": "NBE", "geotechnicalSoilName": "niet gedefinieerd", "remarks": "1) light gray 2) matig hard 3) KAS ", "soilDistribution": [0.0, 0.0, 0.0, 0.0, 0.0, 0.0], "location_uid": "B61F3170 Maastricht A2 tunnel"}, "geometry": {"type": "Point", "coordinates": [5.710289131220531, 50.852523361391555, 80.72863483983565]}}, {"id": "407", "type": "Feature", "properties": {"geotechnicalSoilCode": "NBE", "geotechnicalSoilName": "niet gedefinieerd", "remarks": "1) light gray 2) matig hard 3) KAS ", "soilDistribution": [0.0, 0.0, 0.0, 0.0, 0.0, 0.0], "location_uid": "B61F3170 Maastricht A2 tunnel"}, "geometry": {"type": "Point", "coordinates": [5.710289131220531, 50.852523361391555, 80.72863483983565]}}, {"id": "408", "type": "Feature", "properties": {"geotechnicalSoilCode": "NBE", "geotechnicalSoilName": "niet gedefinieerd", "remarks": "1) light gray 2) matig hard 3) KAS ", "soilDistribution": [0.0, 0.0, 0.0, 0.0, 0.0, 0.0], "location_uid": "B61F3170 Maastricht A2 tunnel"}, "geometry": {"type": "Point", "coordinates": [5.710289131220531, 50.852523361391555, 80.72863483983565]}}, {"id": "409", "type": "Feature", "properties": {"geotechnicalSoilCode": "NBE", "geotechnicalSoilName": "niet gedefinieerd", "remarks": "1) yellow-gray 2) matig hard 3) KAS ", "soilDistribution": [0.0, 0.0, 0.0, 0.0, 0.0, 0.0], "location_uid": "B61F3170 Maastricht A2 tunnel"}, "geometry": {"type": "Point", "coordinates": [5.710289131220531, 50.852523361391555, 80.72863483983565]}}, {"id": "410", "type": "Feature", "properties": {"geotechnicalSoilCode": "NBE", "geotechnicalSoilName": "niet gedefinieerd", "remarks": "1) gray 2) matig hard 3) KAS ", "soilDistribution": [0.0, 0.0, 0.0, 0.0, 0.0, 0.0], "location_uid": "B61F3170 Maastricht A2 tunnel"}, "geometry": {"type": "Point", "coordinates": [5.710289131220531, 50.852523361391555, 80.72863483983565]}}, {"id": "411", "type": "Feature", "properties": {"geotechnicalSoilCode": "NBE", "geotechnicalSoilName": "niet gedefinieerd", "remarks": "1) gray 2) matig hard 3) KAS ", "soilDistribution": [0.0, 0.0, 0.0, 0.0, 0.0, 0.0], "location_uid": "B61F3170 Maastricht A2 tunnel"}, "geometry": {"type": "Point", "coordinates": [5.710289131220531, 50.852523361391555, 80.72863483983565]}}, {"id": "412", "type": "Feature", "properties": {"geotechnicalSoilCode": "NBE", "geotechnicalSoilName": "niet gedefinieerd", "remarks": "1) GM ", "soilDistribution": [0.0, 0.0, 0.0, 0.0, 0.0, 0.0], "location_uid": "B61F3170 Maastricht A2 tunnel"}, "geometry": {"type": "Point", "coordinates": [5.710289131220531, 50.852523361391555, 80.72863483983565]}}, {"id": "413", "type": "Feature", "properties": {"geotechnicalSoilCode": "NBE", "geotechnicalSoilName": "niet gedefinieerd", "remarks": "1) gray 2) matig hard 3) KAS ", "soilDistribution": [0.0, 0.0, 0.0, 0.0, 0.0, 0.0], "location_uid": "B61F3170 Maastricht A2 tunnel"}, "geometry": {"type": "Point", "coordinates": [5.710289131220531, 50.852523361391555, 80.72863483983565]}}, {"id": "414", "type": "Feature", "properties": {"geotechnicalSoilCode": "NBE", "geotechnicalSoilName": "niet gedefinieerd", "remarks": "1) yellow-gray 2) matig hard 3) KAS ", "soilDistribution": [0.0, 0.0, 0.0, 0.0, 0.0, 0.0], "location_uid": "B61F3170 Maastricht A2 tunnel"}, "geometry": {"type": "Point", "coordinates": [5.710289131220531, 50.852523361391555, 80.72863483983565]}}, {"id": "415", "type": "Feature", "properties": {"geotechnicalSoilCode": "NBE", "geotechnicalSoilName": "niet gedefinieerd", "remarks": "1) yellow-gray 2) matig hard 3) KAS ", "soilDistribution": [0.0, 0.0, 0.0, 0.0, 0.0, 0.0], "location_uid": "B61F3170 Maastricht A2 tunnel"}, "geometry": {"type": "Point", "coordinates": [5.710289131220531, 50.852523361391555, 80.72863483983565]}}, {"id": "416", "type": "Feature", "properties": {"geotechnicalSoilCode": "NBE", "geotechnicalSoilName": "niet gedefinieerd", "remarks": "1) yellow-gray 2) matig hard 3) KAS ", "soilDistribution": [0.0, 0.0, 0.0, 0.0, 0.0, 0.0], "location_uid": "B61F3170 Maastricht A2 tunnel"}, "geometry": {"type": "Point", "coordinates": [5.710289131220531, 50.852523361391555, 80.72863483983565]}}, {"id": "417", "type": "Feature", "properties": {"geotechnicalSoilCode": "NBE", "geotechnicalSoilName": "niet gedefinieerd", "remarks": "1) gray 2) matig hard 3) KAS ", "soilDistribution": [0.0, 0.0, 0.0, 0.0, 0.0, 0.0], "location_uid": "B61F3170 Maastricht A2 tunnel"}, "geometry": {"type": "Point", "coordinates": [5.710289131220531, 50.852523361391555, 80.72863483983565]}}, {"id": "418", "type": "Feature", "properties": {"geotechnicalSoilCode": "NBE", "geotechnicalSoilName": "niet gedefinieerd", "remarks": "1) gray 2) matig hard 3) KAS ", "soilDistribution": [0.0, 0.0, 0.0, 0.0, 0.0, 0.0], "location_uid": "B61F3170 Maastricht A2 tunnel"}, "geometry": {"type": "Point", "coordinates": [5.710289131220531, 50.852523361391555, 80.72863483983565]}}, {"id": "419", "type": "Feature", "properties": {"geotechnicalSoilCode": "NBE", "geotechnicalSoilName": "niet gedefinieerd", "remarks": "1) gray 2) matig hard 3) KAS ", "soilDistribution": [0.0, 0.0, 0.0, 0.0, 0.0, 0.0], "location_uid": "B61F3170 Maastricht A2 tunnel"}, "geometry": {"type": "Point", "coordinates": [5.710289131220531, 50.852523361391555, 80.72863483983565]}}, {"id": "420", "type": "Feature", "properties": {"geotechnicalSoilCode": "NBE", "geotechnicalSoilName": "niet gedefinieerd", "remarks": "1) gray 2) matig hard 3) KAS ", "soilDistribution": [0.0, 0.0, 0.0, 0.0, 0.0, 0.0], "location_uid": "B61F3170 Maastricht A2 tunnel"}, "geometry": {"type": "Point", "coordinates": [5.710289131220531, 50.852523361391555, 80.72863483983565]}}, {"id": "421", "type": "Feature", "properties": {"geotechnicalSoilCode": "NBE", "geotechnicalSoilName": "niet gedefinieerd", "remarks": "1) puin ", "soilDistribution": [0.0, 0.0, 0.0, 0.0, 0.0, 0.0], "location_uid": "B61F3158 Maastricht A2 tunnel"}, "geometry": {"type": "LineString", "coordinates": [[5.71124099323012, 50.848529625347126, 93.84089520829468], [5.71124099323012, 50.848529625347126, 90.34089520829468]]}}, {"id": "422", "type": "Feature", "properties": {"geotechnicalSoilCode": "G", "geotechnicalSoilName": "siltigGrind", "remarks": "1) grijze klei ", "soilDistribution": [0.0, 0.7, 0.0, 0.3, 0.0, 0.0], "location_uid": "B61F3158 Maastricht A2 tunnel"}, "geometry": {"type": "LineString", "coordinates": [[5.71124099323012, 50.848529625347126, 90.34089520829468], [5.71124099323012, 50.848529625347126, 81.84089520829468]]}}, {"id": "423", "type": "Feature", "properties": {"geotechnicalSoilCode": "NBE", "geotechnicalSoilName": "niet gedefinieerd", "remarks": "1) gray 2) KAS ", "soilDistribution": [0.0, 0.0, 0.0, 0.0, 0.0, 0.0], "location_uid": "B61F3158 Maastricht A2 tunnel"}, "geometry": {"type": "LineString", "coordinates": [[5.71124099323012, 50.848529625347126, 81.84089520829468], [5.71124099323012, 50.848529625347126, 78.34089520829468]]}}, {"id": "424", "type": "Feature", "properties": {"geotechnicalSoilCode": "NBE", "geotechnicalSoilName": "niet gedefinieerd", "remarks": "1) light gray 2) matig hard 3) KAS 4) laagje blauwzwarte vuursteen ", "soilDistribution": [0.0, 0.0, 0.0, 0.0, 0.0, 0.0], "location_uid": "B61F3158 Maastricht A2 tunnel"}, "geometry": {"type": "LineString", "coordinates": [[5.71124099323012, 50.848529625347126, 78.34089520829468], [5.71124099323012, 50.848529625347126, 77.84089520829468]]}}, {"id": "425", "type": "Feature", "properties": {"geotechnicalSoilCode": "G", "geotechnicalSoilName": "siltigGrind", "remarks": "1) ZGRX ", "soilDistribution": [0.0, 0.7, 0.0, 0.3, 0.0, 0.0], "location_uid": "B61F3172 Maastricht A2 tunnel"}, "geometry": {"type": "LineString", "coordinates": [[5.710419858113855, 50.85497696477053, 82.63129873280835], [5.710419858113855, 50.85497696477053, 81.63129873280835]]}}, {"id": "426", "type": "Feature", "properties": {"geotechnicalSoilCode": "NBE", "geotechnicalSoilName": "niet gedefinieerd", "remarks": "1) NBE ", "soilDistribution": [0.0, 0.0, 0.0, 0.0, 0.0, 0.0], "location_uid": "B61F3172 Maastricht A2 tunnel"}, "geometry": {"type": "LineString", "coordinates": [[5.710419858113855, 50.85497696477053, 81.63129873280835], [5.710419858113855, 50.85497696477053, 81.36129873280835]]}}, {"id": "427", "type": "Feature", "properties": {"geotechnicalSoilCode": "NBE", "geotechnicalSoilName": "niet gedefinieerd", "remarks": "1) yellow-white 2) zacht 3) weinig schelpmateriaal (1-10%) 4) KAS 5) Hemipneustes ", "soilDistribution": [0.0, 0.0, 0.0, 0.0, 0.0, 0.0], "location_uid": "B61F3172 Maastricht A2 tunnel"}, "geometry": {"type": "LineString", "coordinates": [[5.710419858113855, 50.85497696477053, 81.36129873280835], [5.710419858113855, 50.85497696477053, 80.72129873280835]]}}, {"id": "428", "type": "Feature", "properties": {"geotechnicalSoilCode": "NBE", "geotechnicalSoilName": "niet gedefinieerd", "remarks": "1) GM ", "soilDistribution": [0.0, 0.0, 0.0, 0.0, 0.0, 0.0], "location_uid": "B61F3172 Maastricht A2 tunnel"}, "geometry": {"type": "Point", "coordinates": [5.710419858113855, 50.85497696477053, 80.72129873280835]}}, {"id": "429", "type": "Feature", "properties": {"geotechnicalSoilCode": "NBE", "geotechnicalSoilName": "niet gedefinieerd", "remarks": "1) yellow-white 2) zacht 3) KAS ", "soilDistribution": [0.0, 0.0, 0.0, 0.0, 0.0, 0.0], "location_uid": "B61F3172 Maastricht A2 tunnel"}, "geometry": {"type": "Point", "coordinates": [5.710419858113855, 50.85497696477053, 80.72129873280835]}}, {"id": "430", "type": "Feature", "properties": {"geotechnicalSoilCode": "NBE", "geotechnicalSoilName": "niet gedefinieerd", "remarks": "1) GM ", "soilDistribution": [0.0, 0.0, 0.0, 0.0, 0.0, 0.0], "location_uid": "B61F3172 Maastricht A2 tunnel"}, "geometry": {"type": "Point", "coordinates": [5.710419858113855, 50.85497696477053, 80.72129873280835]}}, {"id": "431", "type": "Feature", "properties": {"geotechnicalSoilCode": "NBE", "geotechnicalSoilName": "niet gedefinieerd", "remarks": "1) yellow-white 2) zacht 3) KAS ", "soilDistribution": [0.0, 0.0, 0.0, 0.0, 0.0, 0.0], "location_uid": "B61F3172 Maastricht A2 tunnel"}, "geometry": {"type": "Point", "coordinates": [5.710419858113855, 50.85497696477053, 80.72129873280835]}}, {"id": "432", "type": "Feature", "properties": {"geotechnicalSoilCode": "NBE", "geotechnicalSoilName": "niet gedefinieerd", "remarks": "1) yellow-white 2) zacht 3) KAS ", "soilDistribution": [0.0, 0.0, 0.0, 0.0, 0.0, 0.0], "location_uid": "B61F3172 Maastricht A2 tunnel"}, "geometry": {"type": "Point", "coordinates": [5.710419858113855, 50.85497696477053, 80.72129873280835]}}, {"id": "433", "type": "Feature", "properties": {"geotechnicalSoilCode": "NBE", "geotechnicalSoilName": "niet gedefinieerd", "remarks": "1) yellow-brown 2) zacht 3) weinig schelpmateriaal (1-10%) 4) KAS ", "soilDistribution": [0.0, 0.0, 0.0, 0.0, 0.0, 0.0], "location_uid": "B61F3172 Maastricht A2 tunnel"}, "geometry": {"type": "Point", "coordinates": [5.710419858113855, 50.85497696477053, 80.72129873280835]}}, {"id": "434", "type": "Feature", "properties": {"geotechnicalSoilCode": "NBE", "geotechnicalSoilName": "niet gedefinieerd", "remarks": "1) GM ", "soilDistribution": [0.0, 0.0, 0.0, 0.0, 0.0, 0.0], "location_uid": "B61F3172 Maastricht A2 tunnel"}, "geometry": {"type": "Point", "coordinates": [5.710419858113855, 50.85497696477053, 80.72129873280835]}}, {"id": "435", "type": "Feature", "properties": {"geotechnicalSoilCode": "NBE", "geotechnicalSoilName": "niet gedefinieerd", "remarks": "1) yellow-brown 2) zacht 3) spoor schelpmateriaal <1% 4) KAS 5) Hemipneustes ", "soilDistribution": [0.0, 0.0, 0.0, 0.0, 0.0, 0.0], "location_uid": "B61F3172 Maastricht A2 tunnel"}, "geometry": {"type": "Point", "coordinates": [5.710419858113855, 50.85497696477053, 80.72129873280835]}}, {"id": "436", "type": "Feature", "properties": {"geotechnicalSoilCode": "NBE", "geotechnicalSoilName": "niet gedefinieerd", "remarks": "1) yellow-white 2) matig hard 3) weinig schelpmateriaal (1-10%) 4) KAS 5) Hemipneustes oesters ", "soilDistribution": [0.0, 0.0, 0.0, 0.0, 0.0, 0.0], "location_uid": "B61F3172 Maastricht A2 tunnel"}, "geometry": {"type": "Point", "coordinates": [5.710419858113855, 50.85497696477053, 80.72129873280835]}}, {"id": "437", "type": "Feature", "properties": {"geotechnicalSoilCode": "NBE", "geotechnicalSoilName": "niet gedefinieerd", "remarks": "1) GM ", "soilDistribution": [0.0, 0.0, 0.0, 0.0, 0.0, 0.0], "location_uid": "B61F3172 Maastricht A2 tunnel"}, "geometry": {"type": "Point", "coordinates": [5.710419858113855, 50.85497696477053, 80.72129873280835]}}, {"id": "438", "type": "Feature", "properties": {"geotechnicalSoilCode": "NBE", "geotechnicalSoilName": "niet gedefinieerd", "remarks": "1) yellow-white 2) zacht 3) weinig schelpmateriaal (1-10%) 4) KAS ", "soilDistribution": [0.0, 0.0, 0.0, 0.0, 0.0, 0.0], "location_uid": "B61F3172 Maastricht A2 tunnel"}, "geometry": {"type": "Point", "coordinates": [5.710419858113855, 50.85497696477053, 80.72129873280835]}}, {"id": "439", "type": "Feature", "properties": {"geotechnicalSoilCode": "NBE", "geotechnicalSoilName": "niet gedefinieerd", "remarks": "1) GM ", "soilDistribution": [0.0, 0.0, 0.0, 0.0, 0.0, 0.0], "location_uid": "B61F3172 Maastricht A2 tunnel"}, "geometry": {"type": "Point", "coordinates": [5.710419858113855, 50.85497696477053, 80.72129873280835]}}, {"id": "440", "type": "Feature", "properties": {"geotechnicalSoilCode": "NBE", "geotechnicalSoilName": "niet gedefinieerd", "remarks": "1) yellow-white 2) zacht 3) spoor schelpmateriaal <1% 4) KAS ", "soilDistribution": [0.0, 0.0, 0.0, 0.0, 0.0, 0.0], "location_uid": "B61F3172 Maastricht A2 tunnel"}, "geometry": {"type": "Point", "coordinates": [5.710419858113855, 50.85497696477053, 80.72129873280835]}}, {"id": "441", "type": "Feature", "properties": {"geotechnicalSoilCode": "NBE", "geotechnicalSoilName": "niet gedefinieerd", "remarks": "1) GM ", "soilDistribution": [0.0, 0.0, 0.0, 0.0, 0.0, 0.0], "location_uid": "B61F3172 Maastricht A2 tunnel"}, "geometry": {"type": "Point", "coordinates": [5.710419858113855, 50.85497696477053, 80.72129873280835]}}, {"id": "442", "type": "Feature", "properties": {"geotechnicalSoilCode": "NBE", "geotechnicalSoilName": "niet gedefinieerd", "remarks": "1) yellow-white 2) zacht 3) KAS ", "soilDistribution": [0.0, 0.0, 0.0, 0.0, 0.0, 0.0], "location_uid": "B61F3172 Maastricht A2 tunnel"}, "geometry": {"type": "Point", "coordinates": [5.710419858113855, 50.85497696477053, 80.72129873280835]}}, {"id": "443", "type": "Feature", "properties": {"geotechnicalSoilCode": "NBE", "geotechnicalSoilName": "niet gedefinieerd", "remarks": "1) GM ", "soilDistribution": [0.0, 0.0, 0.0, 0.0, 0.0, 0.0], "location_uid": "B61F3172 Maastricht A2 tunnel"}, "geometry": {"type": "Point", "coordinates": [5.710419858113855, 50.85497696477053, 80.72129873280835]}}, {"id": "444", "type": "Feature", "properties": {"geotechnicalSoilCode": "NBE", "geotechnicalSoilName": "niet gedefinieerd", "remarks": "1) gray-white 2) matig hard 3) KAS ", "soilDistribution": [0.0, 0.0, 0.0, 0.0, 0.0, 0.0], "location_uid": "B61F3172 Maastricht A2 tunnel"}, "geometry": {"type": "Point", "coordinates": [5.710419858113855, 50.85497696477053, 80.72129873280835]}}, {"id": "445", "type": "Feature", "properties": {"geotechnicalSoilCode": "NBE", "geotechnicalSoilName": "niet gedefinieerd", "remarks": "1) GM ", "soilDistribution": [0.0, 0.0, 0.0, 0.0, 0.0, 0.0], "location_uid": "B61F3172 Maastricht A2 tunnel"}, "geometry": {"type": "Point", "coordinates": [5.710419858113855, 50.85497696477053, 80.72129873280835]}}, {"id": "446", "type": "Feature", "properties": {"geotechnicalSoilCode": "NBE", "geotechnicalSoilName": "niet gedefinieerd", "remarks": "1) gray-white 2) KAS ", "soilDistribution": [0.0, 0.0, 0.0, 0.0, 0.0, 0.0], "location_uid": "B61F3172 Maastricht A2 tunnel"}, "geometry": {"type": "Point", "coordinates": [5.710419858113855, 50.85497696477053, 80.72129873280835]}}, {"id": "447", "type": "Feature", "properties": {"geotechnicalSoilCode": "NBE", "geotechnicalSoilName": "niet gedefinieerd", "remarks": "1) GM ", "soilDistribution": [0.0, 0.0, 0.0, 0.0, 0.0, 0.0], "location_uid": "B61F3172 Maastricht A2 tunnel"}, "geometry": {"type": "Point", "coordinates": [5.710419858113855, 50.85497696477053, 80.72129873280835]}}, {"id": "448", "type": "Feature", "properties": {"geotechnicalSoilCode": "NBE", "geotechnicalSoilName": "niet gedefinieerd", "remarks": "1) gray-white 2) zacht 3) KAS ", "soilDistribution": [0.0, 0.0, 0.0, 0.0, 0.0, 0.0], "location_uid": "B61F3172 Maastricht A2 tunnel"}, "geometry": {"type": "Point", "coordinates": [5.710419858113855, 50.85497696477053, 80.72129873280835]}}, {"id": "449", "type": "Feature", "properties": {"geotechnicalSoilCode": "NBE", "geotechnicalSoilName": "niet gedefinieerd", "remarks": "1) GM ", "soilDistribution": [0.0, 0.0, 0.0, 0.0, 0.0, 0.0], "location_uid": "B61F3172 Maastricht A2 tunnel"}, "geometry": {"type": "Point", "coordinates": [5.710419858113855, 50.85497696477053, 80.72129873280835]}}, {"id": "450", "type": "Feature", "properties": {"geotechnicalSoilCode": "NBE", "geotechnicalSoilName": "niet gedefinieerd", "remarks": "1) gray-white 2) zacht 3) KAS ", "soilDistribution": [0.0, 0.0, 0.0, 0.0, 0.0, 0.0], "location_uid": "B61F3172 Maastricht A2 tunnel"}, "geometry": {"type": "Point", "coordinates": [5.710419858113855, 50.85497696477053, 80.72129873280835]}}, {"id": "451", "type": "Feature", "properties": {"geotechnicalSoilCode": "NBE", "geotechnicalSoilName": "niet gedefinieerd", "remarks": "1) gray-white 2) matig hard 3) KAS ", "soilDistribution": [0.0, 0.0, 0.0, 0.0, 0.0, 0.0], "location_uid": "B61F3172 Maastricht A2 tunnel"}, "geometry": {"type": "Point", "coordinates": [5.710419858113855, 50.85497696477053, 80.72129873280835]}}, {"id": "452", "type": "Feature", "properties": {"geotechnicalSoilCode": "NBE", "geotechnicalSoilName": "niet gedefinieerd", "remarks": "1) GM ", "soilDistribution": [0.0, 0.0, 0.0, 0.0, 0.0, 0.0], "location_uid": "B61F3172 Maastricht A2 tunnel"}, "geometry": {"type": "Point", "coordinates": [5.710419858113855, 50.85497696477053, 80.72129873280835]}}, {"id": "453", "type": "Feature", "properties": {"geotechnicalSoilCode": "NBE", "geotechnicalSoilName": "niet gedefinieerd", "remarks": "1) yellow-gray 2) matig hard 3) spoor schelpmateriaal <1% 4) KAS ", "soilDistribution": [0.0, 0.0, 0.0, 0.0, 0.0, 0.0], "location_uid": "B61F3172 Maastricht A2 tunnel"}, "geometry": {"type": "Point", "coordinates": [5.710419858113855, 50.85497696477053, 80.72129873280835]}}, {"id": "454", "type": "Feature", "properties": {"geotechnicalSoilCode": "NBE", "geotechnicalSoilName": "niet gedefinieerd", "remarks": "1) GM ", "soilDistribution": [0.0, 0.0, 0.0, 0.0, 0.0, 0.0], "location_uid": "B61F3172 Maastricht A2 tunnel"}, "geometry": {"type": "Point", "coordinates": [5.710419858113855, 50.85497696477053, 80.72129873280835]}}, {"id": "455", "type": "Feature", "properties": {"geotechnicalSoilCode": "NBE", "geotechnicalSoilName": "niet gedefinieerd", "remarks": "1) gray-white 2) zacht 3) KAS 4) enkele serpuliden ", "soilDistribution": [0.0, 0.0, 0.0, 0.0, 0.0, 0.0], "location_uid": "B61F3172 Maastricht A2 tunnel"}, "geometry": {"type": "Point", "coordinates": [5.710419858113855, 50.85497696477053, 80.72129873280835]}}, {"id": "456", "type": "Feature", "properties": {"geotechnicalSoilCode": "NBE", "geotechnicalSoilName": "niet gedefinieerd", "remarks": "1) gray-white 2) matig hard 3) KAS ", "soilDistribution": [0.0, 0.0, 0.0, 0.0, 0.0, 0.0], "location_uid": "B61F3172 Maastricht A2 tunnel"}, "geometry": {"type": "Point", "coordinates": [5.710419858113855, 50.85497696477053, 80.72129873280835]}}, {"id": "457", "type": "Feature", "properties": {"geotechnicalSoilCode": "NBE", "geotechnicalSoilName": "niet gedefinieerd", "remarks": "1) GM ", "soilDistribution": [0.0, 0.0, 0.0, 0.0, 0.0, 0.0], "location_uid": "B61F3172 Maastricht A2 tunnel"}, "geometry": {"type": "Point", "coordinates": [5.710419858113855, 50.85497696477053, 80.72129873280835]}}, {"id": "458", "type": "Feature", "properties": {"geotechnicalSoilCode": "NBE", "geotechnicalSoilName": "niet gedefinieerd", "remarks": "1) gray-white 2) matig hard 3) KAS ", "soilDistribution": [0.0, 0.0, 0.0, 0.0, 0.0, 0.0], "location_uid": "B61F3172 Maastricht A2 tunnel"}, "geometry": {"type": "Point", "coordinates": [5.710419858113855, 50.85497696477053, 80.72129873280835]}}, {"id": "459", "type": "Feature", "properties": {"geotechnicalSoilCode": "NBE", "geotechnicalSoilName": "niet gedefinieerd", "remarks": "1) yellow-gray 2) matig zacht 3) KAS ", "soilDistribution": [0.0, 0.0, 0.0, 0.0, 0.0, 0.0], "location_uid": "B61F3172 Maastricht A2 tunnel"}, "geometry": {"type": "Point", "coordinates": [5.710419858113855, 50.85497696477053, 80.72129873280835]}}, {"id": "460", "type": "Feature", "properties": {"geotechnicalSoilCode": "NBE", "geotechnicalSoilName": "niet gedefinieerd", "remarks": "1) GM ", "soilDistribution": [0.0, 0.0, 0.0, 0.0, 0.0, 0.0], "location_uid": "B61F3172 Maastricht A2 tunnel"}, "geometry": {"type": "Point", "coordinates": [5.710419858113855, 50.85497696477053, 80.72129873280835]}}, {"id": "461", "type": "Feature", "properties": {"geotechnicalSoilCode": "NBE", "geotechnicalSoilName": "niet gedefinieerd", "remarks": "1) gray-white 2) matig hard 3) weinig schelpmateriaal (1-10%) 4) KAS ", "soilDistribution": [0.0, 0.0, 0.0, 0.0, 0.0, 0.0], "location_uid": "B61F3172 Maastricht A2 tunnel"}, "geometry": {"type": "Point", "coordinates": [5.710419858113855, 50.85497696477053, 80.72129873280835]}}, {"id": "462", "type": "Feature", "properties": {"geotechnicalSoilCode": "NBE", "geotechnicalSoilName": "niet gedefinieerd", "remarks": "1) GM ", "soilDistribution": [0.0, 0.0, 0.0, 0.0, 0.0, 0.0], "location_uid": "B61F3172 Maastricht A2 tunnel"}, "geometry": {"type": "Point", "coordinates": [5.710419858113855, 50.85497696477053, 80.72129873280835]}}, {"id": "463", "type": "Feature", "properties": {"geotechnicalSoilCode": "NBE", "geotechnicalSoilName": "niet gedefinieerd", "remarks": "1) gray-white 2) matig hard 3) KAS ", "soilDistribution": [0.0, 0.0, 0.0, 0.0, 0.0, 0.0], "location_uid": "B61F3172 Maastricht A2 tunnel"}, "geometry": {"type": "Point", "coordinates": [5.710419858113855, 50.85497696477053, 80.72129873280835]}}, {"id": "464", "type": "Feature", "properties": {"geotechnicalSoilCode": "NBE", "geotechnicalSoilName": "niet gedefinieerd", "remarks": "1) gray-white 2) matig hard 3) KAS ", "soilDistribution": [0.0, 0.0, 0.0, 0.0, 0.0, 0.0], "location_uid": "B61F3172 Maastricht A2 tunnel"}, "geometry": {"type": "Point", "coordinates": [5.710419858113855, 50.85497696477053, 80.72129873280835]}}, {"id": "465", "type": "Feature", "properties": {"geotechnicalSoilCode": "NBE", "geotechnicalSoilName": "niet gedefinieerd", "remarks": "1) GM ", "soilDistribution": [0.0, 0.0, 0.0, 0.0, 0.0, 0.0], "location_uid": "B61F3172 Maastricht A2 tunnel"}, "geometry": {"type": "Point", "coordinates": [5.710419858113855, 50.85497696477053, 80.72129873280835]}}, {"id": "466", "type": "Feature", "properties": {"geotechnicalSoilCode": "NBE", "geotechnicalSoilName": "niet gedefinieerd", "remarks": "1) yellow-white 2) spoor schelpmateriaal <1% 3) KAS ", "soilDistribution": [0.0, 0.0, 0.0, 0.0, 0.0, 0.0], "location_uid": "B61F3172 Maastricht A2 tunnel"}, "geometry": {"type": "Point", "coordinates": [5.710419858113855, 50.85497696477053, 80.72129873280835]}}, {"id": "467", "type": "Feature", "properties": {"geotechnicalSoilCode": "NBE", "geotechnicalSoilName": "niet gedefinieerd", "remarks": "1) yellow-white 2) spoor schelpmateriaal <1% 3) KAS 4) met fossielen ", "soilDistribution": [0.0, 0.0, 0.0, 0.0, 0.0, 0.0], "location_uid": "B61F3172 Maastricht A2 tunnel"}, "geometry": {"type": "Point", "coordinates": [5.710419858113855, 50.85497696477053, 80.72129873280835]}}, {"id": "468", "type": "Feature", "properties": {"geotechnicalSoilCode": "NBE", "geotechnicalSoilName": "niet gedefinieerd", "remarks": "1) yellow-white 2) KAS ", "soilDistribution": [0.0, 0.0, 0.0, 0.0, 0.0, 0.0], "location_uid": "B61F3172 Maastricht A2 tunnel"}, "geometry": {"type": "Point", "coordinates": [5.710419858113855, 50.85497696477053, 80.72129873280835]}}, {"id": "469", "type": "Feature", "properties": {"geotechnicalSoilCode": "NBE", "geotechnicalSoilName": "niet gedefinieerd", "remarks": "1) GM ", "soilDistribution": [0.0, 0.0, 0.0, 0.0, 0.0, 0.0], "location_uid": "B61F3172 Maastricht A2 tunnel"}, "geometry": {"type": "Point", "coordinates": [5.710419858113855, 50.85497696477053, 80.72129873280835]}}, {"id": "470", "type": "Feature", "properties": {"geotechnicalSoilCode": "NBE", "geotechnicalSoilName": "niet gedefinieerd", "remarks": "1) gray-white 2) matig hard 3) KAS 4) fragment krab ", "soilDistribution": [0.0, 0.0, 0.0, 0.0, 0.0, 0.0], "location_uid": "B61F3172 Maastricht A2 tunnel"}, "geometry": {"type": "Point", "coordinates": [5.710419858113855, 50.85497696477053, 80.72129873280835]}}, {"id": "471", "type": "Feature", "properties": {"geotechnicalSoilCode": "NBE", "geotechnicalSoilName": "niet gedefinieerd", "remarks": "1) green-gray 2) matig hard 3) KAS ", "soilDistribution": [0.0, 0.0, 0.0, 0.0, 0.0, 0.0], "location_uid": "B61F3172 Maastricht A2 tunnel"}, "geometry": {"type": "Point", "coordinates": [5.710419858113855, 50.85497696477053, 80.72129873280835]}}, {"id": "472", "type": "Feature", "properties": {"geotechnicalSoilCode": "NBE", "geotechnicalSoilName": "niet gedefinieerd", "remarks": "1) gray-white 2) matig hard 3) KAS ", "soilDistribution": [0.0, 0.0, 0.0, 0.0, 0.0, 0.0], "location_uid": "B61F3172 Maastricht A2 tunnel"}, "geometry": {"type": "Point", "coordinates": [5.710419858113855, 50.85497696477053, 80.72129873280835]}}, {"id": "473", "type": "Feature", "properties": {"geotechnicalSoilCode": "NBE", "geotechnicalSoilName": "niet gedefinieerd", "remarks": "1) gray-white 2) matig hard 3) KAS ", "soilDistribution": [0.0, 0.0, 0.0, 0.0, 0.0, 0.0], "location_uid": "B61F3172 Maastricht A2 tunnel"}, "geometry": {"type": "Point", "coordinates": [5.710419858113855, 50.85497696477053, 80.72129873280835]}}, {"id": "474", "type": "Feature", "properties": {"geotechnicalSoilCode": "NBE", "geotechnicalSoilName": "niet gedefinieerd", "remarks": "1) gray-white 2) matig hard 3) KAS ", "soilDistribution": [0.0, 0.0, 0.0, 0.0, 0.0, 0.0], "location_uid": "B61F3172 Maastricht A2 tunnel"}, "geometry": {"type": "Point", "coordinates": [5.710419858113855, 50.85497696477053, 80.72129873280835]}}, {"id": "475", "type": "Feature", "properties": {"geotechnicalSoilCode": "NBE", "geotechnicalSoilName": "niet gedefinieerd", "remarks": "1) gray-white 2) matig hard 3) KAS ", "soilDistribution": [0.0, 0.0, 0.0, 0.0, 0.0, 0.0], "location_uid": "B61F3172 Maastricht A2 tunnel"}, "geometry": {"type": "Point", "coordinates": [5.710419858113855, 50.85497696477053, 80.72129873280835]}}, {"id": "476", "type": "Feature", "properties": {"geotechnicalSoilCode": "NBE", "geotechnicalSoilName": "niet gedefinieerd", "remarks": "1) yellow-gray 2) matig hard 3) KAS ", "soilDistribution": [0.0, 0.0, 0.0, 0.0, 0.0, 0.0], "location_uid": "B61F3172 Maastricht A2 tunnel"}, "geometry": {"type": "Point", "coordinates": [5.710419858113855, 50.85497696477053, 80.72129873280835]}}, {"id": "477", "type": "Feature", "properties": {"geotechnicalSoilCode": "NBE", "geotechnicalSoilName": "niet gedefinieerd", "remarks": "1) light gray 2) matig hard 3) KAS ", "soilDistribution": [0.0, 0.0, 0.0, 0.0, 0.0, 0.0], "location_uid": "B61F3172 Maastricht A2 tunnel"}, "geometry": {"type": "Point", "coordinates": [5.710419858113855, 50.85497696477053, 80.72129873280835]}}, {"id": "478", "type": "Feature", "properties": {"geotechnicalSoilCode": "NBE", "geotechnicalSoilName": "niet gedefinieerd", "remarks": "1) GM ", "soilDistribution": [0.0, 0.0, 0.0, 0.0, 0.0, 0.0], "location_uid": "B61F3172 Maastricht A2 tunnel"}, "geometry": {"type": "Point", "coordinates": [5.710419858113855, 50.85497696477053, 80.72129873280835]}}, {"id": "479", "type": "Feature", "properties": {"geotechnicalSoilCode": "NBE", "geotechnicalSoilName": "niet gedefinieerd", "remarks": "1) light gray 2) matig hard 3) KAS ", "soilDistribution": [0.0, 0.0, 0.0, 0.0, 0.0, 0.0], "location_uid": "B61F3172 Maastricht A2 tunnel"}, "geometry": {"type": "Point", "coordinates": [5.710419858113855, 50.85497696477053, 80.72129873280835]}}, {"id": "480", "type": "Feature", "properties": {"geotechnicalSoilCode": "NBE", "geotechnicalSoilName": "niet gedefinieerd", "remarks": "1) GM ", "soilDistribution": [0.0, 0.0, 0.0, 0.0, 0.0, 0.0], "location_uid": "B61F3172 Maastricht A2 tunnel"}, "geometry": {"type": "Point", "coordinates": [5.710419858113855, 50.85497696477053, 80.72129873280835]}}, {"id": "481", "type": "Feature", "properties": {"geotechnicalSoilCode": "NBE", "geotechnicalSoilName": "niet gedefinieerd", "remarks": "1) light gray 2) matig hard 3) KAS ", "soilDistribution": [0.0, 0.0, 0.0, 0.0, 0.0, 0.0], "location_uid": "B61F3172 Maastricht A2 tunnel"}, "geometry": {"type": "Point", "coordinates": [5.710419858113855, 50.85497696477053, 80.72129873280835]}}, {"id": "482", "type": "Feature", "properties": {"geotechnicalSoilCode": "NBE", "geotechnicalSoilName": "niet gedefinieerd", "remarks": "1) light gray 2) matig hard 3) KAS ", "soilDistribution": [0.0, 0.0, 0.0, 0.0, 0.0, 0.0], "location_uid": "B61F3172 Maastricht A2 tunnel"}, "geometry": {"type": "Point", "coordinates": [5.710419858113855, 50.85497696477053, 80.72129873280835]}}, {"id": "483", "type": "Feature", "properties": {"geotechnicalSoilCode": "NBE", "geotechnicalSoilName": "niet gedefinieerd", "remarks": "1) light gray 2) matig hard 3) KAS ", "soilDistribution": [0.0, 0.0, 0.0, 0.0, 0.0, 0.0], "location_uid": "B61F3172 Maastricht A2 tunnel"}, "geometry": {"type": "Point", "coordinates": [5.710419858113855, 50.85497696477053, 80.72129873280835]}}, {"id": "484", "type": "Feature", "properties": {"geotechnicalSoilCode": "NBE", "geotechnicalSoilName": "niet gedefinieerd", "remarks": "1) light gray 2) matig hard 3) KAS ", "soilDistribution": [0.0, 0.0, 0.0, 0.0, 0.0, 0.0], "location_uid": "B61F3172 Maastricht A2 tunnel"}, "geometry": {"type": "Point", "coordinates": [5.710419858113855, 50.85497696477053, 80.72129873280835]}}, {"id": "485", "type": "Feature", "properties": {"geotechnicalSoilCode": "NBE", "geotechnicalSoilName": "niet gedefinieerd", "remarks": "1) light gray 2) matig hard 3) spoor schelpmateriaal <1% 4) KAS ", "soilDistribution": [0.0, 0.0, 0.0, 0.0, 0.0, 0.0], "location_uid": "B61F3172 Maastricht A2 tunnel"}, "geometry": {"type": "Point", "coordinates": [5.710419858113855, 50.85497696477053, 80.72129873280835]}}, {"id": "486", "type": "Feature", "properties": {"geotechnicalSoilCode": "NBE", "geotechnicalSoilName": "niet gedefinieerd", "remarks": "1) GM ", "soilDistribution": [0.0, 0.0, 0.0, 0.0, 0.0, 0.0], "location_uid": "B61F3172 Maastricht A2 tunnel"}, "geometry": {"type": "Point", "coordinates": [5.710419858113855, 50.85497696477053, 80.72129873280835]}}, {"id": "487", "type": "Feature", "properties": {"geotechnicalSoilCode": "NBE", "geotechnicalSoilName": "niet gedefinieerd", "remarks": "1) light gray 2) matig hard 3) KAS ", "soilDistribution": [0.0, 0.0, 0.0, 0.0, 0.0, 0.0], "location_uid": "B61F3172 Maastricht A2 tunnel"}, "geometry": {"type": "Point", "coordinates": [5.710419858113855, 50.85497696477053, 80.72129873280835]}}, {"id": "488", "type": "Feature", "properties": {"geotechnicalSoilCode": "NBE", "geotechnicalSoilName": "niet gedefinieerd", "remarks": "1) light gray 2) matig hard 3) KAS ", "soilDistribution": [0.0, 0.0, 0.0, 0.0, 0.0, 0.0], "location_uid": "B61F3172 Maastricht A2 tunnel"}, "geometry": {"type": "Point", "coordinates": [5.710419858113855, 50.85497696477053, 80.72129873280835]}}, {"id": "489", "type": "Feature", "properties": {"geotechnicalSoilCode": "NBE", "geotechnicalSoilName": "niet gedefinieerd", "remarks": "1) light gray 2) matig hard 3) KAS ", "soilDistribution": [0.0, 0.0, 0.0, 0.0, 0.0, 0.0], "location_uid": "B61F3172 Maastricht A2 tunnel"}, "geometry": {"type": "Point", "coordinates": [5.710419858113855, 50.85497696477053, 80.72129873280835]}}, {"id": "490", "type": "Feature", "properties": {"geotechnicalSoilCode": "NBE", "geotechnicalSoilName": "niet gedefinieerd", "remarks": "1) light gray 2) matig hard 3) KAS ", "soilDistribution": [0.0, 0.0, 0.0, 0.0, 0.0, 0.0], "location_uid": "B61F3172 Maastricht A2 tunnel"}, "geometry": {"type": "Point", "coordinates": [5.710419858113855, 50.85497696477053, 80.72129873280835]}}, {"id": "491", "type": "Feature", "properties": {"geotechnicalSoilCode": "NBE", "geotechnicalSoilName": "niet gedefinieerd", "remarks": "1) light gray 2) matig hard 3) KAS ", "soilDistribution": [0.0, 0.0, 0.0, 0.0, 0.0, 0.0], "location_uid": "B61F3172 Maastricht A2 tunnel"}, "geometry": {"type": "Point", "coordinates": [5.710419858113855, 50.85497696477053, 80.72129873280835]}}, {"id": "492", "type": "Feature", "properties": {"geotechnicalSoilCode": "NBE", "geotechnicalSoilName": "niet gedefinieerd", "remarks": "1) light gray 2) matig hard 3) KAS ", "soilDistribution": [0.0, 0.0, 0.0, 0.0, 0.0, 0.0], "location_uid": "B61F3172 Maastricht A2 tunnel"}, "geometry": {"type": "Point", "coordinates": [5.710419858113855, 50.85497696477053, 80.72129873280835]}}, {"id": "493", "type": "Feature", "properties": {"geotechnicalSoilCode": "NBE", "geotechnicalSoilName": "niet gedefinieerd", "remarks": "1) light gray 2) matig hard 3) KAS ", "soilDistribution": [0.0, 0.0, 0.0, 0.0, 0.0, 0.0], "location_uid": "B61F3172 Maastricht A2 tunnel"}, "geometry": {"type": "Point", "coordinates": [5.710419858113855, 50.85497696477053, 80.72129873280835]}}, {"id": "494", "type": "Feature", "properties": {"geotechnicalSoilCode": "NBE", "geotechnicalSoilName": "niet gedefinieerd", "remarks": "1) light gray 2) matig hard 3) KAS ", "soilDistribution": [0.0, 0.0, 0.0, 0.0, 0.0, 0.0], "location_uid": "B61F3172 Maastricht A2 tunnel"}, "geometry": {"type": "Point", "coordinates": [5.710419858113855, 50.85497696477053, 80.72129873280835]}}, {"id": "495", "type": "Feature", "properties": {"geotechnicalSoilCode": "NBE", "geotechnicalSoilName": "niet gedefinieerd", "remarks": "1) light gray 2) matig hard 3) KAS ", "soilDistribution": [0.0, 0.0, 0.0, 0.0, 0.0, 0.0], "location_uid": "B61F3172 Maastricht A2 tunnel"}, "geometry": {"type": "Point", "coordinates": [5.710419858113855, 50.85497696477053, 80.72129873280835]}}, {"id": "496", "type": "Feature", "properties": {"geotechnicalSoilCode": "NBE", "geotechnicalSoilName": "niet gedefinieerd", "remarks": "1) light gray 2) matig hard 3) KAS ", "soilDistribution": [0.0, 0.0, 0.0, 0.0, 0.0, 0.0], "location_uid": "B61F3172 Maastricht A2 tunnel"}, "geometry": {"type": "Point", "coordinates": [5.710419858113855, 50.85497696477053, 80.72129873280835]}}, {"id": "497", "type": "Feature", "properties": {"geotechnicalSoilCode": "NBE", "geotechnicalSoilName": "niet gedefinieerd", "remarks": "1) light yellow-gray 2) matig hard 3) KAS ", "soilDistribution": [0.0, 0.0, 0.0, 0.0, 0.0, 0.0], "location_uid": "B61F3172 Maastricht A2 tunnel"}, "geometry": {"type": "Point", "coordinates": [5.710419858113855, 50.85497696477053, 80.72129873280835]}}, {"id": "498", "type": "Feature", "properties": {"geotechnicalSoilCode": "NBE", "geotechnicalSoilName": "niet gedefinieerd", "remarks": "1) light yellow-gray 2) matig hard 3) KAS ", "soilDistribution": [0.0, 0.0, 0.0, 0.0, 0.0, 0.0], "location_uid": "B61F3172 Maastricht A2 tunnel"}, "geometry": {"type": "Point", "coordinates": [5.710419858113855, 50.85497696477053, 80.72129873280835]}}, {"id": "499", "type": "Feature", "properties": {"geotechnicalSoilCode": "NBE", "geotechnicalSoilName": "niet gedefinieerd", "remarks": "1) light yellow-gray 2) matig hard 3) KAS ", "soilDistribution": [0.0, 0.0, 0.0, 0.0, 0.0, 0.0], "location_uid": "B61F3172 Maastricht A2 tunnel"}, "geometry": {"type": "Point", "coordinates": [5.710419858113855, 50.85497696477053, 80.72129873280835]}}, {"id": "500", "type": "Feature", "properties": {"geotechnicalSoilCode": "NBE", "geotechnicalSoilName": "niet gedefinieerd", "remarks": "1) light gray 2) matig hard 3) KAS ", "soilDistribution": [0.0, 0.0, 0.0, 0.0, 0.0, 0.0], "location_uid": "B61F3172 Maastricht A2 tunnel"}, "geometry": {"type": "Point", "coordinates": [5.710419858113855, 50.85497696477053, 80.72129873280835]}}, {"id": "501", "type": "Feature", "properties": {"geotechnicalSoilCode": "NBE", "geotechnicalSoilName": "niet gedefinieerd", "remarks": "1) light gray 2) matig hard 3) KAS ", "soilDistribution": [0.0, 0.0, 0.0, 0.0, 0.0, 0.0], "location_uid": "B61F3172 Maastricht A2 tunnel"}, "geometry": {"type": "Point", "coordinates": [5.710419858113855, 50.85497696477053, 80.72129873280835]}}, {"id": "502", "type": "Feature", "properties": {"geotechnicalSoilCode": "NBE", "geotechnicalSoilName": "niet gedefinieerd", "remarks": "1) light gray 2) matig hard 3) KAS ", "soilDistribution": [0.0, 0.0, 0.0, 0.0, 0.0, 0.0], "location_uid": "B61F3172 Maastricht A2 tunnel"}, "geometry": {"type": "Point", "coordinates": [5.710419858113855, 50.85497696477053, 80.72129873280835]}}, {"id": "503", "type": "Feature", "properties": {"geotechnicalSoilCode": "NBE", "geotechnicalSoilName": "niet gedefinieerd", "remarks": "1) light gray 2) matig hard 3) KAS ", "soilDistribution": [0.0, 0.0, 0.0, 0.0, 0.0, 0.0], "location_uid": "B61F3172 Maastricht A2 tunnel"}, "geometry": {"type": "Point", "coordinates": [5.710419858113855, 50.85497696477053, 80.72129873280835]}}, {"id": "504", "type": "Feature", "properties": {"geotechnicalSoilCode": "NBE", "geotechnicalSoilName": "niet gedefinieerd", "remarks": "1) GM ", "soilDistribution": [0.0, 0.0, 0.0, 0.0, 0.0, 0.0], "location_uid": "B61F3172 Maastricht A2 tunnel"}, "geometry": {"type": "Point", "coordinates": [5.710419858113855, 50.85497696477053, 80.72129873280835]}}, {"id": "505", "type": "Feature", "properties": {"geotechnicalSoilCode": "NBE", "geotechnicalSoilName": "niet gedefinieerd", "remarks": "1) light gray 2) matig hard 3) KAS ", "soilDistribution": [0.0, 0.0, 0.0, 0.0, 0.0, 0.0], "location_uid": "B61F3172 Maastricht A2 tunnel"}, "geometry": {"type": "Point", "coordinates": [5.710419858113855, 50.85497696477053, 80.72129873280835]}}, {"id": "506", "type": "Feature", "properties": {"geotechnicalSoilCode": "NBE", "geotechnicalSoilName": "niet gedefinieerd", "remarks": "1) light gray 2) matig hard 3) KAS ", "soilDistribution": [0.0, 0.0, 0.0, 0.0, 0.0, 0.0], "location_uid": "B61F3172 Maastricht A2 tunnel"}, "geometry": {"type": "Point", "coordinates": [5.710419858113855, 50.85497696477053, 80.72129873280835]}}, {"id": "507", "type": "Feature", "properties": {"geotechnicalSoilCode": "NBE", "geotechnicalSoilName": "niet gedefinieerd", "remarks": "1) light gray 2) matig hard 3) KAS ", "soilDistribution": [0.0, 0.0, 0.0, 0.0, 0.0, 0.0], "location_uid": "B61F3172 Maastricht A2 tunnel"}, "geometry": {"type": "Point", "coordinates": [5.710419858113855, 50.85497696477053, 80.72129873280835]}}, {"id": "508", "type": "Feature", "properties": {"geotechnicalSoilCode": "NBE", "geotechnicalSoilName": "niet gedefinieerd", "remarks": "1) light gray 2) matig hard 3) KAS ", "soilDistribution": [0.0, 0.0, 0.0, 0.0, 0.0, 0.0], "location_uid": "B61F3172 Maastricht A2 tunnel"}, "geometry": {"type": "Point", "coordinates": [5.710419858113855, 50.85497696477053, 80.72129873280835]}}, {"id": "509", "type": "Feature", "properties": {"geotechnicalSoilCode": "NBE", "geotechnicalSoilName": "niet gedefinieerd", "remarks": "1) light gray 2) matig hard 3) KAS ", "soilDistribution": [0.0, 0.0, 0.0, 0.0, 0.0, 0.0], "location_uid": "B61F3172 Maastricht A2 tunnel"}, "geometry": {"type": "Point", "coordinates": [5.710419858113855, 50.85497696477053, 80.72129873280835]}}, {"id": "510", "type": "Feature", "properties": {"geotechnicalSoilCode": "NBE", "geotechnicalSoilName": "niet gedefinieerd", "remarks": "1) light gray 2) matig hard 3) KAS 4) serpulide ", "soilDistribution": [0.0, 0.0, 0.0, 0.0, 0.0, 0.0], "location_uid": "B61F3172 Maastricht A2 tunnel"}, "geometry": {"type": "Point", "coordinates": [5.710419858113855, 50.85497696477053, 80.72129873280835]}}, {"id": "511", "type": "Feature", "properties": {"geotechnicalSoilCode": "NBE", "geotechnicalSoilName": "niet gedefinieerd", "remarks": "1) light gray 2) matig hard 3) KAS ", "soilDistribution": [0.0, 0.0, 0.0, 0.0, 0.0, 0.0], "location_uid": "B61F3172 Maastricht A2 tunnel"}, "geometry": {"type": "Point", "coordinates": [5.710419858113855, 50.85497696477053, 80.72129873280835]}}, {"id": "512", "type": "Feature", "properties": {"geotechnicalSoilCode": "NBE", "geotechnicalSoilName": "niet gedefinieerd", "remarks": "1) light gray 2) matig hard 3) KAS ", "soilDistribution": [0.0, 0.0, 0.0, 0.0, 0.0, 0.0], "location_uid": "B61F3172 Maastricht A2 tunnel"}, "geometry": {"type": "Point", "coordinates": [5.710419858113855, 50.85497696477053, 80.72129873280835]}}, {"id": "513", "type": "Feature", "properties": {"geotechnicalSoilCode": "NBE", "geotechnicalSoilName": "niet gedefinieerd", "remarks": "1) light gray 2) matig hard 3) KAS ", "soilDistribution": [0.0, 0.0, 0.0, 0.0, 0.0, 0.0], "location_uid": "B61F3172 Maastricht A2 tunnel"}, "geometry": {"type": "Point", "coordinates": [5.710419858113855, 50.85497696477053, 80.72129873280835]}}, {"id": "514", "type": "Feature", "properties": {"geotechnicalSoilCode": "NBE", "geotechnicalSoilName": "niet gedefinieerd", "remarks": "1) light gray 2) matig hard 3) KAS ", "soilDistribution": [0.0, 0.0, 0.0, 0.0, 0.0, 0.0], "location_uid": "B61F3172 Maastricht A2 tunnel"}, "geometry": {"type": "Point", "coordinates": [5.710419858113855, 50.85497696477053, 80.72129873280835]}}, {"id": "515", "type": "Feature", "properties": {"geotechnicalSoilCode": "NBE", "geotechnicalSoilName": "niet gedefinieerd", "remarks": "1) NBE ", "soilDistribution": [0.0, 0.0, 0.0, 0.0, 0.0, 0.0], "location_uid": "B61F3174 Maastricht A2 tunnel"}, "geometry": {"type": "LineString", "coordinates": [[5.711874096337798, 50.85782236995121, 94.22303636680319], [5.711874096337798, 50.85782236995121, 80.71303636680318]]}}, {"id": "516", "type": "Feature", "properties": {"geotechnicalSoilCode": "NBE", "geotechnicalSoilName": "niet gedefinieerd", "remarks": "1) white-yellow 2) zacht 3) KAS ", "soilDistribution": [0.0, 0.0, 0.0, 0.0, 0.0, 0.0], "location_uid": "B61F3174 Maastricht A2 tunnel"}, "geometry": {"type": "Point", "coordinates": [5.711874096337798, 50.85782236995121, 80.71303636680318]}}, {"id": "517", "type": "Feature", "properties": {"geotechnicalSoilCode": "NBE", "geotechnicalSoilName": "niet gedefinieerd", "remarks": "1) white-yellow 2) zacht 3) KAS ", "soilDistribution": [0.0, 0.0, 0.0, 0.0, 0.0, 0.0], "location_uid": "B61F3174 Maastricht A2 tunnel"}, "geometry": {"type": "Point", "coordinates": [5.711874096337798, 50.85782236995121, 80.71303636680318]}}, {"id": "518", "type": "Feature", "properties": {"geotechnicalSoilCode": "NBE", "geotechnicalSoilName": "niet gedefinieerd", "remarks": "1) white-yellow 2) zacht 3) KAS ", "soilDistribution": [0.0, 0.0, 0.0, 0.0, 0.0, 0.0], "location_uid": "B61F3174 Maastricht A2 tunnel"}, "geometry": {"type": "Point", "coordinates": [5.711874096337798, 50.85782236995121, 80.71303636680318]}}, {"id": "519", "type": "Feature", "properties": {"geotechnicalSoilCode": "NBE", "geotechnicalSoilName": "niet gedefinieerd", "remarks": "1) gray-yellow 2) matig zacht 3) KAS ", "soilDistribution": [0.0, 0.0, 0.0, 0.0, 0.0, 0.0], "location_uid": "B61F3174 Maastricht A2 tunnel"}, "geometry": {"type": "Point", "coordinates": [5.711874096337798, 50.85782236995121, 80.71303636680318]}}, {"id": "520", "type": "Feature", "properties": {"geotechnicalSoilCode": "NBE", "geotechnicalSoilName": "niet gedefinieerd", "remarks": "1) GM ", "soilDistribution": [0.0, 0.0, 0.0, 0.0, 0.0, 0.0], "location_uid": "B61F3174 Maastricht A2 tunnel"}, "geometry": {"type": "Point", "coordinates": [5.711874096337798, 50.85782236995121, 80.71303636680318]}}, {"id": "521", "type": "Feature", "properties": {"geotechnicalSoilCode": "NBE", "geotechnicalSoilName": "niet gedefinieerd", "remarks": "1) gray-yellow 2) matig zacht 3) KAS ", "soilDistribution": [0.0, 0.0, 0.0, 0.0, 0.0, 0.0], "location_uid": "B61F3174 Maastricht A2 tunnel"}, "geometry": {"type": "Point", "coordinates": [5.711874096337798, 50.85782236995121, 80.71303636680318]}}, {"id": "522", "type": "Feature", "properties": {"geotechnicalSoilCode": "NBE", "geotechnicalSoilName": "niet gedefinieerd", "remarks": "1) GM ", "soilDistribution": [0.0, 0.0, 0.0, 0.0, 0.0, 0.0], "location_uid": "B61F3174 Maastricht A2 tunnel"}, "geometry": {"type": "Point", "coordinates": [5.711874096337798, 50.85782236995121, 80.71303636680318]}}, {"id": "523", "type": "Feature", "properties": {"geotechnicalSoilCode": "NBE", "geotechnicalSoilName": "niet gedefinieerd", "remarks": "1) yellow-white 2) zacht 3) KAS ", "soilDistribution": [0.0, 0.0, 0.0, 0.0, 0.0, 0.0], "location_uid": "B61F3174 Maastricht A2 tunnel"}, "geometry": {"type": "Point", "coordinates": [5.711874096337798, 50.85782236995121, 80.71303636680318]}}, {"id": "524", "type": "Feature", "properties": {"geotechnicalSoilCode": "NBE", "geotechnicalSoilName": "niet gedefinieerd", "remarks": "1) yellow-white 2) zacht 3) KAS ", "soilDistribution": [0.0, 0.0, 0.0, 0.0, 0.0, 0.0], "location_uid": "B61F3174 Maastricht A2 tunnel"}, "geometry": {"type": "Point", "coordinates": [5.711874096337798, 50.85782236995121, 80.71303636680318]}}, {"id": "525", "type": "Feature", "properties": {"geotechnicalSoilCode": "NBE", "geotechnicalSoilName": "niet gedefinieerd", "remarks": "1) yellow-white 2) zacht 3) KAS ", "soilDistribution": [0.0, 0.0, 0.0, 0.0, 0.0, 0.0], "location_uid": "B61F3174 Maastricht A2 tunnel"}, "geometry": {"type": "Point", "coordinates": [5.711874096337798, 50.85782236995121, 80.71303636680318]}}, {"id": "526", "type": "Feature", "properties": {"geotechnicalSoilCode": "NBE", "geotechnicalSoilName": "niet gedefinieerd", "remarks": "1) GM ", "soilDistribution": [0.0, 0.0, 0.0, 0.0, 0.0, 0.0], "location_uid": "B61F3174 Maastricht A2 tunnel"}, "geometry": {"type": "Point", "coordinates": [5.711874096337798, 50.85782236995121, 80.71303636680318]}}, {"id": "527", "type": "Feature", "properties": {"geotechnicalSoilCode": "NBE", "geotechnicalSoilName": "niet gedefinieerd", "remarks": "1) brown-gray 2) VUS ", "soilDistribution": [0.0, 0.0, 0.0, 0.0, 0.0, 0.0], "location_uid": "B61F3174 Maastricht A2 tunnel"}, "geometry": {"type": "Point", "coordinates": [5.711874096337798, 50.85782236995121, 80.71303636680318]}}, {"id": "528", "type": "Feature", "properties": {"geotechnicalSoilCode": "NBE", "geotechnicalSoilName": "niet gedefinieerd", "remarks": "1) GM ", "soilDistribution": [0.0, 0.0, 0.0, 0.0, 0.0, 0.0], "location_uid": "B61F3174 Maastricht A2 tunnel"}, "geometry": {"type": "Point", "coordinates": [5.711874096337798, 50.85782236995121, 80.71303636680318]}}, {"id": "529", "type": "Feature", "properties": {"geotechnicalSoilCode": "NBE", "geotechnicalSoilName": "niet gedefinieerd", "remarks": "1) white-yellow 2) zacht 3) spoor schelpmateriaal <1% 4) KAS ", "soilDistribution": [0.0, 0.0, 0.0, 0.0, 0.0, 0.0], "location_uid": "B61F3174 Maastricht A2 tunnel"}, "geometry": {"type": "Point", "coordinates": [5.711874096337798, 50.85782236995121, 80.71303636680318]}}, {"id": "530", "type": "Feature", "properties": {"geotechnicalSoilCode": "NBE", "geotechnicalSoilName": "niet gedefinieerd", "remarks": "1) GM ", "soilDistribution": [0.0, 0.0, 0.0, 0.0, 0.0, 0.0], "location_uid": "B61F3174 Maastricht A2 tunnel"}, "geometry": {"type": "Point", "coordinates": [5.711874096337798, 50.85782236995121, 80.71303636680318]}}, {"id": "531", "type": "Feature", "properties": {"geotechnicalSoilCode": "NBE", "geotechnicalSoilName": "niet gedefinieerd", "remarks": "1) white-yellow 2) zacht 3) spoor schelpmateriaal <1% 4) KAS 5) Hemipneustes fossielgruis ", "soilDistribution": [0.0, 0.0, 0.0, 0.0, 0.0, 0.0], "location_uid": "B61F3174 Maastricht A2 tunnel"}, "geometry": {"type": "Point", "coordinates": [5.711874096337798, 50.85782236995121, 80.71303636680318]}}, {"id": "532", "type": "Feature", "properties": {"geotechnicalSoilCode": "NBE", "geotechnicalSoilName": "niet gedefinieerd", "remarks": "1) yellow-white 2) matig hard 3) KAS ", "soilDistribution": [0.0, 0.0, 0.0, 0.0, 0.0, 0.0], "location_uid": "B61F3174 Maastricht A2 tunnel"}, "geometry": {"type": "Point", "coordinates": [5.711874096337798, 50.85782236995121, 80.71303636680318]}}, {"id": "533", "type": "Feature", "properties": {"geotechnicalSoilCode": "NBE", "geotechnicalSoilName": "niet gedefinieerd", "remarks": "1) GM ", "soilDistribution": [0.0, 0.0, 0.0, 0.0, 0.0, 0.0], "location_uid": "B61F3174 Maastricht A2 tunnel"}, "geometry": {"type": "Point", "coordinates": [5.711874096337798, 50.85782236995121, 80.71303636680318]}}, {"id": "534", "type": "Feature", "properties": {"geotechnicalSoilCode": "NBE", "geotechnicalSoilName": "niet gedefinieerd", "remarks": "1) yellow-white 2) matig hard 3) KAS ", "soilDistribution": [0.0, 0.0, 0.0, 0.0, 0.0, 0.0], "location_uid": "B61F3174 Maastricht A2 tunnel"}, "geometry": {"type": "Point", "coordinates": [5.711874096337798, 50.85782236995121, 80.71303636680318]}}, {"id": "535", "type": "Feature", "properties": {"geotechnicalSoilCode": "NBE", "geotechnicalSoilName": "niet gedefinieerd", "remarks": "1) weinig schelpmateriaal (1-10%) 2) KAS 3) fossielgruis Hemipneusetes ", "soilDistribution": [0.0, 0.0, 0.0, 0.0, 0.0, 0.0], "location_uid": "B61F3174 Maastricht A2 tunnel"}, "geometry": {"type": "Point", "coordinates": [5.711874096337798, 50.85782236995121, 80.71303636680318]}}, {"id": "536", "type": "Feature", "properties": {"geotechnicalSoilCode": "NBE", "geotechnicalSoilName": "niet gedefinieerd", "remarks": "1) yellow-white 2) matig hard 3) KAS ", "soilDistribution": [0.0, 0.0, 0.0, 0.0, 0.0, 0.0], "location_uid": "B61F3174 Maastricht A2 tunnel"}, "geometry": {"type": "Point", "coordinates": [5.711874096337798, 50.85782236995121, 80.71303636680318]}}, {"id": "537", "type": "Feature", "properties": {"geotechnicalSoilCode": "NBE", "geotechnicalSoilName": "niet gedefinieerd", "remarks": "1) GM ", "soilDistribution": [0.0, 0.0, 0.0, 0.0, 0.0, 0.0], "location_uid": "B61F3174 Maastricht A2 tunnel"}, "geometry": {"type": "Point", "coordinates": [5.711874096337798, 50.85782236995121, 80.71303636680318]}}, {"id": "538", "type": "Feature", "properties": {"geotechnicalSoilCode": "NBE", "geotechnicalSoilName": "niet gedefinieerd", "remarks": "1) yellow-gray 2) zacht 3) weinig schelpmateriaal (1-10%) 4) KAS 5) Hemipneustes oesters pectinide ", "soilDistribution": [0.0, 0.0, 0.0, 0.0, 0.0, 0.0], "location_uid": "B61F3174 Maastricht A2 tunnel"}, "geometry": {"type": "Point", "coordinates": [5.711874096337798, 50.85782236995121, 80.71303636680318]}}, {"id": "539", "type": "Feature", "properties": {"geotechnicalSoilCode": "NBE", "geotechnicalSoilName": "niet gedefinieerd", "remarks": "1) yellow-gray 2) matig hard 3) KAS 4) met laagje fossielgruis ", "soilDistribution": [0.0, 0.0, 0.0, 0.0, 0.0, 0.0], "location_uid": "B61F3174 Maastricht A2 tunnel"}, "geometry": {"type": "Point", "coordinates": [5.711874096337798, 50.85782236995121, 80.71303636680318]}}, {"id": "540", "type": "Feature", "properties": {"geotechnicalSoilCode": "NBE", "geotechnicalSoilName": "niet gedefinieerd", "remarks": "1) pink-gray 2) zacht 3) KAS ", "soilDistribution": [0.0, 0.0, 0.0, 0.0, 0.0, 0.0], "location_uid": "B61F3174 Maastricht A2 tunnel"}, "geometry": {"type": "Point", "coordinates": [5.711874096337798, 50.85782236995121, 80.71303636680318]}}, {"id": "541", "type": "Feature", "properties": {"geotechnicalSoilCode": "NBE", "geotechnicalSoilName": "niet gedefinieerd", "remarks": "1) GM ", "soilDistribution": [0.0, 0.0, 0.0, 0.0, 0.0, 0.0], "location_uid": "B61F3174 Maastricht A2 tunnel"}, "geometry": {"type": "Point", "coordinates": [5.711874096337798, 50.85782236995121, 80.71303636680318]}}, {"id": "542", "type": "Feature", "properties": {"geotechnicalSoilCode": "NBE", "geotechnicalSoilName": "niet gedefinieerd", "remarks": "1) yellow-gray 2) matig hard 3) KAS ", "soilDistribution": [0.0, 0.0, 0.0, 0.0, 0.0, 0.0], "location_uid": "B61F3174 Maastricht A2 tunnel"}, "geometry": {"type": "Point", "coordinates": [5.711874096337798, 50.85782236995121, 80.71303636680318]}}, {"id": "543", "type": "Feature", "properties": {"geotechnicalSoilCode": "NBE", "geotechnicalSoilName": "niet gedefinieerd", "remarks": "1) GM ", "soilDistribution": [0.0, 0.0, 0.0, 0.0, 0.0, 0.0], "location_uid": "B61F3174 Maastricht A2 tunnel"}, "geometry": {"type": "Point", "coordinates": [5.711874096337798, 50.85782236995121, 80.71303636680318]}}, {"id": "544", "type": "Feature", "properties": {"geotechnicalSoilCode": "NBE", "geotechnicalSoilName": "niet gedefinieerd", "remarks": "1) yellow-gray 2) matig hard 3) KAS ", "soilDistribution": [0.0, 0.0, 0.0, 0.0, 0.0, 0.0], "location_uid": "B61F3174 Maastricht A2 tunnel"}, "geometry": {"type": "Point", "coordinates": [5.711874096337798, 50.85782236995121, 80.71303636680318]}}, {"id": "545", "type": "Feature", "properties": {"geotechnicalSoilCode": "NBE", "geotechnicalSoilName": "niet gedefinieerd", "remarks": "1) yellow-gray 2) hard 3) KAS ", "soilDistribution": [0.0, 0.0, 0.0, 0.0, 0.0, 0.0], "location_uid": "B61F3174 Maastricht A2 tunnel"}, "geometry": {"type": "Point", "coordinates": [5.711874096337798, 50.85782236995121, 80.71303636680318]}}, {"id": "546", "type": "Feature", "properties": {"geotechnicalSoilCode": "NBE", "geotechnicalSoilName": "niet gedefinieerd", "remarks": "1) yellow-gray 2) matig hard 3) KAS ", "soilDistribution": [0.0, 0.0, 0.0, 0.0, 0.0, 0.0], "location_uid": "B61F3174 Maastricht A2 tunnel"}, "geometry": {"type": "Point", "coordinates": [5.711874096337798, 50.85782236995121, 80.71303636680318]}}, {"id": "547", "type": "Feature", "properties": {"geotechnicalSoilCode": "NBE", "geotechnicalSoilName": "niet gedefinieerd", "remarks": "1) GM ", "soilDistribution": [0.0, 0.0, 0.0, 0.0, 0.0, 0.0], "location_uid": "B61F3174 Maastricht A2 tunnel"}, "geometry": {"type": "Point", "coordinates": [5.711874096337798, 50.85782236995121, 80.71303636680318]}}, {"id": "548", "type": "Feature", "properties": {"geotechnicalSoilCode": "NBE", "geotechnicalSoilName": "niet gedefinieerd", "remarks": "1) light gray-white 2) matig hard 3) KAS ", "soilDistribution": [0.0, 0.0, 0.0, 0.0, 0.0, 0.0], "location_uid": "B61F3174 Maastricht A2 tunnel"}, "geometry": {"type": "Point", "coordinates": [5.711874096337798, 50.85782236995121, 80.71303636680318]}}, {"id": "549", "type": "Feature", "properties": {"geotechnicalSoilCode": "NBE", "geotechnicalSoilName": "niet gedefinieerd", "remarks": "1) gray-white 2) zacht 3) KAS ", "soilDistribution": [0.0, 0.0, 0.0, 0.0, 0.0, 0.0], "location_uid": "B61F3174 Maastricht A2 tunnel"}, "geometry": {"type": "Point", "coordinates": [5.711874096337798, 50.85782236995121, 80.71303636680318]}}, {"id": "550", "type": "Feature", "properties": {"geotechnicalSoilCode": "NBE", "geotechnicalSoilName": "niet gedefinieerd", "remarks": "1) gray-white 2) zacht 3) KAS ", "soilDistribution": [0.0, 0.0, 0.0, 0.0, 0.0, 0.0], "location_uid": "B61F3174 Maastricht A2 tunnel"}, "geometry": {"type": "Point", "coordinates": [5.711874096337798, 50.85782236995121, 80.71303636680318]}}, {"id": "551", "type": "Feature", "properties": {"geotechnicalSoilCode": "NBE", "geotechnicalSoilName": "niet gedefinieerd", "remarks": "1) GM ", "soilDistribution": [0.0, 0.0, 0.0, 0.0, 0.0, 0.0], "location_uid": "B61F3174 Maastricht A2 tunnel"}, "geometry": {"type": "Point", "coordinates": [5.711874096337798, 50.85782236995121, 80.71303636680318]}}, {"id": "552", "type": "Feature", "properties": {"geotechnicalSoilCode": "NBE", "geotechnicalSoilName": "niet gedefinieerd", "remarks": "1) white-yellow 2) matig hard 3) KAS ", "soilDistribution": [0.0, 0.0, 0.0, 0.0, 0.0, 0.0], "location_uid": "B61F3174 Maastricht A2 tunnel"}, "geometry": {"type": "Point", "coordinates": [5.711874096337798, 50.85782236995121, 80.71303636680318]}}, {"id": "553", "type": "Feature", "properties": {"geotechnicalSoilCode": "NBE", "geotechnicalSoilName": "niet gedefinieerd", "remarks": "1) light pink-yellow 2) matig hard 3) KAS ", "soilDistribution": [0.0, 0.0, 0.0, 0.0, 0.0, 0.0], "location_uid": "B61F3174 Maastricht A2 tunnel"}, "geometry": {"type": "Point", "coordinates": [5.711874096337798, 50.85782236995121, 80.71303636680318]}}, {"id": "554", "type": "Feature", "properties": {"geotechnicalSoilCode": "NBE", "geotechnicalSoilName": "niet gedefinieerd", "remarks": "1) white-yellow 2) matig hard 3) KAS ", "soilDistribution": [0.0, 0.0, 0.0, 0.0, 0.0, 0.0], "location_uid": "B61F3174 Maastricht A2 tunnel"}, "geometry": {"type": "Point", "coordinates": [5.711874096337798, 50.85782236995121, 80.71303636680318]}}, {"id": "555", "type": "Feature", "properties": {"geotechnicalSoilCode": "NBE", "geotechnicalSoilName": "niet gedefinieerd", "remarks": "1) gray-white 2) zacht 3) KAS ", "soilDistribution": [0.0, 0.0, 0.0, 0.0, 0.0, 0.0], "location_uid": "B61F3174 Maastricht A2 tunnel"}, "geometry": {"type": "Point", "coordinates": [5.711874096337798, 50.85782236995121, 80.71303636680318]}}, {"id": "556", "type": "Feature", "properties": {"geotechnicalSoilCode": "NBE", "geotechnicalSoilName": "niet gedefinieerd", "remarks": "1) GM ", "soilDistribution": [0.0, 0.0, 0.0, 0.0, 0.0, 0.0], "location_uid": "B61F3174 Maastricht A2 tunnel"}, "geometry": {"type": "Point", "coordinates": [5.711874096337798, 50.85782236995121, 80.71303636680318]}}, {"id": "557", "type": "Feature", "properties": {"geotechnicalSoilCode": "NBE", "geotechnicalSoilName": "niet gedefinieerd", "remarks": "1) white-gray 2) matig hard 3) KAS ", "soilDistribution": [0.0, 0.0, 0.0, 0.0, 0.0, 0.0], "location_uid": "B61F3174 Maastricht A2 tunnel"}, "geometry": {"type": "Point", "coordinates": [5.711874096337798, 50.85782236995121, 80.71303636680318]}}, {"id": "558", "type": "Feature", "properties": {"geotechnicalSoilCode": "NBE", "geotechnicalSoilName": "niet gedefinieerd", "remarks": "1) white-gray 2) matig hard 3) KAS ", "soilDistribution": [0.0, 0.0, 0.0, 0.0, 0.0, 0.0], "location_uid": "B61F3174 Maastricht A2 tunnel"}, "geometry": {"type": "Point", "coordinates": [5.711874096337798, 50.85782236995121, 80.71303636680318]}}, {"id": "559", "type": "Feature", "properties": {"geotechnicalSoilCode": "NBE", "geotechnicalSoilName": "niet gedefinieerd", "remarks": "1) gray-white 2) matig hard 3) KAS ", "soilDistribution": [0.0, 0.0, 0.0, 0.0, 0.0, 0.0], "location_uid": "B61F3174 Maastricht A2 tunnel"}, "geometry": {"type": "Point", "coordinates": [5.711874096337798, 50.85782236995121, 80.71303636680318]}}, {"id": "560", "type": "Feature", "properties": {"geotechnicalSoilCode": "NBE", "geotechnicalSoilName": "niet gedefinieerd", "remarks": "1) GM ", "soilDistribution": [0.0, 0.0, 0.0, 0.0, 0.0, 0.0], "location_uid": "B61F3174 Maastricht A2 tunnel"}, "geometry": {"type": "Point", "coordinates": [5.711874096337798, 50.85782236995121, 80.71303636680318]}}, {"id": "561", "type": "Feature", "properties": {"geotechnicalSoilCode": "NBE", "geotechnicalSoilName": "niet gedefinieerd", "remarks": "1) white-gray 2) matig hard 3) KAS ", "soilDistribution": [0.0, 0.0, 0.0, 0.0, 0.0, 0.0], "location_uid": "B61F3174 Maastricht A2 tunnel"}, "geometry": {"type": "Point", "coordinates": [5.711874096337798, 50.85782236995121, 80.71303636680318]}}, {"id": "562", "type": "Feature", "properties": {"geotechnicalSoilCode": "NBE", "geotechnicalSoilName": "niet gedefinieerd", "remarks": "1) white-gray 2) matig hard 3) KAS ", "soilDistribution": [0.0, 0.0, 0.0, 0.0, 0.0, 0.0], "location_uid": "B61F3174 Maastricht A2 tunnel"}, "geometry": {"type": "Point", "coordinates": [5.711874096337798, 50.85782236995121, 80.71303636680318]}}, {"id": "563", "type": "Feature", "properties": {"geotechnicalSoilCode": "NBE", "geotechnicalSoilName": "niet gedefinieerd", "remarks": "1) white-gray 2) matig hard 3) KAS ", "soilDistribution": [0.0, 0.0, 0.0, 0.0, 0.0, 0.0], "location_uid": "B61F3174 Maastricht A2 tunnel"}, "geometry": {"type": "Point", "coordinates": [5.711874096337798, 50.85782236995121, 80.71303636680318]}}, {"id": "564", "type": "Feature", "properties": {"geotechnicalSoilCode": "NBE", "geotechnicalSoilName": "niet gedefinieerd", "remarks": "1) white-gray 2) matig hard 3) KAS ", "soilDistribution": [0.0, 0.0, 0.0, 0.0, 0.0, 0.0], "location_uid": "B61F3174 Maastricht A2 tunnel"}, "geometry": {"type": "Point", "coordinates": [5.711874096337798, 50.85782236995121, 80.71303636680318]}}, {"id": "565", "type": "Feature", "properties": {"geotechnicalSoilCode": "NBE", "geotechnicalSoilName": "niet gedefinieerd", "remarks": "1) white-gray 2) matig hard 3) KAS ", "soilDistribution": [0.0, 0.0, 0.0, 0.0, 0.0, 0.0], "location_uid": "B61F3174 Maastricht A2 tunnel"}, "geometry": {"type": "Point", "coordinates": [5.711874096337798, 50.85782236995121, 80.71303636680318]}}, {"id": "566", "type": "Feature", "properties": {"geotechnicalSoilCode": "NBE", "geotechnicalSoilName": "niet gedefinieerd", "remarks": "1) GM ", "soilDistribution": [0.0, 0.0, 0.0, 0.0, 0.0, 0.0], "location_uid": "B61F3174 Maastricht A2 tunnel"}, "geometry": {"type": "Point", "coordinates": [5.711874096337798, 50.85782236995121, 80.71303636680318]}}, {"id": "567", "type": "Feature", "properties": {"geotechnicalSoilCode": "NBE", "geotechnicalSoilName": "niet gedefinieerd", "remarks": "1) white-gray 2) matig hard 3) KAS ", "soilDistribution": [0.0, 0.0, 0.0, 0.0, 0.0, 0.0], "location_uid": "B61F3174 Maastricht A2 tunnel"}, "geometry": {"type": "Point", "coordinates": [5.711874096337798, 50.85782236995121, 80.71303636680318]}}, {"id": "568", "type": "Feature", "properties": {"geotechnicalSoilCode": "NBE", "geotechnicalSoilName": "niet gedefinieerd", "remarks": "1) VUS ", "soilDistribution": [0.0, 0.0, 0.0, 0.0, 0.0, 0.0], "location_uid": "B61F3174 Maastricht A2 tunnel"}, "geometry": {"type": "Point", "coordinates": [5.711874096337798, 50.85782236995121, 80.71303636680318]}}, {"id": "569", "type": "Feature", "properties": {"geotechnicalSoilCode": "NBE", "geotechnicalSoilName": "niet gedefinieerd", "remarks": "1) yellow-gray 2) zacht 3) KAS ", "soilDistribution": [0.0, 0.0, 0.0, 0.0, 0.0, 0.0], "location_uid": "B61F3174 Maastricht A2 tunnel"}, "geometry": {"type": "Point", "coordinates": [5.711874096337798, 50.85782236995121, 80.71303636680318]}}, {"id": "570", "type": "Feature", "properties": {"geotechnicalSoilCode": "NBE", "geotechnicalSoilName": "niet gedefinieerd", "remarks": "1) GM ", "soilDistribution": [0.0, 0.0, 0.0, 0.0, 0.0, 0.0], "location_uid": "B61F3174 Maastricht A2 tunnel"}, "geometry": {"type": "Point", "coordinates": [5.711874096337798, 50.85782236995121, 80.71303636680318]}}, {"id": "571", "type": "Feature", "properties": {"geotechnicalSoilCode": "NBE", "geotechnicalSoilName": "niet gedefinieerd", "remarks": "1) gray 2) matig hard 3) weinig schelpmateriaal (1-10%) 4) KAS ", "soilDistribution": [0.0, 0.0, 0.0, 0.0, 0.0, 0.0], "location_uid": "B61F3174 Maastricht A2 tunnel"}, "geometry": {"type": "Point", "coordinates": [5.711874096337798, 50.85782236995121, 80.71303636680318]}}, {"id": "572", "type": "Feature", "properties": {"geotechnicalSoilCode": "NBE", "geotechnicalSoilName": "niet gedefinieerd", "remarks": "1) GM ", "soilDistribution": [0.0, 0.0, 0.0, 0.0, 0.0, 0.0], "location_uid": "B61F3174 Maastricht A2 tunnel"}, "geometry": {"type": "Point", "coordinates": [5.711874096337798, 50.85782236995121, 80.71303636680318]}}, {"id": "573", "type": "Feature", "properties": {"geotechnicalSoilCode": "NBE", "geotechnicalSoilName": "niet gedefinieerd", "remarks": "1) gray 2) matig hard 3) KAS ", "soilDistribution": [0.0, 0.0, 0.0, 0.0, 0.0, 0.0], "location_uid": "B61F3174 Maastricht A2 tunnel"}, "geometry": {"type": "Point", "coordinates": [5.711874096337798, 50.85782236995121, 80.71303636680318]}}, {"id": "574", "type": "Feature", "properties": {"geotechnicalSoilCode": "NBE", "geotechnicalSoilName": "niet gedefinieerd", "remarks": "1) GM ", "soilDistribution": [0.0, 0.0, 0.0, 0.0, 0.0, 0.0], "location_uid": "B61F3174 Maastricht A2 tunnel"}, "geometry": {"type": "Point", "coordinates": [5.711874096337798, 50.85782236995121, 80.71303636680318]}}, {"id": "575", "type": "Feature", "properties": {"geotechnicalSoilCode": "NBE", "geotechnicalSoilName": "niet gedefinieerd", "remarks": "1) gray 2) matig hard 3) weinig schelpmateriaal (1-10%) 4) KAS 5) serpulide oester ", "soilDistribution": [0.0, 0.0, 0.0, 0.0, 0.0, 0.0], "location_uid": "B61F3174 Maastricht A2 tunnel"}, "geometry": {"type": "Point", "coordinates": [5.711874096337798, 50.85782236995121, 80.71303636680318]}}, {"id": "576", "type": "Feature", "properties": {"geotechnicalSoilCode": "NBE", "geotechnicalSoilName": "niet gedefinieerd", "remarks": "1) GM ", "soilDistribution": [0.0, 0.0, 0.0, 0.0, 0.0, 0.0], "location_uid": "B61F3174 Maastricht A2 tunnel"}, "geometry": {"type": "Point", "coordinates": [5.711874096337798, 50.85782236995121, 80.71303636680318]}}, {"id": "577", "type": "Feature", "properties": {"geotechnicalSoilCode": "NBE", "geotechnicalSoilName": "niet gedefinieerd", "remarks": "1) gray 2) matig hard 3) KAS ", "soilDistribution": [0.0, 0.0, 0.0, 0.0, 0.0, 0.0], "location_uid": "B61F3174 Maastricht A2 tunnel"}, "geometry": {"type": "Point", "coordinates": [5.711874096337798, 50.85782236995121, 80.71303636680318]}}, {"id": "578", "type": "Feature", "properties": {"geotechnicalSoilCode": "NBE", "geotechnicalSoilName": "niet gedefinieerd", "remarks": "1) GM ", "soilDistribution": [0.0, 0.0, 0.0, 0.0, 0.0, 0.0], "location_uid": "B61F3174 Maastricht A2 tunnel"}, "geometry": {"type": "Point", "coordinates": [5.711874096337798, 50.85782236995121, 80.71303636680318]}}, {"id": "579", "type": "Feature", "properties": {"geotechnicalSoilCode": "NBE", "geotechnicalSoilName": "niet gedefinieerd", "remarks": "1) gray 2) matig hard 3) KAS ", "soilDistribution": [0.0, 0.0, 0.0, 0.0, 0.0, 0.0], "location_uid": "B61F3174 Maastricht A2 tunnel"}, "geometry": {"type": "Point", "coordinates": [5.711874096337798, 50.85782236995121, 80.71303636680318]}}, {"id": "580", "type": "Feature", "properties": {"geotechnicalSoilCode": "NBE", "geotechnicalSoilName": "niet gedefinieerd", "remarks": "1) gray 2) matig hard 3) KAS ", "soilDistribution": [0.0, 0.0, 0.0, 0.0, 0.0, 0.0], "location_uid": "B61F3174 Maastricht A2 tunnel"}, "geometry": {"type": "Point", "coordinates": [5.711874096337798, 50.85782236995121, 80.71303636680318]}}, {"id": "581", "type": "Feature", "properties": {"geotechnicalSoilCode": "NBE", "geotechnicalSoilName": "niet gedefinieerd", "remarks": "1) gray 2) matig hard 3) KAS ", "soilDistribution": [0.0, 0.0, 0.0, 0.0, 0.0, 0.0], "location_uid": "B61F3174 Maastricht A2 tunnel"}, "geometry": {"type": "Point", "coordinates": [5.711874096337798, 50.85782236995121, 80.71303636680318]}}, {"id": "582", "type": "Feature", "properties": {"geotechnicalSoilCode": "NBE", "geotechnicalSoilName": "niet gedefinieerd", "remarks": "1) gray 2) matig hard 3) KAS ", "soilDistribution": [0.0, 0.0, 0.0, 0.0, 0.0, 0.0], "location_uid": "B61F3174 Maastricht A2 tunnel"}, "geometry": {"type": "Point", "coordinates": [5.711874096337798, 50.85782236995121, 80.71303636680318]}}, {"id": "583", "type": "Feature", "properties": {"geotechnicalSoilCode": "NBE", "geotechnicalSoilName": "niet gedefinieerd", "remarks": "1) gray 2) matig hard 3) KAS ", "soilDistribution": [0.0, 0.0, 0.0, 0.0, 0.0, 0.0], "location_uid": "B61F3174 Maastricht A2 tunnel"}, "geometry": {"type": "Point", "coordinates": [5.711874096337798, 50.85782236995121, 80.71303636680318]}}, {"id": "584", "type": "Feature", "properties": {"geotechnicalSoilCode": "NBE", "geotechnicalSoilName": "niet gedefinieerd", "remarks": "1) gray 2) matig hard 3) KAS ", "soilDistribution": [0.0, 0.0, 0.0, 0.0, 0.0, 0.0], "location_uid": "B61F3174 Maastricht A2 tunnel"}, "geometry": {"type": "Point", "coordinates": [5.711874096337798, 50.85782236995121, 80.71303636680318]}}, {"id": "585", "type": "Feature", "properties": {"geotechnicalSoilCode": "NBE", "geotechnicalSoilName": "niet gedefinieerd", "remarks": "1) gray 2) matig hard 3) KAS ", "soilDistribution": [0.0, 0.0, 0.0, 0.0, 0.0, 0.0], "location_uid": "B61F3174 Maastricht A2 tunnel"}, "geometry": {"type": "Point", "coordinates": [5.711874096337798, 50.85782236995121, 80.71303636680318]}}, {"id": "586", "type": "Feature", "properties": {"geotechnicalSoilCode": "NBE", "geotechnicalSoilName": "niet gedefinieerd", "remarks": "1) puin ", "soilDistribution": [0.0, 0.0, 0.0, 0.0, 0.0, 0.0], "location_uid": "B61F3160 Maastricht A2 tunnel"}, "geometry": {"type": "LineString", "coordinates": [[5.71094144152529, 50.85036420114149, 93.63523951937282], [5.71094144152529, 50.85036420114149, 91.13523951937282]]}}, {"id": "587", "type": "Feature", "properties": {"geotechnicalSoilCode": "G", "geotechnicalSoilName": "siltigGrind", "remarks": "1) grijze klei ", "soilDistribution": [0.0, 0.7, 0.0, 0.3, 0.0, 0.0], "location_uid": "B61F3160 Maastricht A2 tunnel"}, "geometry": {"type": "LineString", "coordinates": [[5.71094144152529, 50.85036420114149, 91.13523951937282], [5.71094144152529, 50.85036420114149, 81.43523951937281]]}}, {"id": "588", "type": "Feature", "properties": {"geotechnicalSoilCode": "NBE", "geotechnicalSoilName": "niet gedefinieerd", "remarks": "1) gray-yellow 2) matig hard 3) KAS ", "soilDistribution": [0.0, 0.0, 0.0, 0.0, 0.0, 0.0], "location_uid": "B61F3160 Maastricht A2 tunnel"}, "geometry": {"type": "LineString", "coordinates": [[5.71094144152529, 50.85036420114149, 81.43523951937281], [5.71094144152529, 50.85036420114149, 80.63523951937282]]}}, {"id": "589", "type": "Feature", "properties": {"geotechnicalSoilCode": "NBE", "geotechnicalSoilName": "niet gedefinieerd", "remarks": "1) KAS 2) laag vuursteen 40 cm dik ", "soilDistribution": [0.0, 0.0, 0.0, 0.0, 0.0, 0.0], "location_uid": "B61F3160 Maastricht A2 tunnel"}, "geometry": {"type": "LineString", "coordinates": [[5.71094144152529, 50.85036420114149, 80.63523951937282], [5.71094144152529, 50.85036420114149, 77.63523951937282]]}}, {"id": "590", "type": "Feature", "properties": {"geotechnicalSoilCode": "NBE", "geotechnicalSoilName": "niet gedefinieerd", "remarks": "1) puin ", "soilDistribution": [0.0, 0.0, 0.0, 0.0, 0.0, 0.0], "location_uid": "B61F3161 Maastricht A2 tunnel"}, "geometry": {"type": "LineString", "coordinates": [[5.710752387294773, 50.8517580094143, 93.63102063470816], [5.710752387294773, 50.8517580094143, 92.13102063470816]]}}, {"id": "591", "type": "Feature", "properties": {"geotechnicalSoilCode": "G", "geotechnicalSoilName": "siltigGrind", "remarks": "1) grijze klei ", "soilDistribution": [0.0, 0.7, 0.0, 0.3, 0.0, 0.0], "location_uid": "B61F3161 Maastricht A2 tunnel"}, "geometry": {"type": "LineString", "coordinates": [[5.710752387294773, 50.8517580094143, 92.13102063470816], [5.710752387294773, 50.8517580094143, 82.13102063470816]]}}, {"id": "592", "type": "Feature", "properties": {"geotechnicalSoilCode": "NBE", "geotechnicalSoilName": "niet gedefinieerd", "remarks": "1) gray-yellow 2) matig hard 3) KAS ", "soilDistribution": [0.0, 0.0, 0.0, 0.0, 0.0, 0.0], "location_uid": "B61F3161 Maastricht A2 tunnel"}, "geometry": {"type": "LineString", "coordinates": [[5.710752387294773, 50.8517580094143, 82.13102063470816], [5.710752387294773, 50.8517580094143, 77.63102063470816]]}}, {"id": "593", "type": "Feature", "properties": {"geotechnicalSoilCode": "NBE", "geotechnicalSoilName": "niet gedefinieerd", "remarks": "1) NBE 2) Straatstenen ", "soilDistribution": [0.0, 0.0, 0.0, 0.0, 0.0, 0.0], "location_uid": "B61F3304 Maastricht A2 tunnel"}, "geometry": {"type": "LineString", "coordinates": [[5.710441337581803, 50.856019616793695, 93.64817464108955], [5.710441337581803, 50.856019616793695, 93.59817464108957]]}}, {"id": "594", "type": "Feature", "properties": {"geotechnicalSoilCode": "Zs1g2", "geotechnicalSoilName": "zwakZandigSilt", "remarks": "", "soilDistribution": [0.0, 0.0, 0.2, 0.8, 0.0, 0.0], "location_uid": "B61F3304 Maastricht A2 tunnel"}, "geometry": {"type": "LineString", "coordinates": [[5.710441337581803, 50.856019616793695, 93.59817464108957], [5.710441337581803, 50.856019616793695, 93.24817464108956]]}}, {"id": "595", "type": "Feature", "properties": {"geotechnicalSoilCode": "Gz3s1", "geotechnicalSoilName": "siltigGrind", "remarks": "", "soilDistribution": [0.0, 0.7, 0.0, 0.3, 0.0, 0.0], "location_uid": "B61F3304 Maastricht A2 tunnel"}, "geometry": {"type": "LineString", "coordinates": [[5.710441337581803, 50.856019616793695, 93.24817464108956], [5.710441337581803, 50.856019616793695, 92.14817464108955]]}}, {"id": "596", "type": "Feature", "properties": {"geotechnicalSoilCode": "Lz2g2", "geotechnicalSoilName": "zwakZandigSilt", "remarks": "1) Plaatselijk grind baksteen- en asresten ", "soilDistribution": [0.0, 0.0, 0.2, 0.8, 0.0, 0.0], "location_uid": "B61F3304 Maastricht A2 tunnel"}, "geometry": {"type": "LineString", "coordinates": [[5.710441337581803, 50.856019616793695, 92.14817464108955], [5.710441337581803, 50.856019616793695, 90.54817464108956]]}}, {"id": "597", "type": "Feature", "properties": {"geotechnicalSoilCode": "Lz2", "geotechnicalSoilName": "zwakZandigSilt", "remarks": "1) gray-brown 2) leem stevig ", "soilDistribution": [0.0, 0.0, 0.2, 0.8, 0.0, 0.0], "location_uid": "B61F3304 Maastricht A2 tunnel"}, "geometry": {"type": "LineString", "coordinates": [[5.710441337581803, 50.856019616793695, 90.54817464108956], [5.710441337581803, 50.856019616793695, 89.54817464108956]]}}, {"id": "598", "type": "Feature", "properties": {"geotechnicalSoilCode": "Lz3", "geotechnicalSoilName": "sterkZandigSilt", "remarks": "1) gray 2) leem slap ", "soilDistribution": [0.0, 0.0, 0.4, 0.6, 0.0, 0.0], "location_uid": "B61F3304 Maastricht A2 tunnel"}, "geometry": {"type": "LineString", "coordinates": [[5.710441337581803, 50.856019616793695, 89.54817464108956], [5.710441337581803, 50.856019616793695, 88.89817464108955]]}}, {"id": "599", "type": "Feature", "properties": {"geotechnicalSoilCode": "Zs1g2", "geotechnicalSoilName": "zwakZandigSilt", "remarks": "1) ZMC 2) Met grindzones ", "soilDistribution": [0.0, 0.0, 0.2, 0.8, 0.0, 0.0], "location_uid": "B61F3304 Maastricht A2 tunnel"}, "geometry": {"type": "LineString", "coordinates": [[5.710441337581803, 50.856019616793695, 88.89817464108955], [5.710441337581803, 50.856019616793695, 88.44817464108957]]}}, {"id": "600", "type": "Feature", "properties": {"geotechnicalSoilCode": "Gz2s1", "geotechnicalSoilName": "siltigGrind", "remarks": "1) Gedeeltelijk zwak organisch verkleurd ", "soilDistribution": [0.0, 0.7, 0.0, 0.3, 0.0, 0.0], "location_uid": "B61F3304 Maastricht A2 tunnel"}, "geometry": {"type": "LineString", "coordinates": [[5.710441337581803, 50.856019616793695, 88.44817464108957], [5.710441337581803, 50.856019616793695, 87.94817464108957]]}}, {"id": "601", "type": "Feature", "properties": {"geotechnicalSoilCode": "Gz2s1", "geotechnicalSoilName": "siltigGrind", "remarks": "1) kalkarm 2) Gedeeltelijk zwak organisch verkleurd ", "soilDistribution": [0.0, 0.7, 0.0, 0.3, 0.0, 0.0], "location_uid": "B61F3304 Maastricht A2 tunnel"}, "geometry": {"type": "LineString", "coordinates": [[5.710441337581803, 50.856019616793695, 87.94817464108957], [5.710441337581803, 50.856019616793695, 85.64817464108955]]}}, {"id": "602", "type": "Feature", "properties": {"geotechnicalSoilCode": "Gz2s1", "geotechnicalSoilName": "siltigGrind", "remarks": "1) kalkarm 2) Gedeeltelijk stenen ", "soilDistribution": [0.0, 0.7, 0.0, 0.3, 0.0, 0.0], "location_uid": "B61F3304 Maastricht A2 tunnel"}, "geometry": {"type": "LineString", "coordinates": [[5.710441337581803, 50.856019616793695, 85.64817464108955], [5.710441337581803, 50.856019616793695, 83.64817464108955]]}}, {"id": "603", "type": "Feature", "properties": {"geotechnicalSoilCode": "Gz2s1", "geotechnicalSoilName": "siltigGrind", "remarks": "1) kalkarm 2) Gedeeltelijk stenen ", "soilDistribution": [0.0, 0.7, 0.0, 0.3, 0.0, 0.0], "location_uid": "B61F3304 Maastricht A2 tunnel"}, "geometry": {"type": "LineString", "coordinates": [[5.710441337581803, 50.856019616793695, 83.64817464108955], [5.710441337581803, 50.856019616793695, 81.19817464108957]]}}, {"id": "604", "type": "Feature", "properties": {"geotechnicalSoilCode": "Gz2s1", "geotechnicalSoilName": "siltigGrind", "remarks": "1) kalkarm ", "soilDistribution": [0.0, 0.7, 0.0, 0.3, 0.0, 0.0], "location_uid": "B61F3304 Maastricht A2 tunnel"}, "geometry": {"type": "LineString", "coordinates": [[5.710441337581803, 50.856019616793695, 81.19817464108957], [5.710441337581803, 50.856019616793695, 80.71817464108956]]}}, {"id": "605", "type": "Feature", "properties": {"geotechnicalSoilCode": "Gz3s2", "geotechnicalSoilName": "siltigGrind", "remarks": "1) kalkarm 2) Volledig verweerd sterk gespleten ", "soilDistribution": [0.0, 0.7, 0.0, 0.3, 0.0, 0.0], "location_uid": "B61F3304 Maastricht A2 tunnel"}, "geometry": {"type": "Point", "coordinates": [5.710441337581803, 50.856019616793695, 80.71817464108956]}}, {"id": "606", "type": "Feature", "properties": {"geotechnicalSoilCode": "NBE", "geotechnicalSoilName": "niet gedefinieerd", "remarks": "1) light brown 2) KAS 3) Volledig verweerd sterk gespleten lagen van grijze vuursteen ", "soilDistribution": [0.0, 0.0, 0.0, 0.0, 0.0, 0.0], "location_uid": "B61F3304 Maastricht A2 tunnel"}, "geometry": {"type": "Point", "coordinates": [5.710441337581803, 50.856019616793695, 80.71817464108956]}}, {"id": "607", "type": "Feature", "properties": {"geotechnicalSoilCode": "NBE", "geotechnicalSoilName": "niet gedefinieerd", "remarks": "1) light brown 2) KAS 3) Volledig verweerd sterk gespleten met vaste zones ", "soilDistribution": [0.0, 0.0, 0.0, 0.0, 0.0, 0.0], "location_uid": "B61F3304 Maastricht A2 tunnel"}, "geometry": {"type": "Point", "coordinates": [5.710441337581803, 50.856019616793695, 80.71817464108956]}}, {"id": "608", "type": "Feature", "properties": {"geotechnicalSoilCode": "NBE", "geotechnicalSoilName": "niet gedefinieerd", "remarks": "1) light brown 2) KAS 3) Verweerd sterk gespleten met zandzones lagen van grijze vuursteen op 1960m ", "soilDistribution": [0.0, 0.0, 0.0, 0.0, 0.0, 0.0], "location_uid": "B61F3304 Maastricht A2 tunnel"}, "geometry": {"type": "Point", "coordinates": [5.710441337581803, 50.856019616793695, 80.71817464108956]}}, {"id": "609", "type": "Feature", "properties": {"geotechnicalSoilCode": "NBE", "geotechnicalSoilName": "niet gedefinieerd", "remarks": "1) KAS ", "soilDistribution": [0.0, 0.0, 0.0, 0.0, 0.0, 0.0], "location_uid": "B61F3304 Maastricht A2 tunnel"}, "geometry": {"type": "Point", "coordinates": [5.710441337581803, 50.856019616793695, 80.71817464108956]}}, {"id": "610", "type": "Feature", "properties": {"geotechnicalSoilCode": "NBE", "geotechnicalSoilName": "niet gedefinieerd", "remarks": "1) light brown 2) KAS 3) Verweerd sterk gespleten ", "soilDistribution": [0.0, 0.0, 0.0, 0.0, 0.0, 0.0], "location_uid": "B61F3304 Maastricht A2 tunnel"}, "geometry": {"type": "Point", "coordinates": [5.710441337581803, 50.856019616793695, 80.71817464108956]}}, {"id": "611", "type": "Feature", "properties": {"geotechnicalSoilCode": "NBE", "geotechnicalSoilName": "niet gedefinieerd", "remarks": "1) light brown 2) KAS 3) Verweerd sterk gespleten lagen van grijze vuursteen ", "soilDistribution": [0.0, 0.0, 0.0, 0.0, 0.0, 0.0], "location_uid": "B61F3304 Maastricht A2 tunnel"}, "geometry": {"type": "Point", "coordinates": [5.710441337581803, 50.856019616793695, 80.71817464108956]}}, {"id": "612", "type": "Feature", "properties": {"geotechnicalSoilCode": "NBE", "geotechnicalSoilName": "niet gedefinieerd", "remarks": "1) light brown 2) KAS 3) Verweerd sterk gespleten lagen van grijze vuursteen op 2380m ", "soilDistribution": [0.0, 0.0, 0.0, 0.0, 0.0, 0.0], "location_uid": "B61F3304 Maastricht A2 tunnel"}, "geometry": {"type": "Point", "coordinates": [5.710441337581803, 50.856019616793695, 80.71817464108956]}}, {"id": "613", "type": "Feature", "properties": {"geotechnicalSoilCode": "NBE", "geotechnicalSoilName": "niet gedefinieerd", "remarks": "1) light brown 2) KAS 3) Verweerd sterk gespleten lagen van grijze vuursteen ", "soilDistribution": [0.0, 0.0, 0.0, 0.0, 0.0, 0.0], "location_uid": "B61F3304 Maastricht A2 tunnel"}, "geometry": {"type": "Point", "coordinates": [5.710441337581803, 50.856019616793695, 80.71817464108956]}}, {"id": "614", "type": "Feature", "properties": {"geotechnicalSoilCode": "NBE", "geotechnicalSoilName": "niet gedefinieerd", "remarks": "1) light brown 2) KAS 3) Verweerd sterk gespleten lagen van grijze vuursteen op 2490m ", "soilDistribution": [0.0, 0.0, 0.0, 0.0, 0.0, 0.0], "location_uid": "B61F3304 Maastricht A2 tunnel"}, "geometry": {"type": "Point", "coordinates": [5.710441337581803, 50.856019616793695, 80.71817464108956]}}, {"id": "615", "type": "Feature", "properties": {"geotechnicalSoilCode": "NBE", "geotechnicalSoilName": "niet gedefinieerd", "remarks": "1) light brown 2) KAS 3) Verweerd sterk gespleten lagen van grijze vuursteen ", "soilDistribution": [0.0, 0.0, 0.0, 0.0, 0.0, 0.0], "location_uid": "B61F3304 Maastricht A2 tunnel"}, "geometry": {"type": "Point", "coordinates": [5.710441337581803, 50.856019616793695, 80.71817464108956]}}, {"id": "616", "type": "Feature", "properties": {"geotechnicalSoilCode": "NBE", "geotechnicalSoilName": "niet gedefinieerd", "remarks": "1) light brown 2) KAS 3) Verweerd sterk gespleten ", "soilDistribution": [0.0, 0.0, 0.0, 0.0, 0.0, 0.0], "location_uid": "B61F3304 Maastricht A2 tunnel"}, "geometry": {"type": "Point", "coordinates": [5.710441337581803, 50.856019616793695, 80.71817464108956]}}, {"id": "617", "type": "Feature", "properties": {"geotechnicalSoilCode": "NBE", "geotechnicalSoilName": "niet gedefinieerd", "remarks": "1) light brown 2) KAS 3) Verweerd sterk gespleten lagen van grijze vuursteen ", "soilDistribution": [0.0, 0.0, 0.0, 0.0, 0.0, 0.0], "location_uid": "B61F3304 Maastricht A2 tunnel"}, "geometry": {"type": "Point", "coordinates": [5.710441337581803, 50.856019616793695, 80.71817464108956]}}, {"id": "618", "type": "Feature", "properties": {"geotechnicalSoilCode": "NBE", "geotechnicalSoilName": "niet gedefinieerd", "remarks": "1) light brown 2) KAS 3) Verweerd sterk gespleten lagen van grijze vuursteen op 2620 ", "soilDistribution": [0.0, 0.0, 0.0, 0.0, 0.0, 0.0], "location_uid": "B61F3304 Maastricht A2 tunnel"}, "geometry": {"type": "Point", "coordinates": [5.710441337581803, 50.856019616793695, 80.71817464108956]}}, {"id": "619", "type": "Feature", "properties": {"geotechnicalSoilCode": "NBE", "geotechnicalSoilName": "niet gedefinieerd", "remarks": "1) light brown 2) KAS 3) Verweerd sterk gespleten lagen van grijze vuursteen ", "soilDistribution": [0.0, 0.0, 0.0, 0.0, 0.0, 0.0], "location_uid": "B61F3304 Maastricht A2 tunnel"}, "geometry": {"type": "Point", "coordinates": [5.710441337581803, 50.856019616793695, 80.71817464108956]}}, {"id": "620", "type": "Feature", "properties": {"geotechnicalSoilCode": "NBE", "geotechnicalSoilName": "niet gedefinieerd", "remarks": "1) light brown 2) KAS 3) Verweerd sterk gespleten ", "soilDistribution": [0.0, 0.0, 0.0, 0.0, 0.0, 0.0], "location_uid": "B61F3304 Maastricht A2 tunnel"}, "geometry": {"type": "Point", "coordinates": [5.710441337581803, 50.856019616793695, 80.71817464108956]}}, {"id": "621", "type": "Feature", "properties": {"geotechnicalSoilCode": "NBE", "geotechnicalSoilName": "niet gedefinieerd", "remarks": "1) gray 2) KAS 3) Verweerd sterk gespleten lagen van grijze vuursteen op 2915m en 2970m ", "soilDistribution": [0.0, 0.0, 0.0, 0.0, 0.0, 0.0], "location_uid": "B61F3304 Maastricht A2 tunnel"}, "geometry": {"type": "Point", "coordinates": [5.710441337581803, 50.856019616793695, 80.71817464108956]}}, {"id": "622", "type": "Feature", "properties": {"geotechnicalSoilCode": "NBE", "geotechnicalSoilName": "niet gedefinieerd", "remarks": "1) gray 2) KAS 3) Plaatselijk verweerde zones sterk gespleten lagen van grijze vuursteen op 3015m ", "soilDistribution": [0.0, 0.0, 0.0, 0.0, 0.0, 0.0], "location_uid": "B61F3304 Maastricht A2 tunnel"}, "geometry": {"type": "Point", "coordinates": [5.710441337581803, 50.856019616793695, 80.71817464108956]}}, {"id": "623", "type": "Feature", "properties": {"geotechnicalSoilCode": "NBE", "geotechnicalSoilName": "niet gedefinieerd", "remarks": "1) gray 2) KAS 3) Plaatselijk verweerde zones sterk gespleten lagen van grijze vuursteen ", "soilDistribution": [0.0, 0.0, 0.0, 0.0, 0.0, 0.0], "location_uid": "B61F3304 Maastricht A2 tunnel"}, "geometry": {"type": "Point", "coordinates": [5.710441337581803, 50.856019616793695, 80.71817464108956]}}, {"id": "624", "type": "Feature", "properties": {"geotechnicalSoilCode": "NBE", "geotechnicalSoilName": "niet gedefinieerd", "remarks": "1) gray 2) KAS 3) Plaatselijk verweerde zones sterk gespleten ", "soilDistribution": [0.0, 0.0, 0.0, 0.0, 0.0, 0.0], "location_uid": "B61F3304 Maastricht A2 tunnel"}, "geometry": {"type": "Point", "coordinates": [5.710441337581803, 50.856019616793695, 80.71817464108956]}}, {"id": "625", "type": "Feature", "properties": {"geotechnicalSoilCode": "NBE", "geotechnicalSoilName": "niet gedefinieerd", "remarks": "1) gray 2) KAS 3) Plaatselijk verweerde zones sterk gespleten lagen van grijze vuursteen op 3110m ", "soilDistribution": [0.0, 0.0, 0.0, 0.0, 0.0, 0.0], "location_uid": "B61F3304 Maastricht A2 tunnel"}, "geometry": {"type": "Point", "coordinates": [5.710441337581803, 50.856019616793695, 80.71817464108956]}}, {"id": "626", "type": "Feature", "properties": {"geotechnicalSoilCode": "NBE", "geotechnicalSoilName": "niet gedefinieerd", "remarks": "1) gray 2) KAS 3) Plaatselijk verweerde zones sterk gespleten lagen van grijze vuursteen ", "soilDistribution": [0.0, 0.0, 0.0, 0.0, 0.0, 0.0], "location_uid": "B61F3304 Maastricht A2 tunnel"}, "geometry": {"type": "Point", "coordinates": [5.710441337581803, 50.856019616793695, 80.71817464108956]}}, {"id": "627", "type": "Feature", "properties": {"geotechnicalSoilCode": "NBE", "geotechnicalSoilName": "niet gedefinieerd", "remarks": "1) gray 2) KAS 3) Plaatselijk verweerde zones sterk gespleten ", "soilDistribution": [0.0, 0.0, 0.0, 0.0, 0.0, 0.0], "location_uid": "B61F3304 Maastricht A2 tunnel"}, "geometry": {"type": "Point", "coordinates": [5.710441337581803, 50.856019616793695, 80.71817464108956]}}, {"id": "628", "type": "Feature", "properties": {"geotechnicalSoilCode": "NBE", "geotechnicalSoilName": "niet gedefinieerd", "remarks": "1) gray 2) KAS 3) Plaatselijk verweerde zones sterk gespleten lagen van grijze vuursteen ", "soilDistribution": [0.0, 0.0, 0.0, 0.0, 0.0, 0.0], "location_uid": "B61F3304 Maastricht A2 tunnel"}, "geometry": {"type": "Point", "coordinates": [5.710441337581803, 50.856019616793695, 80.71817464108956]}}, {"id": "629", "type": "Feature", "properties": {"geotechnicalSoilCode": "NBE", "geotechnicalSoilName": "niet gedefinieerd", "remarks": "1) gray 2) KAS 3) Plaatselijk verweerde zones sterk gespleten ", "soilDistribution": [0.0, 0.0, 0.0, 0.0, 0.0, 0.0], "location_uid": "B61F3304 Maastricht A2 tunnel"}, "geometry": {"type": "Point", "coordinates": [5.710441337581803, 50.856019616793695, 80.71817464108956]}}, {"id": "630", "type": "Feature", "properties": {"geotechnicalSoilCode": "NBE", "geotechnicalSoilName": "niet gedefinieerd", "remarks": "1) gray 2) KAS 3) Plaatselijk verweerde zones sterk gespleten lagen van grijze vuursteen ", "soilDistribution": [0.0, 0.0, 0.0, 0.0, 0.0, 0.0], "location_uid": "B61F3304 Maastricht A2 tunnel"}, "geometry": {"type": "Point", "coordinates": [5.710441337581803, 50.856019616793695, 80.71817464108956]}}, {"id": "631", "type": "Feature", "properties": {"geotechnicalSoilCode": "NBE", "geotechnicalSoilName": "niet gedefinieerd", "remarks": "1) gray 2) KAS 3) Plaatselijk verweerde zones sterk gespleten lagen van grijze vuursteen ", "soilDistribution": [0.0, 0.0, 0.0, 0.0, 0.0, 0.0], "location_uid": "B61F3304 Maastricht A2 tunnel"}, "geometry": {"type": "Point", "coordinates": [5.710441337581803, 50.856019616793695, 80.71817464108956]}}, {"id": "632", "type": "Feature", "properties": {"geotechnicalSoilCode": "NBE", "geotechnicalSoilName": "niet gedefinieerd", "remarks": "1) gray 2) KAS 3) Plaatselijk verweerde zones sterk gespleten ", "soilDistribution": [0.0, 0.0, 0.0, 0.0, 0.0, 0.0], "location_uid": "B61F3304 Maastricht A2 tunnel"}, "geometry": {"type": "Point", "coordinates": [5.710441337581803, 50.856019616793695, 80.71817464108956]}}, {"id": "633", "type": "Feature", "properties": {"geotechnicalSoilCode": "NBE", "geotechnicalSoilName": "niet gedefinieerd", "remarks": "1) gray 2) KAS 3) Plaatselijk verweerde zones sterk gespleten lagen van grijze vuursteen op 3480m ", "soilDistribution": [0.0, 0.0, 0.0, 0.0, 0.0, 0.0], "location_uid": "B61F3304 Maastricht A2 tunnel"}, "geometry": {"type": "Point", "coordinates": [5.710441337581803, 50.856019616793695, 80.71817464108956]}}, {"id": "634", "type": "Feature", "properties": {"geotechnicalSoilCode": "G", "geotechnicalSoilName": "siltigGrind", "remarks": "", "soilDistribution": [0.0, 0.7, 0.0, 0.3, 0.0, 0.0], "location_uid": "B61F3298 Maastricht A2 tunnel"}, "geometry": {"type": "LineString", "coordinates": [[5.716036102535792, 50.84394971208504, 93.99594185878715], [5.716036102535792, 50.84394971208504, 93.59594185878714]]}}, {"id": "635", "type": "Feature", "properties": {"geotechnicalSoilCode": "Zs2g3", "geotechnicalSoilName": "zwakZandigSilt", "remarks": "1) kalkarm ", "soilDistribution": [0.0, 0.0, 0.2, 0.8, 0.0, 0.0], "location_uid": "B61F3298 Maastricht A2 tunnel"}, "geometry": {"type": "LineString", "coordinates": [[5.716036102535792, 50.84394971208504, 93.59594185878714], [5.716036102535792, 50.84394971208504, 92.99594185878715]]}}, {"id": "636", "type": "Feature", "properties": {"geotechnicalSoilCode": "NBE", "geotechnicalSoilName": "niet gedefinieerd", "remarks": "1) baksteen ", "soilDistribution": [0.0, 0.0, 0.0, 0.0, 0.0, 0.0], "location_uid": "B61F3298 Maastricht A2 tunnel"}, "geometry": {"type": "LineString", "coordinates": [[5.716036102535792, 50.84394971208504, 92.99594185878715], [5.716036102535792, 50.84394971208504, 92.59594185878714]]}}, {"id": "637", "type": "Feature", "properties": {"geotechnicalSoilCode": "Lz2", "geotechnicalSoilName": "zwakZandigSilt", "remarks": "1) Plaatselijk grind baksteenresten ", "soilDistribution": [0.0, 0.0, 0.2, 0.8, 0.0, 0.0], "location_uid": "B61F3298 Maastricht A2 tunnel"}, "geometry": {"type": "LineString", "coordinates": [[5.716036102535792, 50.84394971208504, 92.59594185878714], [5.716036102535792, 50.84394971208504, 92.09594185878714]]}}, {"id": "638", "type": "Feature", "properties": {"geotechnicalSoilCode": "Lz2", "geotechnicalSoilName": "zwakZandigSilt", "remarks": "1) Gedeeltelijk zwak organisch verkleurd plaatselijk baksteenresten en as ", "soilDistribution": [0.0, 0.0, 0.2, 0.8, 0.0, 0.0], "location_uid": "B61F3298 Maastricht A2 tunnel"}, "geometry": {"type": "LineString", "coordinates": [[5.716036102535792, 50.84394971208504, 92.09594185878714], [5.716036102535792, 50.84394971208504, 90.49594185878715]]}}, {"id": "639", "type": "Feature", "properties": {"geotechnicalSoilCode": "Lz2", "geotechnicalSoilName": "zwakZandigSilt", "remarks": "1) gray-brown 2) leem stevig ", "soilDistribution": [0.0, 0.0, 0.2, 0.8, 0.0, 0.0], "location_uid": "B61F3298 Maastricht A2 tunnel"}, "geometry": {"type": "LineString", "coordinates": [[5.716036102535792, 50.84394971208504, 90.49594185878715], [5.716036102535792, 50.84394971208504, 89.99594185878715]]}}, {"id": "640", "type": "Feature", "properties": {"geotechnicalSoilCode": "Lz2", "geotechnicalSoilName": "zwakZandigSilt", "remarks": "1) gray-brown 2) leem matig slap ", "soilDistribution": [0.0, 0.0, 0.2, 0.8, 0.0, 0.0], "location_uid": "B61F3298 Maastricht A2 tunnel"}, "geometry": {"type": "LineString", "coordinates": [[5.716036102535792, 50.84394971208504, 89.99594185878715], [5.716036102535792, 50.84394971208504, 89.19594185878715]]}}, {"id": "641", "type": "Feature", "properties": {"geotechnicalSoilCode": "Kz2s2h2", "geotechnicalSoilName": "zwakZandigeKlei", "remarks": "1) dark gray-brown 2) klei slap ", "soilDistribution": [0.0, 0.0, 0.2, 0.0, 0.8, 0.0], "location_uid": "B61F3298 Maastricht A2 tunnel"}, "geometry": {"type": "LineString", "coordinates": [[5.716036102535792, 50.84394971208504, 89.19594185878715], [5.716036102535792, 50.84394971208504, 88.39594185878715]]}}, {"id": "642", "type": "Feature", "properties": {"geotechnicalSoilCode": "Kh2", "geotechnicalSoilName": "niet gedefinieerd", "remarks": "1) dark brown 2) Sterk gebrokkeld plaatselijk kiezelzandlagen ", "soilDistribution": [0.0, 0.0, 0.0, 0.0, 0.0, 0.0], "location_uid": "B61F3298 Maastricht A2 tunnel"}, "geometry": {"type": "LineString", "coordinates": [[5.716036102535792, 50.84394971208504, 88.39594185878715], [5.716036102535792, 50.84394971208504, 88.09594185878714]]}}, {"id": "643", "type": "Feature", "properties": {"geotechnicalSoilCode": "Gz2s1", "geotechnicalSoilName": "siltigGrind", "remarks": "1) Gedeeltelijk stenen gedeeltelijk zwak organisch verkleurd ", "soilDistribution": [0.0, 0.7, 0.0, 0.3, 0.0, 0.0], "location_uid": "B61F3298 Maastricht A2 tunnel"}, "geometry": {"type": "LineString", "coordinates": [[5.716036102535792, 50.84394971208504, 88.09594185878714], [5.716036102535792, 50.84394971208504, 86.99594185878715]]}}, {"id": "644", "type": "Feature", "properties": {"geotechnicalSoilCode": "Gz3s1", "geotechnicalSoilName": "siltigGrind", "remarks": "1) Gedeeltelijk sterk zandig gedeeltelijk stenen ", "soilDistribution": [0.0, 0.7, 0.0, 0.3, 0.0, 0.0], "location_uid": "B61F3298 Maastricht A2 tunnel"}, "geometry": {"type": "LineString", "coordinates": [[5.716036102535792, 50.84394971208504, 86.99594185878715], [5.716036102535792, 50.84394971208504, 84.99594185878715]]}}, {"id": "645", "type": "Feature", "properties": {"geotechnicalSoilCode": "Gz3s1", "geotechnicalSoilName": "siltigGrind", "remarks": "1) kalkarm 2) Gedeeltelijk sterk zandig gedeeltelijk stenen ", "soilDistribution": [0.0, 0.7, 0.0, 0.3, 0.0, 0.0], "location_uid": "B61F3298 Maastricht A2 tunnel"}, "geometry": {"type": "LineString", "coordinates": [[5.716036102535792, 50.84394971208504, 84.99594185878715], [5.716036102535792, 50.84394971208504, 84.24594185878715]]}}, {"id": "646", "type": "Feature", "properties": {"geotechnicalSoilCode": "Gz1s1", "geotechnicalSoilName": "zwakZandigGrind", "remarks": "1) kalkarm ", "soilDistribution": [0.0, 0.8, 0.2, 0.0, 0.0, 0.0], "location_uid": "B61F3298 Maastricht A2 tunnel"}, "geometry": {"type": "LineString", "coordinates": [[5.716036102535792, 50.84394971208504, 84.24594185878715], [5.716036102535792, 50.84394971208504, 83.99594185878715]]}}, {"id": "647", "type": "Feature", "properties": {"geotechnicalSoilCode": "Gz2s1", "geotechnicalSoilName": "siltigGrind", "remarks": "1) kalkarm ", "soilDistribution": [0.0, 0.7, 0.0, 0.3, 0.0, 0.0], "location_uid": "B61F3298 Maastricht A2 tunnel"}, "geometry": {"type": "LineString", "coordinates": [[5.716036102535792, 50.84394971208504, 83.99594185878715], [5.716036102535792, 50.84394971208504, 82.29594185878716]]}}, {"id": "648", "type": "Feature", "properties": {"geotechnicalSoilCode": "NBE", "geotechnicalSoilName": "niet gedefinieerd", "remarks": "1) KAS 2) sterk gespleten lagen van grijze vuursteen ", "soilDistribution": [0.0, 0.0, 0.0, 0.0, 0.0, 0.0], "location_uid": "B61F3298 Maastricht A2 tunnel"}, "geometry": {"type": "LineString", "coordinates": [[5.716036102535792, 50.84394971208504, 82.29594185878716], [5.716036102535792, 50.84394971208504, 81.99594185878715]]}}, {"id": "649", "type": "Feature", "properties": {"geotechnicalSoilCode": "NBE", "geotechnicalSoilName": "niet gedefinieerd", "remarks": "1) KAS 2) sterk gespleten ", "soilDistribution": [0.0, 0.0, 0.0, 0.0, 0.0, 0.0], "location_uid": "B61F3298 Maastricht A2 tunnel"}, "geometry": {"type": "LineString", "coordinates": [[5.716036102535792, 50.84394971208504, 81.99594185878715], [5.716036102535792, 50.84394971208504, 81.89594185878715]]}}, {"id": "650", "type": "Feature", "properties": {"geotechnicalSoilCode": "NBE", "geotechnicalSoilName": "niet gedefinieerd", "remarks": "1) brown 2) KAS 3) Sterk verweerd sterk gespleten gedeeltelijk lichtbruin ", "soilDistribution": [0.0, 0.0, 0.0, 0.0, 0.0, 0.0], "location_uid": "B61F3298 Maastricht A2 tunnel"}, "geometry": {"type": "LineString", "coordinates": [[5.716036102535792, 50.84394971208504, 81.89594185878715], [5.716036102535792, 50.84394971208504, 81.29594185878716]]}}, {"id": "651", "type": "Feature", "properties": {"geotechnicalSoilCode": "NBE", "geotechnicalSoilName": "niet gedefinieerd", "remarks": "1) light brown 2) KAS 3) Sterk verweerd sterk gespleten gedeeltelijk lichtgrijs ", "soilDistribution": [0.0, 0.0, 0.0, 0.0, 0.0, 0.0], "location_uid": "B61F3298 Maastricht A2 tunnel"}, "geometry": {"type": "LineString", "coordinates": [[5.716036102535792, 50.84394971208504, 81.29594185878716], [5.716036102535792, 50.84394971208504, 80.79594185878716]]}}, {"id": "652", "type": "Feature", "properties": {"geotechnicalSoilCode": "Lz2", "geotechnicalSoilName": "zwakZandigSilt", "remarks": "1) dark brown 2) ZFC ", "soilDistribution": [0.0, 0.0, 0.2, 0.8, 0.0, 0.0], "location_uid": "B61F3298 Maastricht A2 tunnel"}, "geometry": {"type": "LineString", "coordinates": [[5.716036102535792, 50.84394971208504, 80.79594185878716], [5.716036102535792, 50.84394971208504, 80.74594185878715]]}}, {"id": "653", "type": "Feature", "properties": {"geotechnicalSoilCode": "NBE", "geotechnicalSoilName": "niet gedefinieerd", "remarks": "1) light brown 2) KAS 3) Sterk verweerd sterk gespleten gedeeltelijk lichtgrijs ", "soilDistribution": [0.0, 0.0, 0.0, 0.0, 0.0, 0.0], "location_uid": "B61F3298 Maastricht A2 tunnel"}, "geometry": {"type": "LineString", "coordinates": [[5.716036102535792, 50.84394971208504, 80.74594185878715], [5.716036102535792, 50.84394971208504, 80.59594185878714]]}}, {"id": "654", "type": "Feature", "properties": {"geotechnicalSoilCode": "NBE", "geotechnicalSoilName": "niet gedefinieerd", "remarks": "1) light brown 2) KAS 3) Sterk verweerd sterk gespleten lagen van grijze vuursteen op 1385m ", "soilDistribution": [0.0, 0.0, 0.0, 0.0, 0.0, 0.0], "location_uid": "B61F3298 Maastricht A2 tunnel"}, "geometry": {"type": "LineString", "coordinates": [[5.716036102535792, 50.84394971208504, 80.59594185878714], [5.716036102535792, 50.84394971208504, 79.69594185878714]]}}, {"id": "655", "type": "Feature", "properties": {"geotechnicalSoilCode": "NBE", "geotechnicalSoilName": "niet gedefinieerd", "remarks": "1) light brown 2) KAS 3) Sterk verweerd sterk gespleten lagen van grijze vuursteen ", "soilDistribution": [0.0, 0.0, 0.0, 0.0, 0.0, 0.0], "location_uid": "B61F3298 Maastricht A2 tunnel"}, "geometry": {"type": "LineString", "coordinates": [[5.716036102535792, 50.84394971208504, 79.69594185878714], [5.716036102535792, 50.84394971208504, 79.54594185878716]]}}, {"id": "656", "type": "Feature", "properties": {"geotechnicalSoilCode": "NBE", "geotechnicalSoilName": "niet gedefinieerd", "remarks": "1) light brown 2) KAS 3) Sterk verweerd sterk gespleten ", "soilDistribution": [0.0, 0.0, 0.0, 0.0, 0.0, 0.0], "location_uid": "B61F3298 Maastricht A2 tunnel"}, "geometry": {"type": "LineString", "coordinates": [[5.716036102535792, 50.84394971208504, 79.54594185878716], [5.716036102535792, 50.84394971208504, 79.34594185878714]]}}, {"id": "657", "type": "Feature", "properties": {"geotechnicalSoilCode": "NBE", "geotechnicalSoilName": "niet gedefinieerd", "remarks": "1) light brown 2) KAS 3) Sterk verweerd sterk gespleten lagen van grijze vuursteen ", "soilDistribution": [0.0, 0.0, 0.0, 0.0, 0.0, 0.0], "location_uid": "B61F3298 Maastricht A2 tunnel"}, "geometry": {"type": "LineString", "coordinates": [[5.716036102535792, 50.84394971208504, 79.34594185878714], [5.716036102535792, 50.84394971208504, 78.84594185878714]]}}, {"id": "658", "type": "Feature", "properties": {"geotechnicalSoilCode": "NBE", "geotechnicalSoilName": "niet gedefinieerd", "remarks": "1) light brown 2) KAS 3) Sterk verweerd sterk gespleten ", "soilDistribution": [0.0, 0.0, 0.0, 0.0, 0.0, 0.0], "location_uid": "B61F3298 Maastricht A2 tunnel"}, "geometry": {"type": "LineString", "coordinates": [[5.716036102535792, 50.84394971208504, 78.84594185878714], [5.716036102535792, 50.84394971208504, 78.54594185878716]]}}, {"id": "659", "type": "Feature", "properties": {"geotechnicalSoilCode": "NBE", "geotechnicalSoilName": "niet gedefinieerd", "remarks": "1) gray 2) KAS 3) sterk gespleten plaatselijk verweerde zones lagen van grijze vuursteen ", "soilDistribution": [0.0, 0.0, 0.0, 0.0, 0.0, 0.0], "location_uid": "B61F3298 Maastricht A2 tunnel"}, "geometry": {"type": "LineString", "coordinates": [[5.716036102535792, 50.84394971208504, 78.54594185878716], [5.716036102535792, 50.84394971208504, 78.49594185878715]]}}, {"id": "660", "type": "Feature", "properties": {"geotechnicalSoilCode": "NBE", "geotechnicalSoilName": "niet gedefinieerd", "remarks": "1) gray 2) KAS 3) sterk gespleten plaatselijk verweerde zones lagen van grijze vuursteen op 1580m ", "soilDistribution": [0.0, 0.0, 0.0, 0.0, 0.0, 0.0], "location_uid": "B61F3298 Maastricht A2 tunnel"}, "geometry": {"type": "LineString", "coordinates": [[5.716036102535792, 50.84394971208504, 78.49594185878715], [5.716036102535792, 50.84394971208504, 77.54594185878715]]}}, {"id": "661", "type": "Feature", "properties": {"geotechnicalSoilCode": "NBE", "geotechnicalSoilName": "niet gedefinieerd", "remarks": "1) gray 2) KAS 3) sterk gespleten plaatselijk verweerde zones lagen van grijze vuursteen ", "soilDistribution": [0.0, 0.0, 0.0, 0.0, 0.0, 0.0], "location_uid": "B61F3298 Maastricht A2 tunnel"}, "geometry": {"type": "LineString", "coordinates": [[5.716036102535792, 50.84394971208504, 77.54594185878715], [5.716036102535792, 50.84394971208504, 77.49594185878715]]}}, {"id": "662", "type": "Feature", "properties": {"geotechnicalSoilCode": "NBE", "geotechnicalSoilName": "niet gedefinieerd", "remarks": "1) gray 2) KAS 3) sterk gespleten plaatselijk verweerde zones ", "soilDistribution": [0.0, 0.0, 0.0, 0.0, 0.0, 0.0], "location_uid": "B61F3298 Maastricht A2 tunnel"}, "geometry": {"type": "LineString", "coordinates": [[5.716036102535792, 50.84394971208504, 77.49594185878715], [5.716036102535792, 50.84394971208504, 76.54594185878715]]}}, {"id": "663", "type": "Feature", "properties": {"geotechnicalSoilCode": "NBE", "geotechnicalSoilName": "niet gedefinieerd", "remarks": "1) gray 2) KAS 3) sterk gespleten plaatselijk verweerde zones lagen van grijze vuursteen ", "soilDistribution": [0.0, 0.0, 0.0, 0.0, 0.0, 0.0], "location_uid": "B61F3298 Maastricht A2 tunnel"}, "geometry": {"type": "LineString", "coordinates": [[5.716036102535792, 50.84394971208504, 76.54594185878715], [5.716036102535792, 50.84394971208504, 76.44594185878715]]}}, {"id": "664", "type": "Feature", "properties": {"geotechnicalSoilCode": "NBE", "geotechnicalSoilName": "niet gedefinieerd", "remarks": "1) gray 2) KAS 3) sterk gespleten plaatselijk verweerde zones lagen van grijze vuursteen op 1765m ", "soilDistribution": [0.0, 0.0, 0.0, 0.0, 0.0, 0.0], "location_uid": "B61F3298 Maastricht A2 tunnel"}, "geometry": {"type": "LineString", "coordinates": [[5.716036102535792, 50.84394971208504, 76.44594185878715], [5.716036102535792, 50.84394971208504, 76.09594185878714]]}}, {"id": "665", "type": "Feature", "properties": {"geotechnicalSoilCode": "NBE", "geotechnicalSoilName": "niet gedefinieerd", "remarks": "1) gray 2) KAS 3) sterk gespleten plaatselijk verweerde zones lagen van grijze vuursteen ", "soilDistribution": [0.0, 0.0, 0.0, 0.0, 0.0, 0.0], "location_uid": "B61F3298 Maastricht A2 tunnel"}, "geometry": {"type": "LineString", "coordinates": [[5.716036102535792, 50.84394971208504, 76.09594185878714], [5.716036102535792, 50.84394971208504, 76.04594185878715]]}}, {"id": "666", "type": "Feature", "properties": {"geotechnicalSoilCode": "NBE", "geotechnicalSoilName": "niet gedefinieerd", "remarks": "1) gray 2) KAS 3) sterk gespleten plaatselijk verweerde zones lagen van grijze vuursteen op 1825m ", "soilDistribution": [0.0, 0.0, 0.0, 0.0, 0.0, 0.0], "location_uid": "B61F3298 Maastricht A2 tunnel"}, "geometry": {"type": "LineString", "coordinates": [[5.716036102535792, 50.84394971208504, 76.04594185878715], [5.716036102535792, 50.84394971208504, 75.75594185878714]]}}, {"id": "667", "type": "Feature", "properties": {"geotechnicalSoilCode": "NBE", "geotechnicalSoilName": "niet gedefinieerd", "remarks": "1) gray 2) KAS 3) sterk gespleten plaatselijk verweerde zones lagen van grijze vuursteen ", "soilDistribution": [0.0, 0.0, 0.0, 0.0, 0.0, 0.0], "location_uid": "B61F3298 Maastricht A2 tunnel"}, "geometry": {"type": "Point", "coordinates": [5.716036102535792, 50.84394971208504, 75.75594185878714]}}, {"id": "668", "type": "Feature", "properties": {"geotechnicalSoilCode": "NBE", "geotechnicalSoilName": "niet gedefinieerd", "remarks": "1) gray 2) KAS 3) sterk gespleten plaatselijk verweerde zones ", "soilDistribution": [0.0, 0.0, 0.0, 0.0, 0.0, 0.0], "location_uid": "B61F3298 Maastricht A2 tunnel"}, "geometry": {"type": "Point", "coordinates": [5.716036102535792, 50.84394971208504, 75.75594185878714]}}, {"id": "669", "type": "Feature", "properties": {"geotechnicalSoilCode": "NBE", "geotechnicalSoilName": "niet gedefinieerd", "remarks": "1) gray 2) KAS 3) sterk gespleten plaatselijk verweerde zones lagen van grijze vuursteen ", "soilDistribution": [0.0, 0.0, 0.0, 0.0, 0.0, 0.0], "location_uid": "B61F3298 Maastricht A2 tunnel"}, "geometry": {"type": "Point", "coordinates": [5.716036102535792, 50.84394971208504, 75.75594185878714]}}, {"id": "670", "type": "Feature", "properties": {"geotechnicalSoilCode": "NBE", "geotechnicalSoilName": "niet gedefinieerd", "remarks": "1) gray 2) KAS 3) sterk gespleten plaatselijk verweerde zones lagen van grijze vuursteen op 1945m ", "soilDistribution": [0.0, 0.0, 0.0, 0.0, 0.0, 0.0], "location_uid": "B61F3298 Maastricht A2 tunnel"}, "geometry": {"type": "Point", "coordinates": [5.716036102535792, 50.84394971208504, 75.75594185878714]}}, {"id": "671", "type": "Feature", "properties": {"geotechnicalSoilCode": "NBE", "geotechnicalSoilName": "niet gedefinieerd", "remarks": "1) gray 2) KAS 3) sterk gespleten plaatselijk verweerde zones lagen van grijze vuursteen ", "soilDistribution": [0.0, 0.0, 0.0, 0.0, 0.0, 0.0], "location_uid": "B61F3298 Maastricht A2 tunnel"}, "geometry": {"type": "Point", "coordinates": [5.716036102535792, 50.84394971208504, 75.75594185878714]}}, {"id": "672", "type": "Feature", "properties": {"geotechnicalSoilCode": "NBE", "geotechnicalSoilName": "niet gedefinieerd", "remarks": "1) gray 2) KAS 3) sterk gespleten plaatselijk verweerde zones ", "soilDistribution": [0.0, 0.0, 0.0, 0.0, 0.0, 0.0], "location_uid": "B61F3298 Maastricht A2 tunnel"}, "geometry": {"type": "Point", "coordinates": [5.716036102535792, 50.84394971208504, 75.75594185878714]}}, {"id": "673", "type": "Feature", "properties": {"geotechnicalSoilCode": "NBE", "geotechnicalSoilName": "niet gedefinieerd", "remarks": "1) gray 2) KAS 3) sterk gespleten plaatselijk verweerde zones lagen van grijze vuursteen ", "soilDistribution": [0.0, 0.0, 0.0, 0.0, 0.0, 0.0], "location_uid": "B61F3298 Maastricht A2 tunnel"}, "geometry": {"type": "Point", "coordinates": [5.716036102535792, 50.84394971208504, 75.75594185878714]}}, {"id": "674", "type": "Feature", "properties": {"geotechnicalSoilCode": "NBE", "geotechnicalSoilName": "niet gedefinieerd", "remarks": "1) gray 2) KAS 3) sterk gespleten lagen van grijze vuursteen op 2015m 2050m 2395m en 2420m met groene lagen ", "soilDistribution": [0.0, 0.0, 0.0, 0.0, 0.0, 0.0], "location_uid": "B61F3298 Maastricht A2 tunnel"}, "geometry": {"type": "Point", "coordinates": [5.716036102535792, 50.84394971208504, 75.75594185878714]}}, {"id": "675", "type": "Feature", "properties": {"geotechnicalSoilCode": "NBE", "geotechnicalSoilName": "niet gedefinieerd", "remarks": "1) gray 2) KAS 3) sterk gespleten lagen van grijze vuursteen  met groene lagen ", "soilDistribution": [0.0, 0.0, 0.0, 0.0, 0.0, 0.0], "location_uid": "B61F3298 Maastricht A2 tunnel"}, "geometry": {"type": "Point", "coordinates": [5.716036102535792, 50.84394971208504, 75.75594185878714]}}, {"id": "676", "type": "Feature", "properties": {"geotechnicalSoilCode": "NBE", "geotechnicalSoilName": "niet gedefinieerd", "remarks": "1) gray 2) KAS 3) sterk gespleten lagen van grijze vuursteen op 2470m met groene lagen ", "soilDistribution": [0.0, 0.0, 0.0, 0.0, 0.0, 0.0], "location_uid": "B61F3298 Maastricht A2 tunnel"}, "geometry": {"type": "Point", "coordinates": [5.716036102535792, 50.84394971208504, 75.75594185878714]}}, {"id": "677", "type": "Feature", "properties": {"geotechnicalSoilCode": "NBE", "geotechnicalSoilName": "niet gedefinieerd", "remarks": "1) gray 2) KAS 3) sterk gespleten lagen van grijze vuursteen met groene lagen ", "soilDistribution": [0.0, 0.0, 0.0, 0.0, 0.0, 0.0], "location_uid": "B61F3298 Maastricht A2 tunnel"}, "geometry": {"type": "Point", "coordinates": [5.716036102535792, 50.84394971208504, 75.75594185878714]}}, {"id": "678", "type": "Feature", "properties": {"geotechnicalSoilCode": "NBE", "geotechnicalSoilName": "niet gedefinieerd", "remarks": "1) gray 2) KAS 3) sterk gespleten lagen van grijze vuursteen op 2665m en 2720m met groene lagen ", "soilDistribution": [0.0, 0.0, 0.0, 0.0, 0.0, 0.0], "location_uid": "B61F3298 Maastricht A2 tunnel"}, "geometry": {"type": "Point", "coordinates": [5.716036102535792, 50.84394971208504, 75.75594185878714]}}, {"id": "679", "type": "Feature", "properties": {"geotechnicalSoilCode": "NBE", "geotechnicalSoilName": "niet gedefinieerd", "remarks": "1) gray 2) KAS 3) sterk gespleten lagen van grijze vuursteen met groene lagen ", "soilDistribution": [0.0, 0.0, 0.0, 0.0, 0.0, 0.0], "location_uid": "B61F3298 Maastricht A2 tunnel"}, "geometry": {"type": "Point", "coordinates": [5.716036102535792, 50.84394971208504, 75.75594185878714]}}, {"id": "680", "type": "Feature", "properties": {"geotechnicalSoilCode": "NBE", "geotechnicalSoilName": "niet gedefinieerd", "remarks": "1) light gray 2) KAS 3) sterk gespleten ", "soilDistribution": [0.0, 0.0, 0.0, 0.0, 0.0, 0.0], "location_uid": "B61F3298 Maastricht A2 tunnel"}, "geometry": {"type": "Point", "coordinates": [5.716036102535792, 50.84394971208504, 75.75594185878714]}}, {"id": "681", "type": "Feature", "properties": {"geotechnicalSoilCode": "NBE", "geotechnicalSoilName": "niet gedefinieerd", "remarks": "1) light gray 2) KAS 3) sterk gespleten lagen van grijze vuursteen ", "soilDistribution": [0.0, 0.0, 0.0, 0.0, 0.0, 0.0], "location_uid": "B61F3298 Maastricht A2 tunnel"}, "geometry": {"type": "Point", "coordinates": [5.716036102535792, 50.84394971208504, 75.75594185878714]}}, {"id": "682", "type": "Feature", "properties": {"geotechnicalSoilCode": "NBE", "geotechnicalSoilName": "niet gedefinieerd", "remarks": "1) light gray 2) KAS 3) sterk gespleten ", "soilDistribution": [0.0, 0.0, 0.0, 0.0, 0.0, 0.0], "location_uid": "B61F3298 Maastricht A2 tunnel"}, "geometry": {"type": "Point", "coordinates": [5.716036102535792, 50.84394971208504, 75.75594185878714]}}, {"id": "683", "type": "Feature", "properties": {"geotechnicalSoilCode": "NBE", "geotechnicalSoilName": "niet gedefinieerd", "remarks": "1) light gray 2) KAS 3) sterk gespleten lagen van grijze vuursteen ", "soilDistribution": [0.0, 0.0, 0.0, 0.0, 0.0, 0.0], "location_uid": "B61F3298 Maastricht A2 tunnel"}, "geometry": {"type": "Point", "coordinates": [5.716036102535792, 50.84394971208504, 75.75594185878714]}}, {"id": "684", "type": "Feature", "properties": {"geotechnicalSoilCode": "NBE", "geotechnicalSoilName": "niet gedefinieerd", "remarks": "1) light gray 2) KAS 3) sterk gespleten lagen van grijze vuursteen op 2925 ", "soilDistribution": [0.0, 0.0, 0.0, 0.0, 0.0, 0.0], "location_uid": "B61F3298 Maastricht A2 tunnel"}, "geometry": {"type": "Point", "coordinates": [5.716036102535792, 50.84394971208504, 75.75594185878714]}}, {"id": "685", "type": "Feature", "properties": {"geotechnicalSoilCode": "NBE", "geotechnicalSoilName": "niet gedefinieerd", "remarks": "1) KAS 2) Resten van vuur- en kalksteen ", "soilDistribution": [0.0, 0.0, 0.0, 0.0, 0.0, 0.0], "location_uid": "B61F3298 Maastricht A2 tunnel"}, "geometry": {"type": "Point", "coordinates": [5.716036102535792, 50.84394971208504, 75.75594185878714]}}, {"id": "686", "type": "Feature", "properties": {"geotechnicalSoilCode": "Lz2h2", "geotechnicalSoilName": "zwakZandigSilt", "remarks": "", "soilDistribution": [0.0, 0.0, 0.2, 0.8, 0.0, 0.0], "location_uid": "B61F3299 Maastricht A2 tunnel"}, "geometry": {"type": "LineString", "coordinates": [[5.71331103838855, 50.84608780650949, 94.23880192913516], [5.71331103838855, 50.84608780650949, 93.73880192913516]]}}, {"id": "687", "type": "Feature", "properties": {"geotechnicalSoilCode": "Lz2", "geotechnicalSoilName": "zwakZandigSilt", "remarks": "1) Plaatselijk wortelresten ", "soilDistribution": [0.0, 0.0, 0.2, 0.8, 0.0, 0.0], "location_uid": "B61F3299 Maastricht A2 tunnel"}, "geometry": {"type": "LineString", "coordinates": [[5.71331103838855, 50.84608780650949, 93.73880192913516], [5.71331103838855, 50.84608780650949, 92.33880192913517]]}}, {"id": "688", "type": "Feature", "properties": {"geotechnicalSoilCode": "Lz2h2", "geotechnicalSoilName": "zwakZandigSilt", "remarks": "1) As- en baksteenresten ", "soilDistribution": [0.0, 0.0, 0.2, 0.8, 0.0, 0.0], "location_uid": "B61F3299 Maastricht A2 tunnel"}, "geometry": {"type": "LineString", "coordinates": [[5.71331103838855, 50.84608780650949, 92.33880192913517], [5.71331103838855, 50.84608780650949, 92.03880192913516]]}}, {"id": "689", "type": "Feature", "properties": {"geotechnicalSoilCode": "Lz2", "geotechnicalSoilName": "zwakZandigSilt", "remarks": "1) gray-brown 2) leem matig stevig ", "soilDistribution": [0.0, 0.0, 0.2, 0.8, 0.0, 0.0], "location_uid": "B61F3299 Maastricht A2 tunnel"}, "geometry": {"type": "LineString", "coordinates": [[5.71331103838855, 50.84608780650949, 92.03880192913516], [5.71331103838855, 50.84608780650949, 91.23880192913516]]}}, {"id": "690", "type": "Feature", "properties": {"geotechnicalSoilCode": "Lz3", "geotechnicalSoilName": "sterkZandigSilt", "remarks": "1) gray-brown 2) leem matig stevig ", "soilDistribution": [0.0, 0.0, 0.4, 0.6, 0.0, 0.0], "location_uid": "B61F3299 Maastricht A2 tunnel"}, "geometry": {"type": "LineString", "coordinates": [[5.71331103838855, 50.84608780650949, 91.23880192913516], [5.71331103838855, 50.84608780650949, 90.73880192913516]]}}, {"id": "691", "type": "Feature", "properties": {"geotechnicalSoilCode": "Lz2", "geotechnicalSoilName": "zwakZandigSilt", "remarks": "1) gray-brown ", "soilDistribution": [0.0, 0.0, 0.2, 0.8, 0.0, 0.0], "location_uid": "B61F3299 Maastricht A2 tunnel"}, "geometry": {"type": "LineString", "coordinates": [[5.71331103838855, 50.84608780650949, 90.73880192913516], [5.71331103838855, 50.84608780650949, 90.63880192913516]]}}, {"id": "692", "type": "Feature", "properties": {"geotechnicalSoilCode": "Lz3", "geotechnicalSoilName": "sterkZandigSilt", "remarks": "1) gray-brown ", "soilDistribution": [0.0, 0.0, 0.4, 0.6, 0.0, 0.0], "location_uid": "B61F3299 Maastricht A2 tunnel"}, "geometry": {"type": "LineString", "coordinates": [[5.71331103838855, 50.84608780650949, 90.63880192913516], [5.71331103838855, 50.84608780650949, 90.38880192913516]]}}, {"id": "693", "type": "Feature", "properties": {"geotechnicalSoilCode": "Gz3s1", "geotechnicalSoilName": "siltigGrind", "remarks": "", "soilDistribution": [0.0, 0.7, 0.0, 0.3, 0.0, 0.0], "location_uid": "B61F3299 Maastricht A2 tunnel"}, "geometry": {"type": "LineString", "coordinates": [[5.71331103838855, 50.84608780650949, 90.38880192913516], [5.71331103838855, 50.84608780650949, 90.23880192913516]]}}, {"id": "694", "type": "Feature", "properties": {"geotechnicalSoilCode": "Gz2s1", "geotechnicalSoilName": "siltigGrind", "remarks": "", "soilDistribution": [0.0, 0.7, 0.0, 0.3, 0.0, 0.0], "location_uid": "B61F3299 Maastricht A2 tunnel"}, "geometry": {"type": "LineString", "coordinates": [[5.71331103838855, 50.84608780650949, 90.23880192913516], [5.71331103838855, 50.84608780650949, 88.73880192913516]]}}, {"id": "695", "type": "Feature", "properties": {"geotechnicalSoilCode": "Gz2s1", "geotechnicalSoilName": "siltigGrind", "remarks": "1) kalkarm 2) Gedeeltelijk sterk zandig ", "soilDistribution": [0.0, 0.7, 0.0, 0.3, 0.0, 0.0], "location_uid": "B61F3299 Maastricht A2 tunnel"}, "geometry": {"type": "LineString", "coordinates": [[5.71331103838855, 50.84608780650949, 88.73880192913516], [5.71331103838855, 50.84608780650949, 86.23880192913516]]}}, {"id": "696", "type": "Feature", "properties": {"geotechnicalSoilCode": "Gz2s1", "geotechnicalSoilName": "siltigGrind", "remarks": "1) kalkarm 2) Gedeeltelijk stenen ", "soilDistribution": [0.0, 0.7, 0.0, 0.3, 0.0, 0.0], "location_uid": "B61F3299 Maastricht A2 tunnel"}, "geometry": {"type": "LineString", "coordinates": [[5.71331103838855, 50.84608780650949, 86.23880192913516], [5.71331103838855, 50.84608780650949, 82.03880192913516]]}}, {"id": "697", "type": "Feature", "properties": {"geotechnicalSoilCode": "NBE", "geotechnicalSoilName": "niet gedefinieerd", "remarks": "1) light gray-brown 2) KAS 3) Sterk gespleten plaatselijk lagen van vuursteen ", "soilDistribution": [0.0, 0.0, 0.0, 0.0, 0.0, 0.0], "location_uid": "B61F3299 Maastricht A2 tunnel"}, "geometry": {"type": "LineString", "coordinates": [[5.71331103838855, 50.84608780650949, 82.03880192913516], [5.71331103838855, 50.84608780650949, 81.23880192913516]]}}, {"id": "698", "type": "Feature", "properties": {"geotechnicalSoilCode": "NBE", "geotechnicalSoilName": "niet gedefinieerd", "remarks": "1) light gray-brown 2) KAS 3) Verweerd sterk gespleten lagen van vuursteen op 1320m ", "soilDistribution": [0.0, 0.0, 0.0, 0.0, 0.0, 0.0], "location_uid": "B61F3299 Maastricht A2 tunnel"}, "geometry": {"type": "LineString", "coordinates": [[5.71331103838855, 50.84608780650949, 81.23880192913516], [5.71331103838855, 50.84608780650949, 80.78880192913516]]}}, {"id": "699", "type": "Feature", "properties": {"geotechnicalSoilCode": "NBE", "geotechnicalSoilName": "niet gedefinieerd", "remarks": "1) light gray 2) KAS 3) Sterk gespleten plaatselijk verweerde zones lagen van grijze vuursteen op 1415m 1440m en 1555m ", "soilDistribution": [0.0, 0.0, 0.0, 0.0, 0.0, 0.0], "location_uid": "B61F3299 Maastricht A2 tunnel"}, "geometry": {"type": "LineString", "coordinates": [[5.71331103838855, 50.84608780650949, 80.78880192913516], [5.71331103838855, 50.84608780650949, 78.38880192913516]]}}, {"id": "700", "type": "Feature", "properties": {"geotechnicalSoilCode": "NBE", "geotechnicalSoilName": "niet gedefinieerd", "remarks": "1) light gray 2) KAS 3) Sterk gespleten plaatselijk verweerde zones lagen van grijze vuursteen ", "soilDistribution": [0.0, 0.0, 0.0, 0.0, 0.0, 0.0], "location_uid": "B61F3299 Maastricht A2 tunnel"}, "geometry": {"type": "LineString", "coordinates": [[5.71331103838855, 50.84608780650949, 78.38880192913516], [5.71331103838855, 50.84608780650949, 78.03880192913516]]}}, {"id": "701", "type": "Feature", "properties": {"geotechnicalSoilCode": "NBE", "geotechnicalSoilName": "niet gedefinieerd", "remarks": "1) light gray 2) KAS 3) Sterk gespleten plaatselijk verweerde zones lagen van grijze vuursteen op 1645m en 1670m ", "soilDistribution": [0.0, 0.0, 0.0, 0.0, 0.0, 0.0], "location_uid": "B61F3299 Maastricht A2 tunnel"}, "geometry": {"type": "LineString", "coordinates": [[5.71331103838855, 50.84608780650949, 78.03880192913516], [5.71331103838855, 50.84608780650949, 76.53880192913516]]}}, {"id": "702", "type": "Feature", "properties": {"geotechnicalSoilCode": "NBE", "geotechnicalSoilName": "niet gedefinieerd", "remarks": "1) light gray 2) KAS 3) Sterk gespleten plaatselijk verweerde zones lagen van grijze vuursteen ", "soilDistribution": [0.0, 0.0, 0.0, 0.0, 0.0, 0.0], "location_uid": "B61F3299 Maastricht A2 tunnel"}, "geometry": {"type": "LineString", "coordinates": [[5.71331103838855, 50.84608780650949, 76.53880192913516], [5.71331103838855, 50.84608780650949, 76.48880192913516]]}}, {"id": "703", "type": "Feature", "properties": {"geotechnicalSoilCode": "NBE", "geotechnicalSoilName": "niet gedefinieerd", "remarks": "1) light gray 2) KAS 3) Sterk gespleten plaatselijk verweerde zones lagen van grijze vuursteen op 1820m ", "soilDistribution": [0.0, 0.0, 0.0, 0.0, 0.0, 0.0], "location_uid": "B61F3299 Maastricht A2 tunnel"}, "geometry": {"type": "LineString", "coordinates": [[5.71331103838855, 50.84608780650949, 76.48880192913516], [5.71331103838855, 50.84608780650949, 75.43880192913517]]}}, {"id": "704", "type": "Feature", "properties": {"geotechnicalSoilCode": "NBE", "geotechnicalSoilName": "niet gedefinieerd", "remarks": "1) light gray 2) KAS 3) Sterk gespleten plaatselijk verweerde zones lagen van grijze vuursteen ", "soilDistribution": [0.0, 0.0, 0.0, 0.0, 0.0, 0.0], "location_uid": "B61F3299 Maastricht A2 tunnel"}, "geometry": {"type": "LineString", "coordinates": [[5.71331103838855, 50.84608780650949, 75.43880192913517], [5.71331103838855, 50.84608780650949, 75.38880192913516]]}}, {"id": "705", "type": "Feature", "properties": {"geotechnicalSoilCode": "NBE", "geotechnicalSoilName": "niet gedefinieerd", "remarks": "1) light gray 2) KAS 3) Sterk gespleten plaatselijk verweerde zones ", "soilDistribution": [0.0, 0.0, 0.0, 0.0, 0.0, 0.0], "location_uid": "B61F3299 Maastricht A2 tunnel"}, "geometry": {"type": "LineString", "coordinates": [[5.71331103838855, 50.84608780650949, 75.38880192913516], [5.71331103838855, 50.84608780650949, 74.98880192913516]]}}, {"id": "706", "type": "Feature", "properties": {"geotechnicalSoilCode": "NBE", "geotechnicalSoilName": "niet gedefinieerd", "remarks": "1) light gray 2) KAS 3) Sterk gespleten plaatselijk verweerde zones lagen van grijze vuursteen ", "soilDistribution": [0.0, 0.0, 0.0, 0.0, 0.0, 0.0], "location_uid": "B61F3299 Maastricht A2 tunnel"}, "geometry": {"type": "LineString", "coordinates": [[5.71331103838855, 50.84608780650949, 74.98880192913516], [5.71331103838855, 50.84608780650949, 74.93880192913517]]}}, {"id": "707", "type": "Feature", "properties": {"geotechnicalSoilCode": "NBE", "geotechnicalSoilName": "niet gedefinieerd", "remarks": "1) light gray 2) KAS 3) Sterk gespleten plaatselijk verweerde zones ", "soilDistribution": [0.0, 0.0, 0.0, 0.0, 0.0, 0.0], "location_uid": "B61F3299 Maastricht A2 tunnel"}, "geometry": {"type": "LineString", "coordinates": [[5.71331103838855, 50.84608780650949, 74.93880192913517], [5.71331103838855, 50.84608780650949, 74.78880192913516]]}}, {"id": "708", "type": "Feature", "properties": {"geotechnicalSoilCode": "NBE", "geotechnicalSoilName": "niet gedefinieerd", "remarks": "1) light gray 2) KAS 3) Sterk gespleten plaatselijk verweerde zones lagen van grijze vuursteen ", "soilDistribution": [0.0, 0.0, 0.0, 0.0, 0.0, 0.0], "location_uid": "B61F3299 Maastricht A2 tunnel"}, "geometry": {"type": "LineString", "coordinates": [[5.71331103838855, 50.84608780650949, 74.78880192913516], [5.71331103838855, 50.84608780650949, 74.73880192913516]]}}, {"id": "709", "type": "Feature", "properties": {"geotechnicalSoilCode": "NBE", "geotechnicalSoilName": "niet gedefinieerd", "remarks": "1) light gray 2) KAS 3) Sterk gespleten plaatselijk verweerde zones ", "soilDistribution": [0.0, 0.0, 0.0, 0.0, 0.0, 0.0], "location_uid": "B61F3299 Maastricht A2 tunnel"}, "geometry": {"type": "LineString", "coordinates": [[5.71331103838855, 50.84608780650949, 74.73880192913516], [5.71331103838855, 50.84608780650949, 74.48880192913516]]}}, {"id": "710", "type": "Feature", "properties": {"geotechnicalSoilCode": "NBE", "geotechnicalSoilName": "niet gedefinieerd", "remarks": "1) light gray 2) KAS 3) Sterk gespleten plaatselijk verweerde zones lagen van grijze vuursteen ", "soilDistribution": [0.0, 0.0, 0.0, 0.0, 0.0, 0.0], "location_uid": "B61F3299 Maastricht A2 tunnel"}, "geometry": {"type": "LineString", "coordinates": [[5.71331103838855, 50.84608780650949, 74.48880192913516], [5.71331103838855, 50.84608780650949, 74.28880192913516]]}}, {"id": "711", "type": "Feature", "properties": {"geotechnicalSoilCode": "NBE", "geotechnicalSoilName": "niet gedefinieerd", "remarks": "1) light gray 2) KAS 3) Sterk gespleten plaatselijk verweerde zones ", "soilDistribution": [0.0, 0.0, 0.0, 0.0, 0.0, 0.0], "location_uid": "B61F3299 Maastricht A2 tunnel"}, "geometry": {"type": "LineString", "coordinates": [[5.71331103838855, 50.84608780650949, 74.28880192913516], [5.71331103838855, 50.84608780650949, 74.23880192913516]]}}, {"id": "712", "type": "Feature", "properties": {"geotechnicalSoilCode": "NBE", "geotechnicalSoilName": "niet gedefinieerd", "remarks": "1) gray 2) KAS 3) Sterk gespleten plaatselijk verweerde zones lagen van grijze vuursteen op 2030m ", "soilDistribution": [0.0, 0.0, 0.0, 0.0, 0.0, 0.0], "location_uid": "B61F3299 Maastricht A2 tunnel"}, "geometry": {"type": "LineString", "coordinates": [[5.71331103838855, 50.84608780650949, 74.23880192913516], [5.71331103838855, 50.84608780650949, 74.14880192913516]]}}, {"id": "713", "type": "Feature", "properties": {"geotechnicalSoilCode": "NBE", "geotechnicalSoilName": "niet gedefinieerd", "remarks": "1) gray 2) KAS 3) Sterk gespleten plaatselijk verweerde zones lagen van grijze vuursteen ", "soilDistribution": [0.0, 0.0, 0.0, 0.0, 0.0, 0.0], "location_uid": "B61F3299 Maastricht A2 tunnel"}, "geometry": {"type": "Point", "coordinates": [5.71331103838855, 50.84608780650949, 74.14880192913516]}}, {"id": "714", "type": "Feature", "properties": {"geotechnicalSoilCode": "NBE", "geotechnicalSoilName": "niet gedefinieerd", "remarks": "1) gray 2) KAS 3) Sterk gespleten plaatselijk verweerde zones lagen van grijze vuursteen op 2135m en 2160m ", "soilDistribution": [0.0, 0.0, 0.0, 0.0, 0.0, 0.0], "location_uid": "B61F3299 Maastricht A2 tunnel"}, "geometry": {"type": "Point", "coordinates": [5.71331103838855, 50.84608780650949, 74.14880192913516]}}, {"id": "715", "type": "Feature", "properties": {"geotechnicalSoilCode": "NBE", "geotechnicalSoilName": "niet gedefinieerd", "remarks": "1) gray 2) KAS 3) Sterk gespleten plaatselijk verweerde zones lagen van grijze vuursteen ", "soilDistribution": [0.0, 0.0, 0.0, 0.0, 0.0, 0.0], "location_uid": "B61F3299 Maastricht A2 tunnel"}, "geometry": {"type": "Point", "coordinates": [5.71331103838855, 50.84608780650949, 74.14880192913516]}}, {"id": "716", "type": "Feature", "properties": {"geotechnicalSoilCode": "NBE", "geotechnicalSoilName": "niet gedefinieerd", "remarks": "1) gray 2) KAS 3) Sterk gespleten plaatselijk verweerde zones lagen van grijze vuursteen op 2255m en 2270m ", "soilDistribution": [0.0, 0.0, 0.0, 0.0, 0.0, 0.0], "location_uid": "B61F3299 Maastricht A2 tunnel"}, "geometry": {"type": "Point", "coordinates": [5.71331103838855, 50.84608780650949, 74.14880192913516]}}, {"id": "717", "type": "Feature", "properties": {"geotechnicalSoilCode": "NBE", "geotechnicalSoilName": "niet gedefinieerd", "remarks": "1) gray 2) KAS 3) Sterk gespleten plaatselijk verweerde zones lagen van grijze vuursteen ", "soilDistribution": [0.0, 0.0, 0.0, 0.0, 0.0, 0.0], "location_uid": "B61F3299 Maastricht A2 tunnel"}, "geometry": {"type": "Point", "coordinates": [5.71331103838855, 50.84608780650949, 74.14880192913516]}}, {"id": "718", "type": "Feature", "properties": {"geotechnicalSoilCode": "NBE", "geotechnicalSoilName": "niet gedefinieerd", "remarks": "1) gray 2) KAS 3) Sterk gespleten plaatselijk verweerde zones ", "soilDistribution": [0.0, 0.0, 0.0, 0.0, 0.0, 0.0], "location_uid": "B61F3299 Maastricht A2 tunnel"}, "geometry": {"type": "Point", "coordinates": [5.71331103838855, 50.84608780650949, 74.14880192913516]}}, {"id": "719", "type": "Feature", "properties": {"geotechnicalSoilCode": "NBE", "geotechnicalSoilName": "niet gedefinieerd", "remarks": "1) gray 2) KAS 3) Sterk gespleten plaatselijk verweerde zones lagen van grijze vuursteen ", "soilDistribution": [0.0, 0.0, 0.0, 0.0, 0.0, 0.0], "location_uid": "B61F3299 Maastricht A2 tunnel"}, "geometry": {"type": "Point", "coordinates": [5.71331103838855, 50.84608780650949, 74.14880192913516]}}, {"id": "720", "type": "Feature", "properties": {"geotechnicalSoilCode": "NBE", "geotechnicalSoilName": "niet gedefinieerd", "remarks": "1) gray 2) KAS 3) Sterk gespleten plaatselijk verweerde zones ", "soilDistribution": [0.0, 0.0, 0.0, 0.0, 0.0, 0.0], "location_uid": "B61F3299 Maastricht A2 tunnel"}, "geometry": {"type": "Point", "coordinates": [5.71331103838855, 50.84608780650949, 74.14880192913516]}}, {"id": "721", "type": "Feature", "properties": {"geotechnicalSoilCode": "NBE", "geotechnicalSoilName": "niet gedefinieerd", "remarks": "1) gray 2) KAS 3) Sterk gespleten plaatselijk verweerde zones lagen van grijze vuursteen ", "soilDistribution": [0.0, 0.0, 0.0, 0.0, 0.0, 0.0], "location_uid": "B61F3299 Maastricht A2 tunnel"}, "geometry": {"type": "Point", "coordinates": [5.71331103838855, 50.84608780650949, 74.14880192913516]}}, {"id": "722", "type": "Feature", "properties": {"geotechnicalSoilCode": "NBE", "geotechnicalSoilName": "niet gedefinieerd", "remarks": "1) gray 2) KAS 3) Sterk gespleten plaatselijk verweerde zones lagen van grijze vuursteen op 2575m ", "soilDistribution": [0.0, 0.0, 0.0, 0.0, 0.0, 0.0], "location_uid": "B61F3299 Maastricht A2 tunnel"}, "geometry": {"type": "Point", "coordinates": [5.71331103838855, 50.84608780650949, 74.14880192913516]}}, {"id": "723", "type": "Feature", "properties": {"geotechnicalSoilCode": "NBE", "geotechnicalSoilName": "niet gedefinieerd", "remarks": "1) gray 2) KAS 3) Sterk gespleten plaatselijk verweerde zones lagen van grijze vuursteen ", "soilDistribution": [0.0, 0.0, 0.0, 0.0, 0.0, 0.0], "location_uid": "B61F3299 Maastricht A2 tunnel"}, "geometry": {"type": "Point", "coordinates": [5.71331103838855, 50.84608780650949, 74.14880192913516]}}, {"id": "724", "type": "Feature", "properties": {"geotechnicalSoilCode": "NBE", "geotechnicalSoilName": "niet gedefinieerd", "remarks": "1) gray 2) KAS 3) Sterk gespleten plaatselijk verweerde zones lagen van grijze vuursteen op 2665m ", "soilDistribution": [0.0, 0.0, 0.0, 0.0, 0.0, 0.0], "location_uid": "B61F3299 Maastricht A2 tunnel"}, "geometry": {"type": "Point", "coordinates": [5.71331103838855, 50.84608780650949, 74.14880192913516]}}, {"id": "725", "type": "Feature", "properties": {"geotechnicalSoilCode": "NBE", "geotechnicalSoilName": "niet gedefinieerd", "remarks": "1) gray 2) KAS 3) Sterk gespleten plaatselijk verweerde zones lagen van grijze vuursteen groene laag ", "soilDistribution": [0.0, 0.0, 0.0, 0.0, 0.0, 0.0], "location_uid": "B61F3299 Maastricht A2 tunnel"}, "geometry": {"type": "Point", "coordinates": [5.71331103838855, 50.84608780650949, 74.14880192913516]}}, {"id": "726", "type": "Feature", "properties": {"geotechnicalSoilCode": "NBE", "geotechnicalSoilName": "niet gedefinieerd", "remarks": "1) light gray 2) KAS 3) sterk gespleten ", "soilDistribution": [0.0, 0.0, 0.0, 0.0, 0.0, 0.0], "location_uid": "B61F3299 Maastricht A2 tunnel"}, "geometry": {"type": "Point", "coordinates": [5.71331103838855, 50.84608780650949, 74.14880192913516]}}, {"id": "727", "type": "Feature", "properties": {"geotechnicalSoilCode": "Zs1g2", "geotechnicalSoilName": "zwakZandigSilt", "remarks": "1) matig grof 2) ZSTV 3) Plaatselijk wortelresten gedeeltelijk steviger ", "soilDistribution": [0.0, 0.0, 0.2, 0.8, 0.0, 0.0], "location_uid": "B61F3303 Maastricht A2 tunnel"}, "geometry": {"type": "LineString", "coordinates": [[5.710896582748845, 50.85410370776561, 93.0140100642943], [5.710896582748845, 50.85410370776561, 92.7140100642943]]}}, {"id": "728", "type": "Feature", "properties": {"geotechnicalSoilCode": "Lz2g2", "geotechnicalSoilName": "zwakZandigSilt", "remarks": "1) Plaatselijk grind plaatselijk baksteen- en asresten ", "soilDistribution": [0.0, 0.0, 0.2, 0.8, 0.0, 0.0], "location_uid": "B61F3303 Maastricht A2 tunnel"}, "geometry": {"type": "LineString", "coordinates": [[5.710896582748845, 50.85410370776561, 92.7140100642943], [5.710896582748845, 50.85410370776561, 90.7140100642943]]}}, {"id": "729", "type": "Feature", "properties": {"geotechnicalSoilCode": "Lz2", "geotechnicalSoilName": "zwakZandigSilt", "remarks": "1) gray-brown 2) leem stevig ", "soilDistribution": [0.0, 0.0, 0.2, 0.8, 0.0, 0.0], "location_uid": "B61F3303 Maastricht A2 tunnel"}, "geometry": {"type": "LineString", "coordinates": [[5.710896582748845, 50.85410370776561, 90.7140100642943], [5.710896582748845, 50.85410370776561, 90.2640100642943]]}}, {"id": "730", "type": "Feature", "properties": {"geotechnicalSoilCode": "Lz2", "geotechnicalSoilName": "zwakZandigSilt", "remarks": "1) gray-brown 2) leem matig slap ", "soilDistribution": [0.0, 0.0, 0.2, 0.8, 0.0, 0.0], "location_uid": "B61F3303 Maastricht A2 tunnel"}, "geometry": {"type": "LineString", "coordinates": [[5.710896582748845, 50.85410370776561, 90.2640100642943], [5.710896582748845, 50.85410370776561, 89.61401006429429]]}}, {"id": "731", "type": "Feature", "properties": {"geotechnicalSoilCode": "Lz2", "geotechnicalSoilName": "zwakZandigSilt", "remarks": "1) gray 2) leem matig slap ", "soilDistribution": [0.0, 0.0, 0.2, 0.8, 0.0, 0.0], "location_uid": "B61F3303 Maastricht A2 tunnel"}, "geometry": {"type": "LineString", "coordinates": [[5.710896582748845, 50.85410370776561, 89.61401006429429], [5.710896582748845, 50.85410370776561, 89.2140100642943]]}}, {"id": "732", "type": "Feature", "properties": {"geotechnicalSoilCode": "Lz2g1h3", "geotechnicalSoilName": "zwakZandigSilt", "remarks": "1) dark gray 2) leem slap 3) kalkarm ", "soilDistribution": [0.0, 0.0, 0.2, 0.8, 0.0, 0.0], "location_uid": "B61F3303 Maastricht A2 tunnel"}, "geometry": {"type": "LineString", "coordinates": [[5.710896582748845, 50.85410370776561, 89.2140100642943], [5.710896582748845, 50.85410370776561, 88.9140100642943]]}}, {"id": "733", "type": "Feature", "properties": {"geotechnicalSoilCode": "Gz2s1", "geotechnicalSoilName": "siltigGrind", "remarks": "1) weinig schelpmateriaal (1-10%) 2) Zwak organisch verkleurd ", "soilDistribution": [0.0, 0.7, 0.0, 0.3, 0.0, 0.0], "location_uid": "B61F3303 Maastricht A2 tunnel"}, "geometry": {"type": "LineString", "coordinates": [[5.710896582748845, 50.85410370776561, 88.9140100642943], [5.710896582748845, 50.85410370776561, 88.2140100642943]]}}, {"id": "734", "type": "Feature", "properties": {"geotechnicalSoilCode": "Gz2s1", "geotechnicalSoilName": "siltigGrind", "remarks": "1) kalkarm ", "soilDistribution": [0.0, 0.7, 0.0, 0.3, 0.0, 0.0], "location_uid": "B61F3303 Maastricht A2 tunnel"}, "geometry": {"type": "LineString", "coordinates": [[5.710896582748845, 50.85410370776561, 88.2140100642943], [5.710896582748845, 50.85410370776561, 87.4140100642943]]}}, {"id": "735", "type": "Feature", "properties": {"geotechnicalSoilCode": "Gz1s1", "geotechnicalSoilName": "zwakZandigGrind", "remarks": "1) kalkarm 2) Gedeeltelijk stenen ", "soilDistribution": [0.0, 0.8, 0.2, 0.0, 0.0, 0.0], "location_uid": "B61F3303 Maastricht A2 tunnel"}, "geometry": {"type": "LineString", "coordinates": [[5.710896582748845, 50.85410370776561, 87.4140100642943], [5.710896582748845, 50.85410370776561, 86.36401006429429]]}}, {"id": "736", "type": "Feature", "properties": {"geotechnicalSoilCode": "Gz2s1", "geotechnicalSoilName": "siltigGrind", "remarks": "1) kalkarm ", "soilDistribution": [0.0, 0.7, 0.0, 0.3, 0.0, 0.0], "location_uid": "B61F3303 Maastricht A2 tunnel"}, "geometry": {"type": "LineString", "coordinates": [[5.710896582748845, 50.85410370776561, 86.36401006429429], [5.710896582748845, 50.85410370776561, 86.11401006429429]]}}, {"id": "737", "type": "Feature", "properties": {"geotechnicalSoilCode": "Gz2s1", "geotechnicalSoilName": "siltigGrind", "remarks": "1) kalkarm 2) Gedeeltelijkzwak zandig gedeeltelijk stenen ", "soilDistribution": [0.0, 0.7, 0.0, 0.3, 0.0, 0.0], "location_uid": "B61F3303 Maastricht A2 tunnel"}, "geometry": {"type": "LineString", "coordinates": [[5.710896582748845, 50.85410370776561, 86.11401006429429], [5.710896582748845, 50.85410370776561, 85.0140100642943]]}}, {"id": "738", "type": "Feature", "properties": {"geotechnicalSoilCode": "Gz2s1", "geotechnicalSoilName": "siltigGrind", "remarks": "1) kalkarm ", "soilDistribution": [0.0, 0.7, 0.0, 0.3, 0.0, 0.0], "location_uid": "B61F3303 Maastricht A2 tunnel"}, "geometry": {"type": "LineString", "coordinates": [[5.710896582748845, 50.85410370776561, 85.0140100642943], [5.710896582748845, 50.85410370776561, 84.4140100642943]]}}, {"id": "739", "type": "Feature", "properties": {"geotechnicalSoilCode": "Gz1s1", "geotechnicalSoilName": "zwakZandigGrind", "remarks": "1) kalkarm ", "soilDistribution": [0.0, 0.8, 0.2, 0.0, 0.0, 0.0], "location_uid": "B61F3303 Maastricht A2 tunnel"}, "geometry": {"type": "LineString", "coordinates": [[5.710896582748845, 50.85410370776561, 84.4140100642943], [5.710896582748845, 50.85410370776561, 83.36401006429429]]}}, {"id": "740", "type": "Feature", "properties": {"geotechnicalSoilCode": "Gz2s1", "geotechnicalSoilName": "siltigGrind", "remarks": "1) kalkarm ", "soilDistribution": [0.0, 0.7, 0.0, 0.3, 0.0, 0.0], "location_uid": "B61F3303 Maastricht A2 tunnel"}, "geometry": {"type": "LineString", "coordinates": [[5.710896582748845, 50.85410370776561, 83.36401006429429], [5.710896582748845, 50.85410370776561, 83.0140100642943]]}}, {"id": "741", "type": "Feature", "properties": {"geotechnicalSoilCode": "Gz1s1", "geotechnicalSoilName": "zwakZandigGrind", "remarks": "1) kalkarm ", "soilDistribution": [0.0, 0.8, 0.2, 0.0, 0.0, 0.0], "location_uid": "B61F3303 Maastricht A2 tunnel"}, "geometry": {"type": "LineString", "coordinates": [[5.710896582748845, 50.85410370776561, 83.0140100642943], [5.710896582748845, 50.85410370776561, 82.61401006429429]]}}, {"id": "742", "type": "Feature", "properties": {"geotechnicalSoilCode": "Gz2s1", "geotechnicalSoilName": "siltigGrind", "remarks": "1) kalkarm 2) Gedeeltelijk stenen ", "soilDistribution": [0.0, 0.7, 0.0, 0.3, 0.0, 0.0], "location_uid": "B61F3303 Maastricht A2 tunnel"}, "geometry": {"type": "LineString", "coordinates": [[5.710896582748845, 50.85410370776561, 82.61401006429429], [5.710896582748845, 50.85410370776561, 82.0140100642943]]}}, {"id": "743", "type": "Feature", "properties": {"geotechnicalSoilCode": "Gz2s1", "geotechnicalSoilName": "siltigGrind", "remarks": "1) kalkarm 2) Gedeeltelijk stenen ", "soilDistribution": [0.0, 0.7, 0.0, 0.3, 0.0, 0.0], "location_uid": "B61F3303 Maastricht A2 tunnel"}, "geometry": {"type": "LineString", "coordinates": [[5.710896582748845, 50.85410370776561, 82.0140100642943], [5.710896582748845, 50.85410370776561, 81.71401006429429]]}}, {"id": "744", "type": "Feature", "properties": {"geotechnicalSoilCode": "Gz1s1", "geotechnicalSoilName": "zwakZandigGrind", "remarks": "1) kalkarm ", "soilDistribution": [0.0, 0.8, 0.2, 0.0, 0.0, 0.0], "location_uid": "B61F3303 Maastricht A2 tunnel"}, "geometry": {"type": "LineString", "coordinates": [[5.710896582748845, 50.85410370776561, 81.71401006429429], [5.710896582748845, 50.85410370776561, 81.36401006429429]]}}, {"id": "745", "type": "Feature", "properties": {"geotechnicalSoilCode": "NBE", "geotechnicalSoilName": "niet gedefinieerd", "remarks": "1) light brown 2) KAS 3) Volledig verweerd sterk gespleten met grindzones met plaatselijk harde zones ", "soilDistribution": [0.0, 0.0, 0.0, 0.0, 0.0, 0.0], "location_uid": "B61F3303 Maastricht A2 tunnel"}, "geometry": {"type": "LineString", "coordinates": [[5.710896582748845, 50.85410370776561, 81.36401006429429], [5.710896582748845, 50.85410370776561, 81.2240100642943]]}}, {"id": "746", "type": "Feature", "properties": {"geotechnicalSoilCode": "NBE", "geotechnicalSoilName": "niet gedefinieerd", "remarks": "1) light brown 2) KAS 3) Verweerd sterk gespleten ", "soilDistribution": [0.0, 0.0, 0.0, 0.0, 0.0, 0.0], "location_uid": "B61F3303 Maastricht A2 tunnel"}, "geometry": {"type": "Point", "coordinates": [5.710896582748845, 50.85410370776561, 81.2240100642943]}}, {"id": "747", "type": "Feature", "properties": {"geotechnicalSoilCode": "NBE", "geotechnicalSoilName": "niet gedefinieerd", "remarks": "1) light brown 2) KAS 3) Matig verweerd sterk gespleten lagen van grijze vuursteen ", "soilDistribution": [0.0, 0.0, 0.0, 0.0, 0.0, 0.0], "location_uid": "B61F3303 Maastricht A2 tunnel"}, "geometry": {"type": "Point", "coordinates": [5.710896582748845, 50.85410370776561, 81.2240100642943]}}, {"id": "748", "type": "Feature", "properties": {"geotechnicalSoilCode": "NBE", "geotechnicalSoilName": "niet gedefinieerd", "remarks": "1) light brown 2) KAS 3) Verweerd sterk gespleten lagen van grijze vuursteen op 2075m en 2125m ", "soilDistribution": [0.0, 0.0, 0.0, 0.0, 0.0, 0.0], "location_uid": "B61F3303 Maastricht A2 tunnel"}, "geometry": {"type": "Point", "coordinates": [5.710896582748845, 50.85410370776561, 81.2240100642943]}}, {"id": "749", "type": "Feature", "properties": {"geotechnicalSoilCode": "NBE", "geotechnicalSoilName": "niet gedefinieerd", "remarks": "1) light brown 2) KAS 3) Verweerd sterk gespleten lagen van grijze vuursteen ", "soilDistribution": [0.0, 0.0, 0.0, 0.0, 0.0, 0.0], "location_uid": "B61F3303 Maastricht A2 tunnel"}, "geometry": {"type": "Point", "coordinates": [5.710896582748845, 50.85410370776561, 81.2240100642943]}}, {"id": "750", "type": "Feature", "properties": {"geotechnicalSoilCode": "NBE", "geotechnicalSoilName": "niet gedefinieerd", "remarks": "1) light brown 2) KAS 3) Verweerd sterk gespleten ", "soilDistribution": [0.0, 0.0, 0.0, 0.0, 0.0, 0.0], "location_uid": "B61F3303 Maastricht A2 tunnel"}, "geometry": {"type": "Point", "coordinates": [5.710896582748845, 50.85410370776561, 81.2240100642943]}}, {"id": "751", "type": "Feature", "properties": {"geotechnicalSoilCode": "NBE", "geotechnicalSoilName": "niet gedefinieerd", "remarks": "1) light brown 2) KAS 3) sterk gespleten lagen van grijze vuursteen ", "soilDistribution": [0.0, 0.0, 0.0, 0.0, 0.0, 0.0], "location_uid": "B61F3303 Maastricht A2 tunnel"}, "geometry": {"type": "Point", "coordinates": [5.710896582748845, 50.85410370776561, 81.2240100642943]}}, {"id": "752", "type": "Feature", "properties": {"geotechnicalSoilCode": "NBE", "geotechnicalSoilName": "niet gedefinieerd", "remarks": "1) KAS ", "soilDistribution": [0.0, 0.0, 0.0, 0.0, 0.0, 0.0], "location_uid": "B61F3303 Maastricht A2 tunnel"}, "geometry": {"type": "Point", "coordinates": [5.710896582748845, 50.85410370776561, 81.2240100642943]}}, {"id": "753", "type": "Feature", "properties": {"geotechnicalSoilCode": "NBE", "geotechnicalSoilName": "niet gedefinieerd", "remarks": "1) gray 2) VUS ", "soilDistribution": [0.0, 0.0, 0.0, 0.0, 0.0, 0.0], "location_uid": "B61F3303 Maastricht A2 tunnel"}, "geometry": {"type": "Point", "coordinates": [5.710896582748845, 50.85410370776561, 81.2240100642943]}}, {"id": "754", "type": "Feature", "properties": {"geotechnicalSoilCode": "NBE", "geotechnicalSoilName": "niet gedefinieerd", "remarks": "1) KAS ", "soilDistribution": [0.0, 0.0, 0.0, 0.0, 0.0, 0.0], "location_uid": "B61F3303 Maastricht A2 tunnel"}, "geometry": {"type": "Point", "coordinates": [5.710896582748845, 50.85410370776561, 81.2240100642943]}}, {"id": "755", "type": "Feature", "properties": {"geotechnicalSoilCode": "NBE", "geotechnicalSoilName": "niet gedefinieerd", "remarks": "1) light brown 2) KAS 3) Verweerd sterk gespleten ", "soilDistribution": [0.0, 0.0, 0.0, 0.0, 0.0, 0.0], "location_uid": "B61F3303 Maastricht A2 tunnel"}, "geometry": {"type": "Point", "coordinates": [5.710896582748845, 50.85410370776561, 81.2240100642943]}}, {"id": "756", "type": "Feature", "properties": {"geotechnicalSoilCode": "NBE", "geotechnicalSoilName": "niet gedefinieerd", "remarks": "1) light brown 2) KAS 3) Verweerd sterk gespleten lagen van grijze vuursteen ", "soilDistribution": [0.0, 0.0, 0.0, 0.0, 0.0, 0.0], "location_uid": "B61F3303 Maastricht A2 tunnel"}, "geometry": {"type": "Point", "coordinates": [5.710896582748845, 50.85410370776561, 81.2240100642943]}}, {"id": "757", "type": "Feature", "properties": {"geotechnicalSoilCode": "NBE", "geotechnicalSoilName": "niet gedefinieerd", "remarks": "1) light brown 2) KAS 3) Verweerd sterk gespleten ", "soilDistribution": [0.0, 0.0, 0.0, 0.0, 0.0, 0.0], "location_uid": "B61F3303 Maastricht A2 tunnel"}, "geometry": {"type": "Point", "coordinates": [5.710896582748845, 50.85410370776561, 81.2240100642943]}}, {"id": "758", "type": "Feature", "properties": {"geotechnicalSoilCode": "NBE", "geotechnicalSoilName": "niet gedefinieerd", "remarks": "1) light brown 2) KAS 3) Verweerd sterk gespleten lagen van grijze vuursteen op 2710m ", "soilDistribution": [0.0, 0.0, 0.0, 0.0, 0.0, 0.0], "location_uid": "B61F3303 Maastricht A2 tunnel"}, "geometry": {"type": "Point", "coordinates": [5.710896582748845, 50.85410370776561, 81.2240100642943]}}, {"id": "759", "type": "Feature", "properties": {"geotechnicalSoilCode": "NBE", "geotechnicalSoilName": "niet gedefinieerd", "remarks": "1) light brown 2) KAS 3) Verweerd sterk gespleten lagen van grijze vuursteen ", "soilDistribution": [0.0, 0.0, 0.0, 0.0, 0.0, 0.0], "location_uid": "B61F3303 Maastricht A2 tunnel"}, "geometry": {"type": "Point", "coordinates": [5.710896582748845, 50.85410370776561, 81.2240100642943]}}, {"id": "760", "type": "Feature", "properties": {"geotechnicalSoilCode": "NBE", "geotechnicalSoilName": "niet gedefinieerd", "remarks": "1) light brown 2) KAS 3) Verweerd sterk gespleten ", "soilDistribution": [0.0, 0.0, 0.0, 0.0, 0.0, 0.0], "location_uid": "B61F3303 Maastricht A2 tunnel"}, "geometry": {"type": "Point", "coordinates": [5.710896582748845, 50.85410370776561, 81.2240100642943]}}, {"id": "761", "type": "Feature", "properties": {"geotechnicalSoilCode": "NBE", "geotechnicalSoilName": "niet gedefinieerd", "remarks": "1) light brown 2) KAS 3) Verweerd sterk gespleten lagen van grijze vuursteen ", "soilDistribution": [0.0, 0.0, 0.0, 0.0, 0.0, 0.0], "location_uid": "B61F3303 Maastricht A2 tunnel"}, "geometry": {"type": "Point", "coordinates": [5.710896582748845, 50.85410370776561, 81.2240100642943]}}, {"id": "762", "type": "Feature", "properties": {"geotechnicalSoilCode": "NBE", "geotechnicalSoilName": "niet gedefinieerd", "remarks": "1) light brown 2) KAS 3) Verweerd sterk gespleten ", "soilDistribution": [0.0, 0.0, 0.0, 0.0, 0.0, 0.0], "location_uid": "B61F3303 Maastricht A2 tunnel"}, "geometry": {"type": "Point", "coordinates": [5.710896582748845, 50.85410370776561, 81.2240100642943]}}, {"id": "763", "type": "Feature", "properties": {"geotechnicalSoilCode": "NBE", "geotechnicalSoilName": "niet gedefinieerd", "remarks": "1) light brown 2) KAS 3) Verweerd sterk gespleten lagen van grijze vuursteen ", "soilDistribution": [0.0, 0.0, 0.0, 0.0, 0.0, 0.0], "location_uid": "B61F3303 Maastricht A2 tunnel"}, "geometry": {"type": "Point", "coordinates": [5.710896582748845, 50.85410370776561, 81.2240100642943]}}, {"id": "764", "type": "Feature", "properties": {"geotechnicalSoilCode": "NBE", "geotechnicalSoilName": "niet gedefinieerd", "remarks": "1) light brown 2) KAS 3) Verweerd sterk gespleten ", "soilDistribution": [0.0, 0.0, 0.0, 0.0, 0.0, 0.0], "location_uid": "B61F3303 Maastricht A2 tunnel"}, "geometry": {"type": "Point", "coordinates": [5.710896582748845, 50.85410370776561, 81.2240100642943]}}, {"id": "765", "type": "Feature", "properties": {"geotechnicalSoilCode": "NBE", "geotechnicalSoilName": "niet gedefinieerd", "remarks": "1) light brown 2) KAS 3) Verweerd sterk gespleten lagen van grijze vuursteen ", "soilDistribution": [0.0, 0.0, 0.0, 0.0, 0.0, 0.0], "location_uid": "B61F3303 Maastricht A2 tunnel"}, "geometry": {"type": "Point", "coordinates": [5.710896582748845, 50.85410370776561, 81.2240100642943]}}, {"id": "766", "type": "Feature", "properties": {"geotechnicalSoilCode": "NBE", "geotechnicalSoilName": "niet gedefinieerd", "remarks": "1) light brown 2) KAS 3) Verweerd sterk gespleten ", "soilDistribution": [0.0, 0.0, 0.0, 0.0, 0.0, 0.0], "location_uid": "B61F3303 Maastricht A2 tunnel"}, "geometry": {"type": "Point", "coordinates": [5.710896582748845, 50.85410370776561, 81.2240100642943]}}, {"id": "767", "type": "Feature", "properties": {"geotechnicalSoilCode": "NBE", "geotechnicalSoilName": "niet gedefinieerd", "remarks": "1) light brown 2) KAS 3) Verweerd sterk gespleten lagen van grijze vuursteen ", "soilDistribution": [0.0, 0.0, 0.0, 0.0, 0.0, 0.0], "location_uid": "B61F3303 Maastricht A2 tunnel"}, "geometry": {"type": "Point", "coordinates": [5.710896582748845, 50.85410370776561, 81.2240100642943]}}, {"id": "768", "type": "Feature", "properties": {"geotechnicalSoilCode": "NBE", "geotechnicalSoilName": "niet gedefinieerd", "remarks": "1) light brown 2) KAS 3) Verweerd sterk gespleten ", "soilDistribution": [0.0, 0.0, 0.0, 0.0, 0.0, 0.0], "location_uid": "B61F3303 Maastricht A2 tunnel"}, "geometry": {"type": "Point", "coordinates": [5.710896582748845, 50.85410370776561, 81.2240100642943]}}, {"id": "769", "type": "Feature", "properties": {"geotechnicalSoilCode": "NBE", "geotechnicalSoilName": "niet gedefinieerd", "remarks": "1) light brown 2) KAS 3) Verweerd sterk gespleten lagen van grijze vuursteen ", "soilDistribution": [0.0, 0.0, 0.0, 0.0, 0.0, 0.0], "location_uid": "B61F3303 Maastricht A2 tunnel"}, "geometry": {"type": "Point", "coordinates": [5.710896582748845, 50.85410370776561, 81.2240100642943]}}, {"id": "770", "type": "Feature", "properties": {"geotechnicalSoilCode": "NBE", "geotechnicalSoilName": "niet gedefinieerd", "remarks": "1) gray 2) KAS 3) sterk gespleten ", "soilDistribution": [0.0, 0.0, 0.0, 0.0, 0.0, 0.0], "location_uid": "B61F3303 Maastricht A2 tunnel"}, "geometry": {"type": "Point", "coordinates": [5.710896582748845, 50.85410370776561, 81.2240100642943]}}, {"id": "771", "type": "Feature", "properties": {"geotechnicalSoilCode": "NBE", "geotechnicalSoilName": "niet gedefinieerd", "remarks": "1) NBE 2) Graszode ", "soilDistribution": [0.0, 0.0, 0.0, 0.0, 0.0, 0.0], "location_uid": "B61F3315 Maastricht A2 tunnel"}, "geometry": {"type": "LineString", "coordinates": [[5.716886651497529, 50.84177197077784, 98.57282809524429], [5.716886651497529, 50.84177197077784, 98.5228280952443]]}}, {"id": "772", "type": "Feature", "properties": {"geotechnicalSoilCode": "Lzg1", "geotechnicalSoilName": "niet gedefinieerd", "remarks": "1) plaatselijk grind ", "soilDistribution": [0.0, 0.0, 0.0, 0.0, 0.0, 0.0], "location_uid": "B61F3315 Maastricht A2 tunnel"}, "geometry": {"type": "LineString", "coordinates": [[5.716886651497529, 50.84177197077784, 98.5228280952443], [5.716886651497529, 50.84177197077784, 98.32282809524429]]}}, {"id": "773", "type": "Feature", "properties": {"geotechnicalSoilCode": "Lzg1", "geotechnicalSoilName": "niet gedefinieerd", "remarks": "1) Plaatselijk grind ", "soilDistribution": [0.0, 0.0, 0.0, 0.0, 0.0, 0.0], "location_uid": "B61F3315 Maastricht A2 tunnel"}, "geometry": {"type": "LineString", "coordinates": [[5.716886651497529, 50.84177197077784, 98.32282809524429], [5.716886651497529, 50.84177197077784, 98.07282809524429]]}}, {"id": "774", "type": "Feature", "properties": {"geotechnicalSoilCode": "Lzg1", "geotechnicalSoilName": "niet gedefinieerd", "remarks": "1) Plaatselijk grind ", "soilDistribution": [0.0, 0.0, 0.0, 0.0, 0.0, 0.0], "location_uid": "B61F3315 Maastricht A2 tunnel"}, "geometry": {"type": "LineString", "coordinates": [[5.716886651497529, 50.84177197077784, 98.07282809524429], [5.716886651497529, 50.84177197077784, 95.37282809524429]]}}, {"id": "775", "type": "Feature", "properties": {"geotechnicalSoilCode": "Lz3g1", "geotechnicalSoilName": "sterkZandigSilt", "remarks": "1) plaatselijk grind ", "soilDistribution": [0.0, 0.0, 0.4, 0.6, 0.0, 0.0], "location_uid": "B61F3315 Maastricht A2 tunnel"}, "geometry": {"type": "LineString", "coordinates": [[5.716886651497529, 50.84177197077784, 95.37282809524429], [5.716886651497529, 50.84177197077784, 92.07282809524429]]}}, {"id": "776", "type": "Feature", "properties": {"geotechnicalSoilCode": "Gz2s", "geotechnicalSoilName": "siltigGrind", "remarks": "", "soilDistribution": [0.0, 0.7, 0.0, 0.3, 0.0, 0.0], "location_uid": "B61F3315 Maastricht A2 tunnel"}, "geometry": {"type": "LineString", "coordinates": [[5.716886651497529, 50.84177197077784, 92.07282809524429], [5.716886651497529, 50.84177197077784, 91.9728280952443]]}}, {"id": "777", "type": "Feature", "properties": {"geotechnicalSoilCode": "NBE", "geotechnicalSoilName": "niet gedefinieerd", "remarks": "1) afval 2) As bouwpuin en baksteenresten ", "soilDistribution": [0.0, 0.0, 0.0, 0.0, 0.0, 0.0], "location_uid": "B61F3315 Maastricht A2 tunnel"}, "geometry": {"type": "LineString", "coordinates": [[5.716886651497529, 50.84177197077784, 91.9728280952443], [5.716886651497529, 50.84177197077784, 91.87282809524429]]}}, {"id": "778", "type": "Feature", "properties": {"geotechnicalSoilCode": "Lg1", "geotechnicalSoilName": "zwakZandigSiltMetGrind", "remarks": "1) gray-brown 2) Plaatselijk grind weinig \"o\" verkleurd ", "soilDistribution": [0.0, 0.1, 0.1, 0.8, 0.0, 0.0], "location_uid": "B61F3315 Maastricht A2 tunnel"}, "geometry": {"type": "LineString", "coordinates": [[5.716886651497529, 50.84177197077784, 91.87282809524429], [5.716886651497529, 50.84177197077784, 90.82282809524429]]}}, {"id": "779", "type": "Feature", "properties": {"geotechnicalSoilCode": "Lz1g3", "geotechnicalSoilName": "zwakZandigSilt", "remarks": "1) gray-brown ", "soilDistribution": [0.0, 0.0, 0.2, 0.8, 0.0, 0.0], "location_uid": "B61F3315 Maastricht A2 tunnel"}, "geometry": {"type": "LineString", "coordinates": [[5.716886651497529, 50.84177197077784, 90.82282809524429], [5.716886651497529, 50.84177197077784, 90.7228280952443]]}}, {"id": "780", "type": "Feature", "properties": {"geotechnicalSoilCode": "Gz2s", "geotechnicalSoilName": "siltigGrind", "remarks": "", "soilDistribution": [0.0, 0.7, 0.0, 0.3, 0.0, 0.0], "location_uid": "B61F3315 Maastricht A2 tunnel"}, "geometry": {"type": "LineString", "coordinates": [[5.716886651497529, 50.84177197077784, 90.7228280952443], [5.716886651497529, 50.84177197077784, 90.17282809524428]]}}, {"id": "781", "type": "Feature", "properties": {"geotechnicalSoilCode": "Gz2s", "geotechnicalSoilName": "siltigGrind", "remarks": "", "soilDistribution": [0.0, 0.7, 0.0, 0.3, 0.0, 0.0], "location_uid": "B61F3315 Maastricht A2 tunnel"}, "geometry": {"type": "LineString", "coordinates": [[5.716886651497529, 50.84177197077784, 90.17282809524428], [5.716886651497529, 50.84177197077784, 89.57282809524429]]}}, {"id": "782", "type": "Feature", "properties": {"geotechnicalSoilCode": "Lz1g3", "geotechnicalSoilName": "zwakZandigSilt", "remarks": "1) gray-brown ", "soilDistribution": [0.0, 0.0, 0.2, 0.8, 0.0, 0.0], "location_uid": "B61F3315 Maastricht A2 tunnel"}, "geometry": {"type": "LineString", "coordinates": [[5.716886651497529, 50.84177197077784, 89.57282809524429], [5.716886651497529, 50.84177197077784, 89.37282809524429]]}}, {"id": "783", "type": "Feature", "properties": {"geotechnicalSoilCode": "Gz2s", "geotechnicalSoilName": "siltigGrind", "remarks": "", "soilDistribution": [0.0, 0.7, 0.0, 0.3, 0.0, 0.0], "location_uid": "B61F3315 Maastricht A2 tunnel"}, "geometry": {"type": "LineString", "coordinates": [[5.716886651497529, 50.84177197077784, 89.37282809524429], [5.716886651497529, 50.84177197077784, 88.57282809524429]]}}, {"id": "784", "type": "Feature", "properties": {"geotechnicalSoilCode": "Gz2s", "geotechnicalSoilName": "siltigGrind", "remarks": "1) kalkarm ", "soilDistribution": [0.0, 0.7, 0.0, 0.3, 0.0, 0.0], "location_uid": "B61F3315 Maastricht A2 tunnel"}, "geometry": {"type": "LineString", "coordinates": [[5.716886651497529, 50.84177197077784, 88.57282809524429], [5.716886651497529, 50.84177197077784, 87.7728280952443]]}}, {"id": "785", "type": "Feature", "properties": {"geotechnicalSoilCode": "Gz1", "geotechnicalSoilName": "zwakZandigGrind", "remarks": "1) kalkarm ", "soilDistribution": [0.0, 0.8, 0.2, 0.0, 0.0, 0.0], "location_uid": "B61F3315 Maastricht A2 tunnel"}, "geometry": {"type": "LineString", "coordinates": [[5.716886651497529, 50.84177197077784, 87.7728280952443], [5.716886651497529, 50.84177197077784, 87.07282809524429]]}}, {"id": "786", "type": "Feature", "properties": {"geotechnicalSoilCode": "Gz2", "geotechnicalSoilName": "siltigGrind", "remarks": "1) kalkarm ", "soilDistribution": [0.0, 0.7, 0.0, 0.3, 0.0, 0.0], "location_uid": "B61F3315 Maastricht A2 tunnel"}, "geometry": {"type": "LineString", "coordinates": [[5.716886651497529, 50.84177197077784, 87.07282809524429], [5.716886651497529, 50.84177197077784, 86.67282809524428]]}}, {"id": "787", "type": "Feature", "properties": {"geotechnicalSoilCode": "Gz1", "geotechnicalSoilName": "zwakZandigGrind", "remarks": "1) kalkarm ", "soilDistribution": [0.0, 0.8, 0.2, 0.0, 0.0, 0.0], "location_uid": "B61F3315 Maastricht A2 tunnel"}, "geometry": {"type": "LineString", "coordinates": [[5.716886651497529, 50.84177197077784, 86.67282809524428], [5.716886651497529, 50.84177197077784, 86.37282809524429]]}}, {"id": "788", "type": "Feature", "properties": {"geotechnicalSoilCode": "Gz2", "geotechnicalSoilName": "siltigGrind", "remarks": "1) kalkarm ", "soilDistribution": [0.0, 0.7, 0.0, 0.3, 0.0, 0.0], "location_uid": "B61F3315 Maastricht A2 tunnel"}, "geometry": {"type": "LineString", "coordinates": [[5.716886651497529, 50.84177197077784, 86.37282809524429], [5.716886651497529, 50.84177197077784, 85.57282809524429]]}}, {"id": "789", "type": "Feature", "properties": {"geotechnicalSoilCode": "Gz1", "geotechnicalSoilName": "zwakZandigGrind", "remarks": "1) kalkarm ", "soilDistribution": [0.0, 0.8, 0.2, 0.0, 0.0, 0.0], "location_uid": "B61F3315 Maastricht A2 tunnel"}, "geometry": {"type": "LineString", "coordinates": [[5.716886651497529, 50.84177197077784, 85.57282809524429], [5.716886651497529, 50.84177197077784, 85.37282809524429]]}}, {"id": "790", "type": "Feature", "properties": {"geotechnicalSoilCode": "Gz2", "geotechnicalSoilName": "siltigGrind", "remarks": "1) kalkarm ", "soilDistribution": [0.0, 0.7, 0.0, 0.3, 0.0, 0.0], "location_uid": "B61F3315 Maastricht A2 tunnel"}, "geometry": {"type": "LineString", "coordinates": [[5.716886651497529, 50.84177197077784, 85.37282809524429], [5.716886651497529, 50.84177197077784, 84.7728280952443]]}}, {"id": "791", "type": "Feature", "properties": {"geotechnicalSoilCode": "Gz2", "geotechnicalSoilName": "siltigGrind", "remarks": "1) kalkarm ", "soilDistribution": [0.0, 0.7, 0.0, 0.3, 0.0, 0.0], "location_uid": "B61F3315 Maastricht A2 tunnel"}, "geometry": {"type": "LineString", "coordinates": [[5.716886651497529, 50.84177197077784, 84.7728280952443], [5.716886651497529, 50.84177197077784, 83.17282809524428]]}}, {"id": "792", "type": "Feature", "properties": {"geotechnicalSoilCode": "Gz2s", "geotechnicalSoilName": "siltigGrind", "remarks": "1) kalkarm ", "soilDistribution": [0.0, 0.7, 0.0, 0.3, 0.0, 0.0], "location_uid": "B61F3315 Maastricht A2 tunnel"}, "geometry": {"type": "LineString", "coordinates": [[5.716886651497529, 50.84177197077784, 83.17282809524428], [5.716886651497529, 50.84177197077784, 82.96282809524429]]}}, {"id": "793", "type": "Feature", "properties": {"geotechnicalSoilCode": "Gz2s", "geotechnicalSoilName": "siltigGrind", "remarks": "1) kalkarm ", "soilDistribution": [0.0, 0.7, 0.0, 0.3, 0.0, 0.0], "location_uid": "B61F3315 Maastricht A2 tunnel"}, "geometry": {"type": "Point", "coordinates": [5.716886651497529, 50.84177197077784, 82.96282809524429]}}, {"id": "794", "type": "Feature", "properties": {"geotechnicalSoilCode": "NBE", "geotechnicalSoilName": "niet gedefinieerd", "remarks": "1) KAS 2) sterk gespleten ", "soilDistribution": [0.0, 0.0, 0.0, 0.0, 0.0, 0.0], "location_uid": "B61F3315 Maastricht A2 tunnel"}, "geometry": {"type": "Point", "coordinates": [5.716886651497529, 50.84177197077784, 82.96282809524429]}}, {"id": "795", "type": "Feature", "properties": {"geotechnicalSoilCode": "NBE", "geotechnicalSoilName": "niet gedefinieerd", "remarks": "1) light gray-brown 2) KAS 3) sterk gespleten met harde zones en plaatselijk vuursteen ", "soilDistribution": [0.0, 0.0, 0.0, 0.0, 0.0, 0.0], "location_uid": "B61F3315 Maastricht A2 tunnel"}, "geometry": {"type": "Point", "coordinates": [5.716886651497529, 50.84177197077784, 82.96282809524429]}}, {"id": "796", "type": "Feature", "properties": {"geotechnicalSoilCode": "NBE", "geotechnicalSoilName": "niet gedefinieerd", "remarks": "1) light gray 2) KAS 3) sterk gespleten met harde zones en plaatselijk vuursteen gedeeltelijk grijsbruin ", "soilDistribution": [0.0, 0.0, 0.0, 0.0, 0.0, 0.0], "location_uid": "B61F3315 Maastricht A2 tunnel"}, "geometry": {"type": "Point", "coordinates": [5.716886651497529, 50.84177197077784, 82.96282809524429]}}, {"id": "797", "type": "Feature", "properties": {"geotechnicalSoilCode": "NBE", "geotechnicalSoilName": "niet gedefinieerd", "remarks": "1) gray 2) hard 3) KAS 4) sterk gespleten ", "soilDistribution": [0.0, 0.0, 0.0, 0.0, 0.0, 0.0], "location_uid": "B61F3315 Maastricht A2 tunnel"}, "geometry": {"type": "Point", "coordinates": [5.716886651497529, 50.84177197077784, 82.96282809524429]}}, {"id": "798", "type": "Feature", "properties": {"geotechnicalSoilCode": "NBE", "geotechnicalSoilName": "niet gedefinieerd", "remarks": "1) gray 2) KAS 3) sterk gespleten met harde zones verweerd gedeeltelijk grijsbruin ", "soilDistribution": [0.0, 0.0, 0.0, 0.0, 0.0, 0.0], "location_uid": "B61F3315 Maastricht A2 tunnel"}, "geometry": {"type": "Point", "coordinates": [5.716886651497529, 50.84177197077784, 82.96282809524429]}}, {"id": "799", "type": "Feature", "properties": {"geotechnicalSoilCode": "NBE", "geotechnicalSoilName": "niet gedefinieerd", "remarks": "1) gray 2) KAS 3) sterk gespleten met harde zones verweerd gedeeltelijk grijsbruin  doorweekt ", "soilDistribution": [0.0, 0.0, 0.0, 0.0, 0.0, 0.0], "location_uid": "B61F3315 Maastricht A2 tunnel"}, "geometry": {"type": "Point", "coordinates": [5.716886651497529, 50.84177197077784, 82.96282809524429]}}, {"id": "800", "type": "Feature", "properties": {"geotechnicalSoilCode": "NBE", "geotechnicalSoilName": "niet gedefinieerd", "remarks": "1) gray 2) KAS 3) sterk gespleten met harde zones verweerd gedeeltelijk grijsbruin ", "soilDistribution": [0.0, 0.0, 0.0, 0.0, 0.0, 0.0], "location_uid": "B61F3315 Maastricht A2 tunnel"}, "geometry": {"type": "Point", "coordinates": [5.716886651497529, 50.84177197077784, 82.96282809524429]}}, {"id": "801", "type": "Feature", "properties": {"geotechnicalSoilCode": "NBE", "geotechnicalSoilName": "niet gedefinieerd", "remarks": "1) gray 2) KAS 3) sterk gespleten ", "soilDistribution": [0.0, 0.0, 0.0, 0.0, 0.0, 0.0], "location_uid": "B61F3315 Maastricht A2 tunnel"}, "geometry": {"type": "Point", "coordinates": [5.716886651497529, 50.84177197077784, 82.96282809524429]}}, {"id": "802", "type": "Feature", "properties": {"geotechnicalSoilCode": "NBE", "geotechnicalSoilName": "niet gedefinieerd", "remarks": "1) gray-brown 2) KAS 3) sterk gespleten met harde zones verweerd grijs tot grijsbruin ", "soilDistribution": [0.0, 0.0, 0.0, 0.0, 0.0, 0.0], "location_uid": "B61F3315 Maastricht A2 tunnel"}, "geometry": {"type": "Point", "coordinates": [5.716886651497529, 50.84177197077784, 82.96282809524429]}}, {"id": "803", "type": "Feature", "properties": {"geotechnicalSoilCode": "NBE", "geotechnicalSoilName": "niet gedefinieerd", "remarks": "1) light gray-brown 2) KAS 3) sterk gespleten met harde zones ", "soilDistribution": [0.0, 0.0, 0.0, 0.0, 0.0, 0.0], "location_uid": "B61F3315 Maastricht A2 tunnel"}, "geometry": {"type": "Point", "coordinates": [5.716886651497529, 50.84177197077784, 82.96282809524429]}}, {"id": "804", "type": "Feature", "properties": {"geotechnicalSoilCode": "NBE", "geotechnicalSoilName": "niet gedefinieerd", "remarks": "1) light gray-brown 2) KAS 3) sterk gespleten met harde zones met vuursteen stukken ", "soilDistribution": [0.0, 0.0, 0.0, 0.0, 0.0, 0.0], "location_uid": "B61F3315 Maastricht A2 tunnel"}, "geometry": {"type": "Point", "coordinates": [5.716886651497529, 50.84177197077784, 82.96282809524429]}}, {"id": "805", "type": "Feature", "properties": {"geotechnicalSoilCode": "NBE", "geotechnicalSoilName": "niet gedefinieerd", "remarks": "1) light gray-brown 2) KAS 3) sterk gespleten met harde zones ", "soilDistribution": [0.0, 0.0, 0.0, 0.0, 0.0, 0.0], "location_uid": "B61F3315 Maastricht A2 tunnel"}, "geometry": {"type": "Point", "coordinates": [5.716886651497529, 50.84177197077784, 82.96282809524429]}}, {"id": "806", "type": "Feature", "properties": {"geotechnicalSoilCode": "NBE", "geotechnicalSoilName": "niet gedefinieerd", "remarks": "1) light gray-brown 2) KAS 3) sterk gespleten met harde zones met vuursteen stukken ", "soilDistribution": [0.0, 0.0, 0.0, 0.0, 0.0, 0.0], "location_uid": "B61F3315 Maastricht A2 tunnel"}, "geometry": {"type": "Point", "coordinates": [5.716886651497529, 50.84177197077784, 82.96282809524429]}}, {"id": "807", "type": "Feature", "properties": {"geotechnicalSoilCode": "NBE", "geotechnicalSoilName": "niet gedefinieerd", "remarks": "1) light gray-brown 2) KAS 3) sterk gespleten met harde zones ", "soilDistribution": [0.0, 0.0, 0.0, 0.0, 0.0, 0.0], "location_uid": "B61F3315 Maastricht A2 tunnel"}, "geometry": {"type": "Point", "coordinates": [5.716886651497529, 50.84177197077784, 82.96282809524429]}}, {"id": "808", "type": "Feature", "properties": {"geotechnicalSoilCode": "NBE", "geotechnicalSoilName": "niet gedefinieerd", "remarks": "1) light gray-brown 2) KAS 3) sterk gespleten met harde zones met vuursteen stukken ", "soilDistribution": [0.0, 0.0, 0.0, 0.0, 0.0, 0.0], "location_uid": "B61F3315 Maastricht A2 tunnel"}, "geometry": {"type": "Point", "coordinates": [5.716886651497529, 50.84177197077784, 82.96282809524429]}}, {"id": "809", "type": "Feature", "properties": {"geotechnicalSoilCode": "NBE", "geotechnicalSoilName": "niet gedefinieerd", "remarks": "1) light gray-brown 2) KAS 3) sterk gespleten met harde zones ", "soilDistribution": [0.0, 0.0, 0.0, 0.0, 0.0, 0.0], "location_uid": "B61F3315 Maastricht A2 tunnel"}, "geometry": {"type": "Point", "coordinates": [5.716886651497529, 50.84177197077784, 82.96282809524429]}}, {"id": "810", "type": "Feature", "properties": {"geotechnicalSoilCode": "NBE", "geotechnicalSoilName": "niet gedefinieerd", "remarks": "1) light gray-brown 2) KAS 3) sterk gespleten met harde zones met vuursteen stukken ", "soilDistribution": [0.0, 0.0, 0.0, 0.0, 0.0, 0.0], "location_uid": "B61F3315 Maastricht A2 tunnel"}, "geometry": {"type": "Point", "coordinates": [5.716886651497529, 50.84177197077784, 82.96282809524429]}}, {"id": "811", "type": "Feature", "properties": {"geotechnicalSoilCode": "NBE", "geotechnicalSoilName": "niet gedefinieerd", "remarks": "1) light gray-brown 2) KAS 3) sterk gespleten met harde zones ", "soilDistribution": [0.0, 0.0, 0.0, 0.0, 0.0, 0.0], "location_uid": "B61F3315 Maastricht A2 tunnel"}, "geometry": {"type": "Point", "coordinates": [5.716886651497529, 50.84177197077784, 82.96282809524429]}}, {"id": "812", "type": "Feature", "properties": {"geotechnicalSoilCode": "NBE", "geotechnicalSoilName": "niet gedefinieerd", "remarks": "1) light gray-brown 2) KAS 3) sterk gespleten met harde zones met vuursteen stukken ", "soilDistribution": [0.0, 0.0, 0.0, 0.0, 0.0, 0.0], "location_uid": "B61F3315 Maastricht A2 tunnel"}, "geometry": {"type": "Point", "coordinates": [5.716886651497529, 50.84177197077784, 82.96282809524429]}}, {"id": "813", "type": "Feature", "properties": {"geotechnicalSoilCode": "NBE", "geotechnicalSoilName": "niet gedefinieerd", "remarks": "1) light gray-brown 2) KAS 3) sterk gespleten met harde zones ", "soilDistribution": [0.0, 0.0, 0.0, 0.0, 0.0, 0.0], "location_uid": "B61F3315 Maastricht A2 tunnel"}, "geometry": {"type": "Point", "coordinates": [5.716886651497529, 50.84177197077784, 82.96282809524429]}}, {"id": "814", "type": "Feature", "properties": {"geotechnicalSoilCode": "NBE", "geotechnicalSoilName": "niet gedefinieerd", "remarks": "1) light gray-brown 2) KAS 3) sterk gespleten met harde zones met vuursteen stukken ", "soilDistribution": [0.0, 0.0, 0.0, 0.0, 0.0, 0.0], "location_uid": "B61F3315 Maastricht A2 tunnel"}, "geometry": {"type": "Point", "coordinates": [5.716886651497529, 50.84177197077784, 82.96282809524429]}}, {"id": "815", "type": "Feature", "properties": {"geotechnicalSoilCode": "NBE", "geotechnicalSoilName": "niet gedefinieerd", "remarks": "1) light gray-brown 2) KAS 3) sterk gespleten met harde zones ", "soilDistribution": [0.0, 0.0, 0.0, 0.0, 0.0, 0.0], "location_uid": "B61F3315 Maastricht A2 tunnel"}, "geometry": {"type": "Point", "coordinates": [5.716886651497529, 50.84177197077784, 82.96282809524429]}}, {"id": "816", "type": "Feature", "properties": {"geotechnicalSoilCode": "NBE", "geotechnicalSoilName": "niet gedefinieerd", "remarks": "1) NBE 2) Graszode ", "soilDistribution": [0.0, 0.0, 0.0, 0.0, 0.0, 0.0], "location_uid": "B61F3300 Maastricht A2 tunnel"}, "geometry": {"type": "LineString", "coordinates": [[5.7123965702319826, 50.847285909163006, 93.82493937364009], [5.7123965702319826, 50.847285909163006, 93.72493937364008]]}}, {"id": "817", "type": "Feature", "properties": {"geotechnicalSoilCode": "Lz2g2h2", "geotechnicalSoilName": "zwakZandigSilt", "remarks": "1) Baksteenresten ", "soilDistribution": [0.0, 0.0, 0.2, 0.8, 0.0, 0.0], "location_uid": "B61F3300 Maastricht A2 tunnel"}, "geometry": {"type": "LineString", "coordinates": [[5.7123965702319826, 50.847285909163006, 93.72493937364008], [5.7123965702319826, 50.847285909163006, 93.32493937364009]]}}, {"id": "818", "type": "Feature", "properties": {"geotechnicalSoilCode": "Lz2g2", "geotechnicalSoilName": "zwakZandigSilt", "remarks": "1) Plaatselijk grind ", "soilDistribution": [0.0, 0.0, 0.2, 0.8, 0.0, 0.0], "location_uid": "B61F3300 Maastricht A2 tunnel"}, "geometry": {"type": "LineString", "coordinates": [[5.7123965702319826, 50.847285909163006, 93.32493937364009], [5.7123965702319826, 50.847285909163006, 92.82493937364009]]}}, {"id": "819", "type": "Feature", "properties": {"geotechnicalSoilCode": "Lz2", "geotechnicalSoilName": "zwakZandigSilt", "remarks": "1) ZFC 2) Plaatselijk wortelresten ", "soilDistribution": [0.0, 0.0, 0.2, 0.8, 0.0, 0.0], "location_uid": "B61F3300 Maastricht A2 tunnel"}, "geometry": {"type": "LineString", "coordinates": [[5.7123965702319826, 50.847285909163006, 92.82493937364009], [5.7123965702319826, 50.847285909163006, 91.92493937364009]]}}, {"id": "820", "type": "Feature", "properties": {"geotechnicalSoilCode": "Lz2", "geotechnicalSoilName": "zwakZandigSilt", "remarks": "1) As plaatselijk baksteenresten ", "soilDistribution": [0.0, 0.0, 0.2, 0.8, 0.0, 0.0], "location_uid": "B61F3300 Maastricht A2 tunnel"}, "geometry": {"type": "LineString", "coordinates": [[5.7123965702319826, 50.847285909163006, 91.92493937364009], [5.7123965702319826, 50.847285909163006, 91.02493937364008]]}}, {"id": "821", "type": "Feature", "properties": {"geotechnicalSoilCode": "Lz3", "geotechnicalSoilName": "sterkZandigSilt", "remarks": "1) gray-brown 2) leem matig slap ", "soilDistribution": [0.0, 0.0, 0.4, 0.6, 0.0, 0.0], "location_uid": "B61F3300 Maastricht A2 tunnel"}, "geometry": {"type": "LineString", "coordinates": [[5.7123965702319826, 50.847285909163006, 91.02493937364008], [5.7123965702319826, 50.847285909163006, 90.82493937364009]]}}, {"id": "822", "type": "Feature", "properties": {"geotechnicalSoilCode": "Lz3", "geotechnicalSoilName": "sterkZandigSilt", "remarks": "1) gray-brown 2) leem matig slap ", "soilDistribution": [0.0, 0.0, 0.4, 0.6, 0.0, 0.0], "location_uid": "B61F3300 Maastricht A2 tunnel"}, "geometry": {"type": "LineString", "coordinates": [[5.7123965702319826, 50.847285909163006, 90.82493937364009], [5.7123965702319826, 50.847285909163006, 90.52493937364008]]}}, {"id": "823", "type": "Feature", "properties": {"geotechnicalSoilCode": "Zs3g2", "geotechnicalSoilName": "sterkZandigSilt", "remarks": "1) matig fijn 2) Plaatselijk grind ", "soilDistribution": [0.0, 0.0, 0.4, 0.6, 0.0, 0.0], "location_uid": "B61F3300 Maastricht A2 tunnel"}, "geometry": {"type": "LineString", "coordinates": [[5.7123965702319826, 50.847285909163006, 90.52493937364008], [5.7123965702319826, 50.847285909163006, 90.02493937364008]]}}, {"id": "824", "type": "Feature", "properties": {"geotechnicalSoilCode": "Gz2s1", "geotechnicalSoilName": "siltigGrind", "remarks": "", "soilDistribution": [0.0, 0.7, 0.0, 0.3, 0.0, 0.0], "location_uid": "B61F3300 Maastricht A2 tunnel"}, "geometry": {"type": "LineString", "coordinates": [[5.7123965702319826, 50.847285909163006, 90.02493937364008], [5.7123965702319826, 50.847285909163006, 89.82493937364009]]}}, {"id": "825", "type": "Feature", "properties": {"geotechnicalSoilCode": "Gz4s2", "geotechnicalSoilName": "siltigGrind", "remarks": "", "soilDistribution": [0.0, 0.7, 0.0, 0.3, 0.0, 0.0], "location_uid": "B61F3300 Maastricht A2 tunnel"}, "geometry": {"type": "LineString", "coordinates": [[5.7123965702319826, 50.847285909163006, 89.82493937364009], [5.7123965702319826, 50.847285909163006, 89.62493937364007]]}}, {"id": "826", "type": "Feature", "properties": {"geotechnicalSoilCode": "Gz2s1", "geotechnicalSoilName": "siltigGrind", "remarks": "", "soilDistribution": [0.0, 0.7, 0.0, 0.3, 0.0, 0.0], "location_uid": "B61F3300 Maastricht A2 tunnel"}, "geometry": {"type": "LineString", "coordinates": [[5.7123965702319826, 50.847285909163006, 89.62493937364007], [5.7123965702319826, 50.847285909163006, 89.02493937364008]]}}, {"id": "827", "type": "Feature", "properties": {"geotechnicalSoilCode": "G", "geotechnicalSoilName": "siltigGrind", "remarks": "", "soilDistribution": [0.0, 0.7, 0.0, 0.3, 0.0, 0.0], "location_uid": "B61F3300 Maastricht A2 tunnel"}, "geometry": {"type": "LineString", "coordinates": [[5.7123965702319826, 50.847285909163006, 89.02493937364008], [5.7123965702319826, 50.847285909163006, 88.82493937364009]]}}, {"id": "828", "type": "Feature", "properties": {"geotechnicalSoilCode": "Gz2s1", "geotechnicalSoilName": "siltigGrind", "remarks": "", "soilDistribution": [0.0, 0.7, 0.0, 0.3, 0.0, 0.0], "location_uid": "B61F3300 Maastricht A2 tunnel"}, "geometry": {"type": "LineString", "coordinates": [[5.7123965702319826, 50.847285909163006, 88.82493937364009], [5.7123965702319826, 50.847285909163006, 88.32493937364009]]}}, {"id": "829", "type": "Feature", "properties": {"geotechnicalSoilCode": "Zs3", "geotechnicalSoilName": "sterkZandigSilt", "remarks": "1) matig fijn 2) kalkarm ", "soilDistribution": [0.0, 0.0, 0.4, 0.6, 0.0, 0.0], "location_uid": "B61F3300 Maastricht A2 tunnel"}, "geometry": {"type": "LineString", "coordinates": [[5.7123965702319826, 50.847285909163006, 88.32493937364009], [5.7123965702319826, 50.847285909163006, 88.27493937364008]]}}, {"id": "830", "type": "Feature", "properties": {"geotechnicalSoilCode": "Zs1g1", "geotechnicalSoilName": "zwakZandigSilt", "remarks": "1) matig grof 2) kalkarm ", "soilDistribution": [0.0, 0.0, 0.2, 0.8, 0.0, 0.0], "location_uid": "B61F3300 Maastricht A2 tunnel"}, "geometry": {"type": "LineString", "coordinates": [[5.7123965702319826, 50.847285909163006, 88.27493937364008], [5.7123965702319826, 50.847285909163006, 87.92493937364009]]}}, {"id": "831", "type": "Feature", "properties": {"geotechnicalSoilCode": "Gz3s1", "geotechnicalSoilName": "siltigGrind", "remarks": "1) kalkarm ", "soilDistribution": [0.0, 0.7, 0.0, 0.3, 0.0, 0.0], "location_uid": "B61F3300 Maastricht A2 tunnel"}, "geometry": {"type": "LineString", "coordinates": [[5.7123965702319826, 50.847285909163006, 87.92493937364009], [5.7123965702319826, 50.847285909163006, 87.82493937364009]]}}, {"id": "832", "type": "Feature", "properties": {"geotechnicalSoilCode": "Zs1g1", "geotechnicalSoilName": "zwakZandigSilt", "remarks": "1) matig grof 2) kalkarm ", "soilDistribution": [0.0, 0.0, 0.2, 0.8, 0.0, 0.0], "location_uid": "B61F3300 Maastricht A2 tunnel"}, "geometry": {"type": "LineString", "coordinates": [[5.7123965702319826, 50.847285909163006, 87.82493937364009], [5.7123965702319826, 50.847285909163006, 87.42493937364009]]}}, {"id": "833", "type": "Feature", "properties": {"geotechnicalSoilCode": "Gz3s1", "geotechnicalSoilName": "siltigGrind", "remarks": "1) kalkarm 2) Gedeeltelijk stenen ", "soilDistribution": [0.0, 0.7, 0.0, 0.3, 0.0, 0.0], "location_uid": "B61F3300 Maastricht A2 tunnel"}, "geometry": {"type": "LineString", "coordinates": [[5.7123965702319826, 50.847285909163006, 87.42493937364009], [5.7123965702319826, 50.847285909163006, 87.07493937364009]]}}, {"id": "834", "type": "Feature", "properties": {"geotechnicalSoilCode": "Gz2s1", "geotechnicalSoilName": "siltigGrind", "remarks": "1) kalkarm 2) Gedeeltelijk stenen ", "soilDistribution": [0.0, 0.7, 0.0, 0.3, 0.0, 0.0], "location_uid": "B61F3300 Maastricht A2 tunnel"}, "geometry": {"type": "LineString", "coordinates": [[5.7123965702319826, 50.847285909163006, 87.07493937364009], [5.7123965702319826, 50.847285909163006, 85.62493937364007]]}}, {"id": "835", "type": "Feature", "properties": {"geotechnicalSoilCode": "Gz2s1", "geotechnicalSoilName": "siltigGrind", "remarks": "1) kalkarm ", "soilDistribution": [0.0, 0.7, 0.0, 0.3, 0.0, 0.0], "location_uid": "B61F3300 Maastricht A2 tunnel"}, "geometry": {"type": "LineString", "coordinates": [[5.7123965702319826, 50.847285909163006, 85.62493937364007], [5.7123965702319826, 50.847285909163006, 84.82493937364009]]}}, {"id": "836", "type": "Feature", "properties": {"geotechnicalSoilCode": "Zs1g1", "geotechnicalSoilName": "zwakZandigSilt", "remarks": "1) matig grof 2) kalkarm ", "soilDistribution": [0.0, 0.0, 0.2, 0.8, 0.0, 0.0], "location_uid": "B61F3300 Maastricht A2 tunnel"}, "geometry": {"type": "LineString", "coordinates": [[5.7123965702319826, 50.847285909163006, 84.82493937364009], [5.7123965702319826, 50.847285909163006, 84.7249393736401]]}}, {"id": "837", "type": "Feature", "properties": {"geotechnicalSoilCode": "Gz2s1", "geotechnicalSoilName": "siltigGrind", "remarks": "1) kalkarm ", "soilDistribution": [0.0, 0.7, 0.0, 0.3, 0.0, 0.0], "location_uid": "B61F3300 Maastricht A2 tunnel"}, "geometry": {"type": "LineString", "coordinates": [[5.7123965702319826, 50.847285909163006, 84.7249393736401], [5.7123965702319826, 50.847285909163006, 83.82493937364009]]}}, {"id": "838", "type": "Feature", "properties": {"geotechnicalSoilCode": "Zs1g2", "geotechnicalSoilName": "zwakZandigSilt", "remarks": "1) kalkarm 2) Plaatselijk grind ", "soilDistribution": [0.0, 0.0, 0.2, 0.8, 0.0, 0.0], "location_uid": "B61F3300 Maastricht A2 tunnel"}, "geometry": {"type": "LineString", "coordinates": [[5.7123965702319826, 50.847285909163006, 83.82493937364009], [5.7123965702319826, 50.847285909163006, 83.67493937364009]]}}, {"id": "839", "type": "Feature", "properties": {"geotechnicalSoilCode": "Gz2s1", "geotechnicalSoilName": "siltigGrind", "remarks": "1) kalkarm ", "soilDistribution": [0.0, 0.7, 0.0, 0.3, 0.0, 0.0], "location_uid": "B61F3300 Maastricht A2 tunnel"}, "geometry": {"type": "LineString", "coordinates": [[5.7123965702319826, 50.847285909163006, 83.67493937364009], [5.7123965702319826, 50.847285909163006, 83.32493937364009]]}}, {"id": "840", "type": "Feature", "properties": {"geotechnicalSoilCode": "Gz2s1", "geotechnicalSoilName": "siltigGrind", "remarks": "1) kalkarm ", "soilDistribution": [0.0, 0.7, 0.0, 0.3, 0.0, 0.0], "location_uid": "B61F3300 Maastricht A2 tunnel"}, "geometry": {"type": "LineString", "coordinates": [[5.7123965702319826, 50.847285909163006, 83.32493937364009], [5.7123965702319826, 50.847285909163006, 83.12493937364007]]}}, {"id": "841", "type": "Feature", "properties": {"geotechnicalSoilCode": "NBE", "geotechnicalSoilName": "niet gedefinieerd", "remarks": "1) brown 2) KAS 3) sterk gespleten bruin verkleurd ", "soilDistribution": [0.0, 0.0, 0.0, 0.0, 0.0, 0.0], "location_uid": "B61F3300 Maastricht A2 tunnel"}, "geometry": {"type": "LineString", "coordinates": [[5.7123965702319826, 50.847285909163006, 83.12493937364007], [5.7123965702319826, 50.847285909163006, 83.02493937364008]]}}, {"id": "842", "type": "Feature", "properties": {"geotechnicalSoilCode": "NBE", "geotechnicalSoilName": "niet gedefinieerd", "remarks": "1) light gray-brown 2) KAS 3) sterk gespleten lagen van grijze vuursteen ", "soilDistribution": [0.0, 0.0, 0.0, 0.0, 0.0, 0.0], "location_uid": "B61F3300 Maastricht A2 tunnel"}, "geometry": {"type": "LineString", "coordinates": [[5.7123965702319826, 50.847285909163006, 83.02493937364008], [5.7123965702319826, 50.847285909163006, 82.92493937364009]]}}, {"id": "843", "type": "Feature", "properties": {"geotechnicalSoilCode": "NBE", "geotechnicalSoilName": "niet gedefinieerd", "remarks": "1) light gray-brown 2) KAS 3) sterk gespleten lagen van grijze vuursteen op 1110m ", "soilDistribution": [0.0, 0.0, 0.0, 0.0, 0.0, 0.0], "location_uid": "B61F3300 Maastricht A2 tunnel"}, "geometry": {"type": "LineString", "coordinates": [[5.7123965702319826, 50.847285909163006, 82.92493937364009], [5.7123965702319826, 50.847285909163006, 82.52493937364008]]}}, {"id": "844", "type": "Feature", "properties": {"geotechnicalSoilCode": "NBE", "geotechnicalSoilName": "niet gedefinieerd", "remarks": "1) light gray-brown 2) KAS 3) sterk gespleten lagen van grijze vuursteen ", "soilDistribution": [0.0, 0.0, 0.0, 0.0, 0.0, 0.0], "location_uid": "B61F3300 Maastricht A2 tunnel"}, "geometry": {"type": "LineString", "coordinates": [[5.7123965702319826, 50.847285909163006, 82.52493937364008], [5.7123965702319826, 50.847285909163006, 82.47493937364008]]}}, {"id": "845", "type": "Feature", "properties": {"geotechnicalSoilCode": "NBE", "geotechnicalSoilName": "niet gedefinieerd", "remarks": "1) light gray-brown 2) KAS 3) sterk gespleten ", "soilDistribution": [0.0, 0.0, 0.0, 0.0, 0.0, 0.0], "location_uid": "B61F3300 Maastricht A2 tunnel"}, "geometry": {"type": "LineString", "coordinates": [[5.7123965702319826, 50.847285909163006, 82.47493937364008], [5.7123965702319826, 50.847285909163006, 81.82493937364009]]}}, {"id": "846", "type": "Feature", "properties": {"geotechnicalSoilCode": "NBE", "geotechnicalSoilName": "niet gedefinieerd", "remarks": "1) KAS ", "soilDistribution": [0.0, 0.0, 0.0, 0.0, 0.0, 0.0], "location_uid": "B61F3300 Maastricht A2 tunnel"}, "geometry": {"type": "LineString", "coordinates": [[5.7123965702319826, 50.847285909163006, 81.82493937364009], [5.7123965702319826, 50.847285909163006, 81.62493937364007]]}}, {"id": "847", "type": "Feature", "properties": {"geotechnicalSoilCode": "NBE", "geotechnicalSoilName": "niet gedefinieerd", "remarks": "1) light gray-brown 2) KAS 3) Verweerd sterk gespleten lagen van grijze vuursteen op 1220m ", "soilDistribution": [0.0, 0.0, 0.0, 0.0, 0.0, 0.0], "location_uid": "B61F3300 Maastricht A2 tunnel"}, "geometry": {"type": "LineString", "coordinates": [[5.7123965702319826, 50.847285909163006, 81.62493937364007], [5.7123965702319826, 50.847285909163006, 81.32493937364009]]}}, {"id": "848", "type": "Feature", "properties": {"geotechnicalSoilCode": "NBE", "geotechnicalSoilName": "niet gedefinieerd", "remarks": "1) light gray-brown 2) KAS 3) Verweerd sterk gespleten lagen van grijze vuursteen ", "soilDistribution": [0.0, 0.0, 0.0, 0.0, 0.0, 0.0], "location_uid": "B61F3300 Maastricht A2 tunnel"}, "geometry": {"type": "LineString", "coordinates": [[5.7123965702319826, 50.847285909163006, 81.32493937364009], [5.7123965702319826, 50.847285909163006, 81.22493937364008]]}}, {"id": "849", "type": "Feature", "properties": {"geotechnicalSoilCode": "NBE", "geotechnicalSoilName": "niet gedefinieerd", "remarks": "1) light gray 2) KAS 3) Verweerd sterk gespleten ", "soilDistribution": [0.0, 0.0, 0.0, 0.0, 0.0, 0.0], "location_uid": "B61F3300 Maastricht A2 tunnel"}, "geometry": {"type": "LineString", "coordinates": [[5.7123965702319826, 50.847285909163006, 81.22493937364008], [5.7123965702319826, 50.847285909163006, 81.02493937364008]]}}, {"id": "850", "type": "Feature", "properties": {"geotechnicalSoilCode": "NBE", "geotechnicalSoilName": "niet gedefinieerd", "remarks": "1) light gray 2) KAS 3) Verweerd sterk gespleten lagen van grijze vuursteen ", "soilDistribution": [0.0, 0.0, 0.0, 0.0, 0.0, 0.0], "location_uid": "B61F3300 Maastricht A2 tunnel"}, "geometry": {"type": "LineString", "coordinates": [[5.7123965702319826, 50.847285909163006, 81.02493937364008], [5.7123965702319826, 50.847285909163006, 80.92493937364009]]}}, {"id": "851", "type": "Feature", "properties": {"geotechnicalSoilCode": "NBE", "geotechnicalSoilName": "niet gedefinieerd", "remarks": "1) light gray 2) KAS 3) Verweerd sterk gespleten lagen van grijze vuursteen op 1330m ", "soilDistribution": [0.0, 0.0, 0.0, 0.0, 0.0, 0.0], "location_uid": "B61F3300 Maastricht A2 tunnel"}, "geometry": {"type": "LineString", "coordinates": [[5.7123965702319826, 50.847285909163006, 80.92493937364009], [5.7123965702319826, 50.847285909163006, 80.32493937364009]]}}, {"id": "852", "type": "Feature", "properties": {"geotechnicalSoilCode": "NBE", "geotechnicalSoilName": "niet gedefinieerd", "remarks": "1) light gray 2) KAS 3) Verweerd sterk gespleten lagen van grijze vuursteen ", "soilDistribution": [0.0, 0.0, 0.0, 0.0, 0.0, 0.0], "location_uid": "B61F3300 Maastricht A2 tunnel"}, "geometry": {"type": "LineString", "coordinates": [[5.7123965702319826, 50.847285909163006, 80.32493937364009], [5.7123965702319826, 50.847285909163006, 80.22493937364008]]}}, {"id": "853", "type": "Feature", "properties": {"geotechnicalSoilCode": "NBE", "geotechnicalSoilName": "niet gedefinieerd", "remarks": "1) light gray 2) KAS 3) Verweerd sterk gespleten ", "soilDistribution": [0.0, 0.0, 0.0, 0.0, 0.0, 0.0], "location_uid": "B61F3300 Maastricht A2 tunnel"}, "geometry": {"type": "LineString", "coordinates": [[5.7123965702319826, 50.847285909163006, 80.22493937364008], [5.7123965702319826, 50.847285909163006, 79.82493937364009]]}}, {"id": "854", "type": "Feature", "properties": {"geotechnicalSoilCode": "NBE", "geotechnicalSoilName": "niet gedefinieerd", "remarks": "1) light gray 2) KAS 3) Verweerd sterk gespleten lagen van grijze vuursteen ", "soilDistribution": [0.0, 0.0, 0.0, 0.0, 0.0, 0.0], "location_uid": "B61F3300 Maastricht A2 tunnel"}, "geometry": {"type": "LineString", "coordinates": [[5.7123965702319826, 50.847285909163006, 79.82493937364009], [5.7123965702319826, 50.847285909163006, 79.62493937364007]]}}, {"id": "855", "type": "Feature", "properties": {"geotechnicalSoilCode": "NBE", "geotechnicalSoilName": "niet gedefinieerd", "remarks": "1) light gray 2) KAS 3) Verweerd sterk gespleten lagen van grijze vuursteen op 1440m en 1470m ", "soilDistribution": [0.0, 0.0, 0.0, 0.0, 0.0, 0.0], "location_uid": "B61F3300 Maastricht A2 tunnel"}, "geometry": {"type": "LineString", "coordinates": [[5.7123965702319826, 50.847285909163006, 79.62493937364007], [5.7123965702319826, 50.847285909163006, 78.67493937364009]]}}, {"id": "856", "type": "Feature", "properties": {"geotechnicalSoilCode": "NBE", "geotechnicalSoilName": "niet gedefinieerd", "remarks": "1) light gray 2) KAS 3) Verweerd sterk gespleten lagen van grijze vuursteen ", "soilDistribution": [0.0, 0.0, 0.0, 0.0, 0.0, 0.0], "location_uid": "B61F3300 Maastricht A2 tunnel"}, "geometry": {"type": "LineString", "coordinates": [[5.7123965702319826, 50.847285909163006, 78.67493937364009], [5.7123965702319826, 50.847285909163006, 78.62493937364007]]}}, {"id": "857", "type": "Feature", "properties": {"geotechnicalSoilCode": "NBE", "geotechnicalSoilName": "niet gedefinieerd", "remarks": "1) light gray 2) KAS 3) Verweerd sterk gespleten lagen van grijze vuursteen op 1530m en 1595 m ", "soilDistribution": [0.0, 0.0, 0.0, 0.0, 0.0, 0.0], "location_uid": "B61F3300 Maastricht A2 tunnel"}, "geometry": {"type": "LineString", "coordinates": [[5.7123965702319826, 50.847285909163006, 78.62493937364007], [5.7123965702319826, 50.847285909163006, 77.62493937364009]]}}, {"id": "858", "type": "Feature", "properties": {"geotechnicalSoilCode": "NBE", "geotechnicalSoilName": "niet gedefinieerd", "remarks": "1) KAS 2) Plaatselijk verweerde zones sterk gespleten ", "soilDistribution": [0.0, 0.0, 0.0, 0.0, 0.0, 0.0], "location_uid": "B61F3300 Maastricht A2 tunnel"}, "geometry": {"type": "LineString", "coordinates": [[5.7123965702319826, 50.847285909163006, 77.62493937364009], [5.7123965702319826, 50.847285909163006, 76.72493937364008]]}}, {"id": "859", "type": "Feature", "properties": {"geotechnicalSoilCode": "NBE", "geotechnicalSoilName": "niet gedefinieerd", "remarks": "1) KAS 2) Plaatselijk verweerde zones sterk gespleten lagen van grijze vuursteen ", "soilDistribution": [0.0, 0.0, 0.0, 0.0, 0.0, 0.0], "location_uid": "B61F3300 Maastricht A2 tunnel"}, "geometry": {"type": "LineString", "coordinates": [[5.7123965702319826, 50.847285909163006, 76.72493937364008], [5.7123965702319826, 50.847285909163006, 76.67493937364009]]}}, {"id": "860", "type": "Feature", "properties": {"geotechnicalSoilCode": "NBE", "geotechnicalSoilName": "niet gedefinieerd", "remarks": "1) KAS 2) Plaatselijk verweerde zones sterk gespleten lagen van grijze vuursteen op 1735m ", "soilDistribution": [0.0, 0.0, 0.0, 0.0, 0.0, 0.0], "location_uid": "B61F3300 Maastricht A2 tunnel"}, "geometry": {"type": "LineString", "coordinates": [[5.7123965702319826, 50.847285909163006, 76.67493937364009], [5.7123965702319826, 50.847285909163006, 76.22493937364008]]}}, {"id": "861", "type": "Feature", "properties": {"geotechnicalSoilCode": "NBE", "geotechnicalSoilName": "niet gedefinieerd", "remarks": "1) KAS 2) Plaatselijk verweerde zones sterk gespleten lagen van grijze vuursteen ", "soilDistribution": [0.0, 0.0, 0.0, 0.0, 0.0, 0.0], "location_uid": "B61F3300 Maastricht A2 tunnel"}, "geometry": {"type": "LineString", "coordinates": [[5.7123965702319826, 50.847285909163006, 76.22493937364008], [5.7123965702319826, 50.847285909163006, 76.12493937364009]]}}, {"id": "862", "type": "Feature", "properties": {"geotechnicalSoilCode": "NBE", "geotechnicalSoilName": "niet gedefinieerd", "remarks": "1) KAS 2) Plaatselijk verweerde zones sterk gespleten lagen van grijze vuursteen op 1820m en 1845m ", "soilDistribution": [0.0, 0.0, 0.0, 0.0, 0.0, 0.0], "location_uid": "B61F3300 Maastricht A2 tunnel"}, "geometry": {"type": "LineString", "coordinates": [[5.7123965702319826, 50.847285909163006, 76.12493937364009], [5.7123965702319826, 50.847285909163006, 75.74493937364008]]}}, {"id": "863", "type": "Feature", "properties": {"geotechnicalSoilCode": "NBE", "geotechnicalSoilName": "niet gedefinieerd", "remarks": "1) KAS 2) Plaatselijk verweerde zones sterk gespleten lagen van grijze vuursteen ", "soilDistribution": [0.0, 0.0, 0.0, 0.0, 0.0, 0.0], "location_uid": "B61F3300 Maastricht A2 tunnel"}, "geometry": {"type": "Point", "coordinates": [5.7123965702319826, 50.847285909163006, 75.74493937364008]}}, {"id": "864", "type": "Feature", "properties": {"geotechnicalSoilCode": "NBE", "geotechnicalSoilName": "niet gedefinieerd", "remarks": "1) KAS 2) Plaatselijk verweerde zones sterk gespleten ", "soilDistribution": [0.0, 0.0, 0.0, 0.0, 0.0, 0.0], "location_uid": "B61F3300 Maastricht A2 tunnel"}, "geometry": {"type": "Point", "coordinates": [5.7123965702319826, 50.847285909163006, 75.74493937364008]}}, {"id": "865", "type": "Feature", "properties": {"geotechnicalSoilCode": "NBE", "geotechnicalSoilName": "niet gedefinieerd", "remarks": "1) KAS 2) Plaatselijk verweerde zones sterk gespleten lagen van grijze vuursteen ", "soilDistribution": [0.0, 0.0, 0.0, 0.0, 0.0, 0.0], "location_uid": "B61F3300 Maastricht A2 tunnel"}, "geometry": {"type": "Point", "coordinates": [5.7123965702319826, 50.847285909163006, 75.74493937364008]}}, {"id": "866", "type": "Feature", "properties": {"geotechnicalSoilCode": "NBE", "geotechnicalSoilName": "niet gedefinieerd", "remarks": "1) KAS 2) Plaatselijk verweerde zones sterk gespleten ", "soilDistribution": [0.0, 0.0, 0.0, 0.0, 0.0, 0.0], "location_uid": "B61F3300 Maastricht A2 tunnel"}, "geometry": {"type": "Point", "coordinates": [5.7123965702319826, 50.847285909163006, 75.74493937364008]}}, {"id": "867", "type": "Feature", "properties": {"geotechnicalSoilCode": "NBE", "geotechnicalSoilName": "niet gedefinieerd", "remarks": "1) gray 2) KAS 3) Sterk gespleten plaatselijk lagen van grijze vuursteen op 2090m 2225m en 2430m ", "soilDistribution": [0.0, 0.0, 0.0, 0.0, 0.0, 0.0], "location_uid": "B61F3300 Maastricht A2 tunnel"}, "geometry": {"type": "Point", "coordinates": [5.7123965702319826, 50.847285909163006, 75.74493937364008]}}, {"id": "868", "type": "Feature", "properties": {"geotechnicalSoilCode": "NBE", "geotechnicalSoilName": "niet gedefinieerd", "remarks": "1) gray 2) KAS 3) Sterk gespleten plaatselijk lagen van grijze vuursteen ", "soilDistribution": [0.0, 0.0, 0.0, 0.0, 0.0, 0.0], "location_uid": "B61F3300 Maastricht A2 tunnel"}, "geometry": {"type": "Point", "coordinates": [5.7123965702319826, 50.847285909163006, 75.74493937364008]}}, {"id": "869", "type": "Feature", "properties": {"geotechnicalSoilCode": "NBE", "geotechnicalSoilName": "niet gedefinieerd", "remarks": "1) gray 2) KAS 3) Sterk gespleten plaatselijk lagen van grijze vuursteen op 2665m ", "soilDistribution": [0.0, 0.0, 0.0, 0.0, 0.0, 0.0], "location_uid": "B61F3300 Maastricht A2 tunnel"}, "geometry": {"type": "Point", "coordinates": [5.7123965702319826, 50.847285909163006, 75.74493937364008]}}, {"id": "870", "type": "Feature", "properties": {"geotechnicalSoilCode": "NBE", "geotechnicalSoilName": "niet gedefinieerd", "remarks": "1) gray 2) KAS 3) Sterk gespleten groene lagen ", "soilDistribution": [0.0, 0.0, 0.0, 0.0, 0.0, 0.0], "location_uid": "B61F3300 Maastricht A2 tunnel"}, "geometry": {"type": "Point", "coordinates": [5.7123965702319826, 50.847285909163006, 75.74493937364008]}}, {"id": "871", "type": "Feature", "properties": {"geotechnicalSoilCode": "NBE", "geotechnicalSoilName": "niet gedefinieerd", "remarks": "1) light gray 2) KAS 3) sterk gespleten plaatselijk lagen van grijze vuursteen ", "soilDistribution": [0.0, 0.0, 0.0, 0.0, 0.0, 0.0], "location_uid": "B61F3300 Maastricht A2 tunnel"}, "geometry": {"type": "Point", "coordinates": [5.7123965702319826, 50.847285909163006, 75.74493937364008]}}, {"id": "872", "type": "Feature", "properties": {"geotechnicalSoilCode": "NBE", "geotechnicalSoilName": "niet gedefinieerd", "remarks": "1) KAS ", "soilDistribution": [0.0, 0.0, 0.0, 0.0, 0.0, 0.0], "location_uid": "B61F3300 Maastricht A2 tunnel"}, "geometry": {"type": "Point", "coordinates": [5.7123965702319826, 50.847285909163006, 75.74493937364008]}}, {"id": "873", "type": "Feature", "properties": {"geotechnicalSoilCode": "NBE", "geotechnicalSoilName": "niet gedefinieerd", "remarks": "1) KAS 2) sterk gespleten ", "soilDistribution": [0.0, 0.0, 0.0, 0.0, 0.0, 0.0], "location_uid": "B61F3300 Maastricht A2 tunnel"}, "geometry": {"type": "Point", "coordinates": [5.7123965702319826, 50.847285909163006, 75.74493937364008]}}, {"id": "874", "type": "Feature", "properties": {"geotechnicalSoilCode": "NBE", "geotechnicalSoilName": "niet gedefinieerd", "remarks": "1) KAS 2) sterk gespleten lagen van grijze vuursteen ", "soilDistribution": [0.0, 0.0, 0.0, 0.0, 0.0, 0.0], "location_uid": "B61F3300 Maastricht A2 tunnel"}, "geometry": {"type": "Point", "coordinates": [5.7123965702319826, 50.847285909163006, 75.74493937364008]}}, {"id": "875", "type": "Feature", "properties": {"geotechnicalSoilCode": "NBE", "geotechnicalSoilName": "niet gedefinieerd", "remarks": "1) KAS 2) sterk gespleten ", "soilDistribution": [0.0, 0.0, 0.0, 0.0, 0.0, 0.0], "location_uid": "B61F3300 Maastricht A2 tunnel"}, "geometry": {"type": "Point", "coordinates": [5.7123965702319826, 50.847285909163006, 75.74493937364008]}}, {"id": "876", "type": "Feature", "properties": {"geotechnicalSoilCode": "NBE", "geotechnicalSoilName": "niet gedefinieerd", "remarks": "1) KAS 2) sterk gespleten lagen van grijze vuursteen ", "soilDistribution": [0.0, 0.0, 0.0, 0.0, 0.0, 0.0], "location_uid": "B61F3300 Maastricht A2 tunnel"}, "geometry": {"type": "Point", "coordinates": [5.7123965702319826, 50.847285909163006, 75.74493937364008]}}, {"id": "877", "type": "Feature", "properties": {"geotechnicalSoilCode": "NBE", "geotechnicalSoilName": "niet gedefinieerd", "remarks": "1) KAS 2) sterk gespleten ", "soilDistribution": [0.0, 0.0, 0.0, 0.0, 0.0, 0.0], "location_uid": "B61F3300 Maastricht A2 tunnel"}, "geometry": {"type": "Point", "coordinates": [5.7123965702319826, 50.847285909163006, 75.74493937364008]}}]}